-- MySQL dump 10.13  Distrib 8.0.43, for Linux (x86_64)
--
-- Host: 127.0.0.1    Database: siakad
-- ------------------------------------------------------
-- Server version	8.0.43-0ubuntu0.22.04.1

/*!40101 SET @OLD_CHARACTER_SET_CLIENT=@@CHARACTER_SET_CLIENT */;
/*!40101 SET @OLD_CHARACTER_SET_RESULTS=@@CHARACTER_SET_RESULTS */;
/*!40101 SET @OLD_COLLATION_CONNECTION=@@COLLATION_CONNECTION */;
/*!50503 SET NAMES utf8mb4 */;
/*!40103 SET @OLD_TIME_ZONE=@@TIME_ZONE */;
/*!40103 SET TIME_ZONE='+00:00' */;
/*!40014 SET @OLD_UNIQUE_CHECKS=@@UNIQUE_CHECKS, UNIQUE_CHECKS=0 */;
/*!40014 SET @OLD_FOREIGN_KEY_CHECKS=@@FOREIGN_KEY_CHECKS, FOREIGN_KEY_CHECKS=0 */;
/*!40101 SET @OLD_SQL_MODE=@@SQL_MODE, SQL_MODE='NO_AUTO_VALUE_ON_ZERO' */;
/*!40111 SET @OLD_SQL_NOTES=@@SQL_NOTES, SQL_NOTES=0 */;

--
-- Table structure for table `Tugas`
--

DROP TABLE IF EXISTS `Tugas`;
/*!40101 SET @saved_cs_client     = @@character_set_client */;
/*!50503 SET character_set_client = utf8mb4 */;
CREATE TABLE `Tugas` (
  `id` bigint unsigned NOT NULL AUTO_INCREMENT,
  `mahasiswa_id` bigint unsigned NOT NULL,
  `matkul_id` bigint unsigned NOT NULL,
  `kelas_id` bigint unsigned NOT NULL,
  `jadwal_id` bigint unsigned NOT NULL,
  `tugas_ke` int NOT NULL,
  `nilai` double(8,2) NOT NULL,
  `setuju` tinyint(1) NOT NULL DEFAULT '0',
  `created_at` timestamp NULL DEFAULT NULL,
  `updated_at` timestamp NULL DEFAULT NULL,
  PRIMARY KEY (`id`)
) ENGINE=InnoDB DEFAULT CHARSET=utf8mb4 COLLATE=utf8mb4_unicode_ci;
/*!40101 SET character_set_client = @saved_cs_client */;

--
-- Dumping data for table `Tugas`
--

LOCK TABLES `Tugas` WRITE;
/*!40000 ALTER TABLE `Tugas` DISABLE KEYS */;
/*!40000 ALTER TABLE `Tugas` ENABLE KEYS */;
UNLOCK TABLES;

--
-- Table structure for table `absens`
--

DROP TABLE IF EXISTS `absens`;
/*!40101 SET @saved_cs_client     = @@character_set_client */;
/*!50503 SET character_set_client = utf8mb4 */;
CREATE TABLE `absens` (
  `id` bigint unsigned NOT NULL AUTO_INCREMENT,
  `pertemuan` int NOT NULL,
  `tanggal` date NOT NULL,
  `tahun` varchar(255) COLLATE utf8mb4_unicode_ci NOT NULL,
  `jadwals_id` bigint unsigned NOT NULL,
  `matkuls_id` bigint unsigned NOT NULL,
  `dosens_id` bigint unsigned NOT NULL,
  `prodis_id` bigint unsigned NOT NULL,
  `kelas_id` bigint unsigned NOT NULL,
  `mahasiswas_id` bigint unsigned NOT NULL,
  `status` varchar(255) COLLATE utf8mb4_unicode_ci NOT NULL,
  `setuju_wadir` tinyint(1) NOT NULL DEFAULT '0',
  `setuju_kaprodi` tinyint(1) NOT NULL DEFAULT '0',
  `created_at` timestamp NULL DEFAULT NULL,
  `updated_at` timestamp NULL DEFAULT NULL,
  PRIMARY KEY (`id`)
) ENGINE=InnoDB AUTO_INCREMENT=15 DEFAULT CHARSET=utf8mb4 COLLATE=utf8mb4_unicode_ci;
/*!40101 SET character_set_client = @saved_cs_client */;

--
-- Dumping data for table `absens`
--

LOCK TABLES `absens` WRITE;
/*!40000 ALTER TABLE `absens` DISABLE KEYS */;
INSERT INTO `absens` VALUES (1,1,'2025-03-17','2024/2025',14,28,6,1,4,139,'H',0,0,'2025-03-17 13:25:10','2025-03-17 13:25:10'),(2,1,'2025-03-17','2024/2025',14,28,6,1,4,141,'H',0,0,'2025-03-17 13:25:10','2025-03-17 13:25:10'),(3,1,'2025-03-17','2024/2025',14,28,6,1,4,142,'H',0,0,'2025-03-17 13:25:10','2025-03-17 13:25:10'),(4,1,'2025-03-18','2024/2025',39,16,6,1,2,93,'H',0,0,'2025-03-18 11:28:49','2025-03-18 11:28:49'),(5,1,'2025-03-18','2024/2025',39,16,6,1,2,97,'H',0,0,'2025-03-18 11:28:49','2025-03-18 11:28:49'),(6,1,'2025-03-19','2024/2025',85,21,6,1,2,93,'H',0,0,'2025-03-19 12:36:23','2025-03-19 12:36:23'),(7,1,'2025-03-19','2024/2025',85,21,6,1,2,97,'H',0,0,'2025-03-19 12:36:23','2025-03-19 12:36:23'),(8,1,'2025-03-19','2024/2025',85,21,6,1,2,98,'H',0,0,'2025-03-19 12:36:23','2025-03-19 12:36:23'),(9,1,'2025-03-19','2024/2025',85,21,6,1,2,100,'H',0,0,'2025-03-19 12:36:23','2025-03-19 12:36:23'),(10,1,'2025-03-19','2024/2025',85,21,6,1,2,102,'H',0,0,'2025-03-19 12:36:23','2025-03-19 12:36:23'),(11,1,'2025-03-19','2024/2025',85,21,6,1,2,103,'H',0,0,'2025-03-19 12:36:23','2025-03-19 12:36:23'),(12,1,'2025-03-19','2024/2025',85,21,6,1,2,104,'H',0,0,'2025-03-19 12:36:23','2025-03-19 12:36:23'),(13,1,'2025-03-19','2024/2025',85,21,6,1,2,106,'H',0,0,'2025-03-19 12:36:23','2025-03-19 12:36:23'),(14,1,'2025-03-19','2024/2025',85,21,6,1,2,107,'H',0,0,'2025-03-19 12:36:23','2025-03-19 12:36:23');
/*!40000 ALTER TABLE `absens` ENABLE KEYS */;
UNLOCK TABLES;

--
-- Table structure for table `admin`
--

DROP TABLE IF EXISTS `admin`;
/*!40101 SET @saved_cs_client     = @@character_set_client */;
/*!50503 SET character_set_client = utf8mb4 */;
CREATE TABLE `admin` (
  `id` bigint unsigned NOT NULL AUTO_INCREMENT,
  `nama` varchar(255) COLLATE utf8mb4_unicode_ci NOT NULL,
  `email` varchar(255) COLLATE utf8mb4_unicode_ci NOT NULL,
  `no_telephone` varchar(255) COLLATE utf8mb4_unicode_ci NOT NULL,
  `password` varchar(255) COLLATE utf8mb4_unicode_ci NOT NULL,
  `is_first_login` tinyint(1) NOT NULL DEFAULT '1',
  `created_at` timestamp NULL DEFAULT NULL,
  `updated_at` timestamp NULL DEFAULT NULL,
  PRIMARY KEY (`id`)
) ENGINE=InnoDB AUTO_INCREMENT=2 DEFAULT CHARSET=utf8mb4 COLLATE=utf8mb4_unicode_ci;
/*!40101 SET character_set_client = @saved_cs_client */;

--
-- Dumping data for table `admin`
--

LOCK TABLES `admin` WRITE;
/*!40000 ALTER TABLE `admin` DISABLE KEYS */;
INSERT INTO `admin` VALUES (1,'Admin','admin@email.com','081227106002','$2y$10$FVoytOxvw9N4BBYG8PtmMuRdeORTElyZW8W.hEeXyCwllzT0r1ZS6',0,'2025-02-04 15:38:22','2025-02-04 18:30:26');
/*!40000 ALTER TABLE `admin` ENABLE KEYS */;
UNLOCK TABLES;

--
-- Table structure for table `aktifs`
--

DROP TABLE IF EXISTS `aktifs`;
/*!40101 SET @saved_cs_client     = @@character_set_client */;
/*!50503 SET character_set_client = utf8mb4 */;
CREATE TABLE `aktifs` (
  `id` bigint unsigned NOT NULL AUTO_INCREMENT,
  `mahasiswa_id` bigint unsigned NOT NULL,
  `matkul_id` bigint unsigned NOT NULL,
  `kelas_id` bigint unsigned NOT NULL,
  `jadwal_id` bigint unsigned NOT NULL,
  `nilai` double(8,2) NOT NULL,
  `setuju` tinyint(1) NOT NULL DEFAULT '0',
  `created_at` timestamp NULL DEFAULT NULL,
  `updated_at` timestamp NULL DEFAULT NULL,
  PRIMARY KEY (`id`)
) ENGINE=InnoDB DEFAULT CHARSET=utf8mb4 COLLATE=utf8mb4_unicode_ci;
/*!40101 SET character_set_client = @saved_cs_client */;

--
-- Dumping data for table `aktifs`
--

LOCK TABLES `aktifs` WRITE;
/*!40000 ALTER TABLE `aktifs` DISABLE KEYS */;
/*!40000 ALTER TABLE `aktifs` ENABLE KEYS */;
UNLOCK TABLES;

--
-- Table structure for table `direkturs`
--

DROP TABLE IF EXISTS `direkturs`;
/*!40101 SET @saved_cs_client     = @@character_set_client */;
/*!50503 SET character_set_client = utf8mb4 */;
CREATE TABLE `direkturs` (
  `id` bigint unsigned NOT NULL AUTO_INCREMENT,
  `nama` varchar(255) COLLATE utf8mb4_unicode_ci NOT NULL,
  `no_telephone` varchar(255) COLLATE utf8mb4_unicode_ci NOT NULL,
  `status` int NOT NULL,
  `email` varchar(255) COLLATE utf8mb4_unicode_ci NOT NULL,
  `password` varchar(255) COLLATE utf8mb4_unicode_ci NOT NULL,
  `is_first_login` tinyint(1) NOT NULL DEFAULT '1',
  `created_at` timestamp NULL DEFAULT NULL,
  `updated_at` timestamp NULL DEFAULT NULL,
  `dosens_id` bigint unsigned NOT NULL,
  PRIMARY KEY (`id`),
  KEY `direkturs_dosens_id_foreign` (`dosens_id`),
  CONSTRAINT `direkturs_dosens_id_foreign` FOREIGN KEY (`dosens_id`) REFERENCES `dosens` (`id`) ON DELETE CASCADE
) ENGINE=InnoDB AUTO_INCREMENT=2 DEFAULT CHARSET=utf8mb4 COLLATE=utf8mb4_unicode_ci;
/*!40101 SET character_set_client = @saved_cs_client */;

--
-- Dumping data for table `direkturs`
--

LOCK TABLES `direkturs` WRITE;
/*!40000 ALTER TABLE `direkturs` DISABLE KEYS */;
INSERT INTO `direkturs` VALUES (1,'Supriono, S.E., M.Si., AK., CFA','081915039447',1,'supriono_tbk@polsa.ac.id','$2y$10$byHc05L3iKr4/hdk6qVE9.yRWqkZNfOAPshBeMU1GHosTim2ImX.m',1,'2025-02-22 21:46:49','2025-02-22 21:55:02',8);
/*!40000 ALTER TABLE `direkturs` ENABLE KEYS */;
UNLOCK TABLES;

--
-- Table structure for table `dosens`
--

DROP TABLE IF EXISTS `dosens`;
/*!40101 SET @saved_cs_client     = @@character_set_client */;
/*!50503 SET character_set_client = utf8mb4 */;
CREATE TABLE `dosens` (
  `id` bigint unsigned NOT NULL AUTO_INCREMENT,
  `nama` varchar(255) COLLATE utf8mb4_unicode_ci NOT NULL,
  `nidn` varchar(255) COLLATE utf8mb4_unicode_ci DEFAULT NULL,
  `pembimbing_akademik` int NOT NULL,
  `jenis_kelamin` varchar(255) COLLATE utf8mb4_unicode_ci NOT NULL,
  `no_telephone` varchar(255) COLLATE utf8mb4_unicode_ci NOT NULL,
  `agama` varchar(255) COLLATE utf8mb4_unicode_ci NOT NULL,
  `status` int NOT NULL,
  `tanggal_lahir` varchar(255) COLLATE utf8mb4_unicode_ci NOT NULL,
  `tempat_lahir` varchar(255) COLLATE utf8mb4_unicode_ci NOT NULL,
  `email` varchar(255) COLLATE utf8mb4_unicode_ci NOT NULL,
  `password` varchar(255) COLLATE utf8mb4_unicode_ci NOT NULL,
  `is_first_login` tinyint(1) NOT NULL DEFAULT '1',
  `deleted_at` timestamp NULL DEFAULT NULL,
  `created_at` timestamp NULL DEFAULT NULL,
  `updated_at` timestamp NULL DEFAULT NULL,
  PRIMARY KEY (`id`),
  UNIQUE KEY `dosens_email_unique` (`email`)
) ENGINE=InnoDB AUTO_INCREMENT=39 DEFAULT CHARSET=utf8mb4 COLLATE=utf8mb4_unicode_ci;
/*!40101 SET character_set_client = @saved_cs_client */;

--
-- Dumping data for table `dosens`
--

LOCK TABLES `dosens` WRITE;
/*!40000 ALTER TABLE `dosens` DISABLE KEYS */;
INSERT INTO `dosens` VALUES (5,'Caecilia Rosma W. S.E, M.Si., Ak.','553675365423',1,'Perempuan','08122671465','Kristen',1,'1975-12-04','Purworejo','caecilia.ak@polsa.ac.id','$2y$10$noFLEs9pzjHkfxTexwEwq.MAVEi1MX0IahoD/KS5KGgBSj1/zB9..',0,NULL,'2025-02-05 20:34:06','2025-06-24 10:27:01'),(6,'Damar Eko Cahyono, S.T., S.Kom, M.M.','0624058003',1,'Laki-Laki','08157023880','Islam',1,'0080-05-24','Purworejo','damar@polsa.ac.id','$2y$10$1qZ0N9yXJEOTN7D4jFj44uO829LYEesNJF4C3sM3k1pIbtTrMI/M.',0,NULL,'2025-02-05 20:45:20','2025-02-20 13:58:52'),(7,'Ahmad Syarif Mutsanna, S.E., M.B.A','0617048702',1,'Laki-Laki','081221020071','Islam',1,'1987-04-17','Magelang','syarifmutsanna@polsa.ac.id','$2y$10$cSv4BE0BazqLbpzaMrgEWOV2E5.teMK6Ry1yp/RfJPu6mtB1NBdue',0,NULL,'2025-02-05 20:58:26','2025-02-20 13:58:16'),(8,'Supriono, S.E., M.Si., AK., CFA','0606077503',1,'Laki-Laki','081915039447','Islam',1,'1975-07-06','Kebumen','supriono_tbk@polsa.ac.id','$2y$10$qi9ywMfiJOUF9eSOIo0geubG8ROX2u7jQ5ieDkoZUbmRujJGQtZK2',0,NULL,'2025-02-05 21:04:46','2025-03-12 14:29:20'),(14,'Desi Innanti Wicaya Ningrum, M.Pd.',' 0613129101',0,'Perempuan','081776463604','Islam',1,'1970-01-01','Kebumen','desi.innanti@polsa.ac.id','$2y$10$O6zbWK1IMVJwtcDnCZzQyOEHMzUQnYsjWl7tQvHpTQQ88U6TlHsau',0,NULL,'2025-02-19 12:30:40','2025-03-12 08:13:42'),(15,'Muhammad Abu Abdillah, M.Kom.',' 0628128902',0,'Laki-Laki','082350955553','Islam',1,'1970-01-01','Purworejo','abdillah@polsa.ac.id','$2y$10$tIjA8rtcjfG9zaEdGHiSW.3XDv.J3zpHg9PlWjTx8wHeE1guO.mUi',1,NULL,'2025-02-19 12:30:40','2025-02-19 12:30:40'),(16,'Winarnie, S.T., M.Kom.',' 0628057802',0,'Perempuan','081326283957','Islam',1,'1970-01-01','Palembang','winzahwa@gmail.com','$2y$10$zGnBjbKNd.TvBvt.EtNJbOwtfhNTDO7mIV/Cii8fLFB4hsWwaIrJu',1,NULL,'2025-02-19 12:30:40','2025-02-19 12:30:40'),(17,'Titik Suhartini, S.Pd., M.Si.',' 0624067302',0,'Perempuan','081328290117','Islam',1,'1970-01-01','Jakarta','titiks@polsa.ac.id','$2y$10$NoBOyGLGSiqK4bgreSgRoOi5GinhiwXdOhnzMuN7k5ghBA/lzcTKG',1,NULL,'2025-02-19 12:30:40','2025-02-19 12:30:40'),(18,'Drs. H. Bunadi, M.M.',NULL,0,'Laki-Laki','081328807072','Islam',1,'1970-01-01','Purworejo','bunadi@polsa.ac.id','$2y$10$e37HxqrjsXKetb5X9QJr0.LTCXdOUWuwIExSst6Va8rFpf4/tBIGq',0,NULL,'2025-02-19 12:30:40','2025-07-08 11:59:17'),(19,'Dhika Widiyanto, S.T., M.Kom.',' 0611128902',1,'Laki-Laki','085325548681','Islam',1,'1970-01-01','Bandung','dhika@polsa.ac.id','$2y$10$nWkE5oNbmgtbSKKujaWSDOMnDzKN4i3RgJtJGWpd1YncEkE1RHfL2',0,NULL,'2025-02-19 12:30:40','2025-03-11 22:30:09'),(20,'Agus Dwi Atmoko., S.E.,M.M.','609098001',1,'Laki-Laki','081337871071','Islam',1,'1970-01-01','Kebumen','agus.dwi@polsa.ac.id','$2y$10$XIIwK3h8Jg/W59n8bIhHx.OL70H7aXcfGt81Dk54dCxUiZ5tQBnvi',0,NULL,'2025-02-19 12:30:40','2025-03-11 22:39:06'),(21,'Agus Fitri Yanto, S.E., M.M.',' 0620087901',1,'Laki-Laki','08112503131','Islam',1,'1970-01-01','Purworejo','agusfy@polsa.ac.id','$2y$10$be/AM0edHegMhRsDvCrag.4N4TYQCS1ua5aOul9oUCm4KDVVhQSNK',0,NULL,'2025-02-19 12:30:40','2025-03-10 13:02:42'),(22,'Danis Imam Bachtiar, S.E., M.M.',' 0610077102',1,'Laki-Laki','085870218577','Islam',1,'1970-01-01','Ungaran','danispolsa@polsa.ac.id','$2y$10$ltu9Tazl.dUb3lusn6K8NehtCgNgYLM1N.tl4I.d5X4NxtXIzM1iS',0,NULL,'2025-02-19 12:30:41','2025-03-12 07:28:23'),(23,'Kuswadi Rustam, S.E., M.M.',' 0628026702',1,'Laki-Laki','08164224739','Islam',1,'1970-01-01','Pamekasan','kuswadi@polsa.ac.id','$2y$10$u9uP4bF8tUoOBGmP.T4VuOmXK1H.N0IaWN.B.qlnWnGXFzHgrPQlO',1,NULL,'2025-02-19 12:30:41','2025-02-19 12:30:41'),(24,'Pratika Ayuningtyas, M.Pd.',NULL,1,'Perempuan','082226903096','Islam',1,'1970-01-01','Wonosobo','ayuningtyas@polsa.ac.id','$2y$10$9h3/ulJcU7pUoDUCRgOmJuFNdWe3BIHZAiXPUDUMSGIvWIyB2EZyK',0,NULL,'2025-02-19 12:30:41','2025-07-08 11:44:37'),(25,'Reni Suci Wahyuni, S.M., M.M.',' 0606029702',1,'Perempuan','089604362278','Islam',1,'1970-01-01','Kebumen','reni.suci@polsa.ac.id','$2y$10$82G18AfCxfHhcfY0kebDj.R0gjIzQ27sYkhF4zccff/Z55N.co9fG',0,NULL,'2025-02-19 12:30:41','2025-03-12 13:29:41'),(26,'Budi Widiyaningsih, S.Pd',' 0629058203',0,'Perempuan','085643887532','Islam',1,'1970-01-01','Purworejo','budi.widya@polsa.ac.id','$2y$10$Mb8nP9Dr7KeNp2KjKlQy1epZ8.oec1ZWi1JgVDJ.wiygYkwxLOIN6',1,NULL,'2025-02-19 12:30:41','2025-02-19 12:30:41'),(27,'Sutrasman, S.H.I., S.H.M.Kom.I.',' 0620107901',0,'Laki-Laki','085729226923','Islam',1,'1970-01-01','Purworejo','sutrasman@polsa.ac.id','$2y$10$JDuDaOQ4e/lapRwM6Aogmexs.psJd2Zaci.D0wmT8M.93WX4pE1tW',1,NULL,'2025-02-19 12:30:41','2025-02-19 12:30:41'),(28,'Sari Murni Larasati, S.Sos., M.M.',' 9235775676230163',0,'Perempuan','089648957028','Islam',1,'1970-01-01','Demak','sari.murni@polsa.ac.id','$2y$10$CBme/jKQaZN4YNPs.q2Jc.2mpqJ/d0CWSwBjASOQs.JPBvuPXfGOu',1,NULL,'2025-02-19 12:30:41','2025-02-19 12:30:41'),(29,'Retno Setioningsih, S.Ak., M.SI.,AK','9736777678',0,'Perempuan','081288354749','Islam',1,'1970-01-01','Purworejo','retno.ningsih@polsa.ac.id','$2y$10$OlEs4pG6shRKYCstueuZYu1rBMw4eUxGb2zbPO1ugX7Ymr6foNcXy',0,NULL,'2025-02-19 12:30:41','2025-03-17 17:40:16'),(30,'Ibnu Ananda, S.Kom., M.Kom.','9953772673130242',0,'Laki-Laki','082136395927','Islam',1,'1970-01-01','Sejatirejo','ibnu@polsa.ac.id','$2y$10$UtRTuto9rR.6XW6sQOOeFO9.GLTQRZktFL/o/vX6TLUL7risQ35Ve',1,NULL,'2025-02-19 12:30:41','2025-02-19 12:30:41'),(31,'Novita Purnaningsih, S.S., M.A.',NULL,0,'Perempuan','081228971499','Islam',1,'1970-01-01','Purworejo','novita@polsa.ac.id','$2y$10$HvVWhUfIMwQ7OaFKEmi7P.SlfV7BaL30aH8J1NzXsdVywoVu/3ip6',0,NULL,'2025-02-19 12:30:41','2025-03-11 21:47:15'),(32,'Nurul Amin, S.H.',NULL,0,'Laki-Laki','083839468611','Islam',1,'1970-01-01','Purworejo','nurul.amin@polsa.ac.id','$2y$10$rDOM.AljSINVhRYQzpJmze9ICi.U1TxXgkZVdWOUnL8sZdEH92eKK',1,NULL,'2025-02-19 12:30:41','2025-02-19 12:30:41'),(33,'Taufik Ismail. S.Kom.',NULL,0,'Laki-Laki','085781788848','Islam',1,'1970-01-01','Purworejo','toufik.ismail@polsa.ac.id','$2y$10$pWE2oT8652y6ElcU3o3rXeSHcdkcv/ksndr6C7aXS.cvjrbHgPO3m',0,NULL,'2025-02-19 12:30:41','2025-02-21 10:52:38'),(34,'Muhammad Nurohman. S.Kom., M.Kom.',NULL,0,'Laki-Laki','082247141982','Islam',1,'1970-01-01','Purworejo','muhamad.nurohman@polsa.ac.id','$2y$10$FXmQed0xqz7zM3zReR4Gjuv6wHT6SGCoRHJVneeqrLbOoWXl1/g1K',0,NULL,'2025-02-19 12:30:41','2025-03-11 17:51:03'),(35,'DAMAR EKO',NULL,1,'Laki-Laki','082223296855','Islam',1,'1980-02-04','Purworejo','damar.eko@polsa.ac.id','$2y$10$QwxFBGBfuAMT0ydm.W2kieJnhxD5u2j8kkDWFjIkQQ3BMCHZ.0g6y',0,NULL,'2025-02-20 08:46:22','2025-03-12 09:46:04'),(37,'test',NULL,1,'Laki-Laki','085329931710','Islam',1,'2025-02-25','puwrorejo','email@gmail.com','$2y$10$UdOUShuKCqzku.M/cm1Bl.3GrZ5WQcf.jYLunIOJWlXFa1wFfFSn2',1,NULL,'2025-02-25 22:10:21','2025-02-25 22:10:21'),(38,'test 2',NULL,1,'Laki-Laki','085232119111','Islam',1,'2025-02-26','puwrorejo','test2@email.com','$2y$10$daQEiny.whXMyEMdKTocyu8ugnEYt19mmji5wCQ5HaGEv5xVg25P2',1,NULL,'2025-02-26 22:30:23','2025-02-26 22:30:23');
/*!40000 ALTER TABLE `dosens` ENABLE KEYS */;
UNLOCK TABLES;

--
-- Table structure for table `etikas`
--

DROP TABLE IF EXISTS `etikas`;
/*!40101 SET @saved_cs_client     = @@character_set_client */;
/*!50503 SET character_set_client = utf8mb4 */;
CREATE TABLE `etikas` (
  `id` bigint unsigned NOT NULL AUTO_INCREMENT,
  `mahasiswa_id` bigint unsigned NOT NULL,
  `matkul_id` bigint unsigned NOT NULL,
  `kelas_id` bigint unsigned NOT NULL,
  `jadwal_id` bigint unsigned NOT NULL,
  `nilai` double(8,2) NOT NULL,
  `setuju` tinyint(1) NOT NULL DEFAULT '0',
  `created_at` timestamp NULL DEFAULT NULL,
  `updated_at` timestamp NULL DEFAULT NULL,
  PRIMARY KEY (`id`)
) ENGINE=InnoDB DEFAULT CHARSET=utf8mb4 COLLATE=utf8mb4_unicode_ci;
/*!40101 SET character_set_client = @saved_cs_client */;

--
-- Dumping data for table `etikas`
--

LOCK TABLES `etikas` WRITE;
/*!40000 ALTER TABLE `etikas` DISABLE KEYS */;
/*!40000 ALTER TABLE `etikas` ENABLE KEYS */;
UNLOCK TABLES;

--
-- Table structure for table `failed_jobs`
--

DROP TABLE IF EXISTS `failed_jobs`;
/*!40101 SET @saved_cs_client     = @@character_set_client */;
/*!50503 SET character_set_client = utf8mb4 */;
CREATE TABLE `failed_jobs` (
  `id` bigint unsigned NOT NULL AUTO_INCREMENT,
  `uuid` varchar(255) COLLATE utf8mb4_unicode_ci NOT NULL,
  `connection` text COLLATE utf8mb4_unicode_ci NOT NULL,
  `queue` text COLLATE utf8mb4_unicode_ci NOT NULL,
  `payload` longtext COLLATE utf8mb4_unicode_ci NOT NULL,
  `exception` longtext COLLATE utf8mb4_unicode_ci NOT NULL,
  `failed_at` timestamp NOT NULL DEFAULT CURRENT_TIMESTAMP,
  PRIMARY KEY (`id`),
  UNIQUE KEY `failed_jobs_uuid_unique` (`uuid`)
) ENGINE=InnoDB DEFAULT CHARSET=utf8mb4 COLLATE=utf8mb4_unicode_ci;
/*!40101 SET character_set_client = @saved_cs_client */;

--
-- Dumping data for table `failed_jobs`
--

LOCK TABLES `failed_jobs` WRITE;
/*!40000 ALTER TABLE `failed_jobs` DISABLE KEYS */;
/*!40000 ALTER TABLE `failed_jobs` ENABLE KEYS */;
UNLOCK TABLES;

--
-- Table structure for table `informasi_landing_pages`
--

DROP TABLE IF EXISTS `informasi_landing_pages`;
/*!40101 SET @saved_cs_client     = @@character_set_client */;
/*!50503 SET character_set_client = utf8mb4 */;
CREATE TABLE `informasi_landing_pages` (
  `id` bigint unsigned NOT NULL AUTO_INCREMENT,
  `nama` varchar(255) COLLATE utf8mb4_unicode_ci NOT NULL,
  `tipe` varchar(255) COLLATE utf8mb4_unicode_ci NOT NULL,
  `keterangan` varchar(255) COLLATE utf8mb4_unicode_ci NOT NULL,
  `created_at` timestamp NULL DEFAULT NULL,
  `updated_at` timestamp NULL DEFAULT NULL,
  PRIMARY KEY (`id`)
) ENGINE=InnoDB AUTO_INCREMENT=6 DEFAULT CHARSET=utf8mb4 COLLATE=utf8mb4_unicode_ci;
/*!40101 SET character_set_client = @saved_cs_client */;

--
-- Dumping data for table `informasi_landing_pages`
--

LOCK TABLES `informasi_landing_pages` WRITE;
/*!40000 ALTER TABLE `informasi_landing_pages` DISABLE KEYS */;
INSERT INTO `informasi_landing_pages` VALUES (1,'kalender.pdf','kalender','kalender','2025-02-18 12:57:45','2025-02-18 12:57:45'),(2,'storage/images/brosur/c0xUA7YewE.jpg','brosur','EXAMPLE 1','2025-02-18 13:09:37','2025-02-18 13:09:37'),(3,'storage/images/brosur/5uTVn2Apvh.jpg','brosur','EXAMPLE 2','2025-02-18 13:09:48','2025-02-18 13:09:48'),(5,'storage/images/brosur/G3OOxdduNF.png','brosur','KRS ONLINE','2025-09-04 12:28:49','2025-09-04 12:28:49');
/*!40000 ALTER TABLE `informasi_landing_pages` ENABLE KEYS */;
UNLOCK TABLES;

--
-- Table structure for table `jadwal_ujians`
--

DROP TABLE IF EXISTS `jadwal_ujians`;
/*!40101 SET @saved_cs_client     = @@character_set_client */;
/*!50503 SET character_set_client = utf8mb4 */;
CREATE TABLE `jadwal_ujians` (
  `id` bigint unsigned NOT NULL AUTO_INCREMENT,
  `pegawais_id` bigint unsigned NOT NULL,
  `matkuls_id` bigint unsigned NOT NULL,
  `kelas_id` bigint unsigned NOT NULL,
  `ruangans_id` bigint unsigned NOT NULL,
  `tanggal` date NOT NULL,
  `waktu_mulai` time NOT NULL,
  `waktu_selesai` time NOT NULL,
  `tahun` varchar(255) COLLATE utf8mb4_unicode_ci NOT NULL,
  `jenis_ujian` enum('uts','uas') COLLATE utf8mb4_unicode_ci NOT NULL,
  `deleted_at` timestamp NULL DEFAULT NULL,
  `created_at` timestamp NULL DEFAULT NULL,
  `updated_at` timestamp NULL DEFAULT NULL,
  PRIMARY KEY (`id`)
) ENGINE=InnoDB AUTO_INCREMENT=10 DEFAULT CHARSET=utf8mb4 COLLATE=utf8mb4_unicode_ci;
/*!40101 SET character_set_client = @saved_cs_client */;

--
-- Dumping data for table `jadwal_ujians`
--

LOCK TABLES `jadwal_ujians` WRITE;
/*!40000 ALTER TABLE `jadwal_ujians` DISABLE KEYS */;
INSERT INTO `jadwal_ujians` VALUES (1,6,91,11,5,'2025-07-09','08:30:00','10:00:00','2024/2025','uas',NULL,'2025-07-08 13:08:27','2025-07-08 13:08:27'),(2,5,32,6,10,'2025-07-09','08:30:00','10:00:00','2024/2025','uas',NULL,'2025-07-08 13:23:44','2025-07-08 13:23:44'),(3,2,73,15,11,'2025-07-09','08:30:00','10:00:00','2024/2025','uas',NULL,'2025-07-08 13:24:28','2025-07-08 13:24:28'),(4,4,109,17,2,'2025-07-09','08:30:00','10:00:00','2024/2025','uas',NULL,'2025-07-08 13:25:04','2025-07-08 13:25:04'),(5,1,13,12,5,'2025-07-09','10:30:00','12:00:00','2024/2025','uas','2025-07-17 13:50:06','2025-07-08 13:28:20','2025-07-17 13:50:06'),(6,4,61,13,11,'2025-07-09','10:30:00','12:00:00','2024/2025','uas','2025-07-17 13:49:56','2025-07-08 13:34:16','2025-07-17 13:49:56'),(7,5,108,17,11,'2025-07-09','10:30:00','12:00:00','2024/2025','uas','2025-07-17 13:49:51','2025-07-08 13:42:12','2025-07-17 13:49:51'),(8,2,96,16,2,'2025-07-09','10:30:00','12:00:00','2024/2025','uas','2025-07-17 13:49:40','2025-07-08 13:42:52','2025-07-17 13:49:40'),(9,2,35,18,2,'2025-07-09','10:30:00','12:00:00','2024/2025','uas','2025-07-17 13:49:34','2025-07-08 13:43:25','2025-07-17 13:49:34');
/*!40000 ALTER TABLE `jadwal_ujians` ENABLE KEYS */;
UNLOCK TABLES;

--
-- Table structure for table `jadwals`
--

DROP TABLE IF EXISTS `jadwals`;
/*!40101 SET @saved_cs_client     = @@character_set_client */;
/*!50503 SET character_set_client = utf8mb4 */;
CREATE TABLE `jadwals` (
  `id` bigint unsigned NOT NULL AUTO_INCREMENT,
  `dosens_id` bigint unsigned NOT NULL,
  `matkuls_id` bigint unsigned NOT NULL,
  `kelas_id` bigint unsigned NOT NULL,
  `ruangans_id` bigint unsigned NOT NULL,
  `waktu_mulai` time NOT NULL,
  `waktu_selesai` time NOT NULL,
  `hari` varchar(255) COLLATE utf8mb4_unicode_ci NOT NULL,
  `tahun` varchar(255) COLLATE utf8mb4_unicode_ci NOT NULL,
  `deleted_at` timestamp NULL DEFAULT NULL,
  `created_at` timestamp NULL DEFAULT NULL,
  `updated_at` timestamp NULL DEFAULT NULL,
  PRIMARY KEY (`id`)
) ENGINE=InnoDB AUTO_INCREMENT=137 DEFAULT CHARSET=utf8mb4 COLLATE=utf8mb4_unicode_ci;
/*!40101 SET character_set_client = @saved_cs_client */;

--
-- Dumping data for table `jadwals`
--

LOCK TABLES `jadwals` WRITE;
/*!40000 ALTER TABLE `jadwals` DISABLE KEYS */;
INSERT INTO `jadwals` VALUES (1,17,94,11,4,'08:00:00','09:20:00','Senin','2024/2025',NULL,'2025-02-20 10:06:52','2025-02-20 10:06:52'),(2,17,33,6,4,'09:20:00','10:40:00','Senin','2024/2025',NULL,'2025-02-20 10:09:47','2025-02-20 10:09:47'),(3,28,109,17,5,'08:40:00','10:40:00','Senin','2024/2025',NULL,'2025-02-20 10:12:05','2025-02-20 10:12:34'),(4,28,32,6,5,'10:40:00','12:00:00','Senin','2024/2025',NULL,'2025-02-20 10:55:33','2025-02-20 10:55:33'),(5,27,36,18,6,'08:40:00','10:00:00','Senin','2024/2025',NULL,'2025-02-20 10:56:33','2025-02-20 10:56:33'),(6,27,95,16,6,'08:40:00','10:00:00','Senin','2024/2025',NULL,'2025-02-20 10:57:17','2025-02-27 09:17:16'),(7,27,89,11,6,'10:00:00','11:20:00','Senin','2024/2025',NULL,'2025-02-20 10:58:24','2025-02-20 10:58:24'),(8,8,84,9,7,'10:00:00','12:00:00','Senin','2024/2025',NULL,'2025-02-20 11:02:09','2025-02-20 11:02:09'),(9,20,79,8,1,'08:00:00','10:00:00','Senin','2024/2025',NULL,'2025-02-20 11:03:06','2025-02-20 11:03:06'),(10,21,56,12,1,'10:00:00','12:00:00','Senin','2024/2025',NULL,'2025-02-20 11:03:59','2025-02-20 11:03:59'),(11,19,23,4,1,'14:20:00','16:20:00','Senin','2024/2025',NULL,'2025-02-20 11:04:59','2025-02-20 11:04:59'),(12,16,26,4,2,'10:00:00','11:20:00','Senin','2024/2025',NULL,'2025-02-20 11:05:45','2025-02-20 11:05:45'),(13,5,82,9,2,'13:00:00','15:00:00','Senin','2024/2025',NULL,'2025-02-20 11:06:38','2025-02-20 11:06:38'),(14,6,28,4,3,'13:00:00','14:20:00','Senin','2024/2025',NULL,'2025-02-20 11:07:20','2025-02-20 11:07:20'),(15,17,33,7,4,'16:20:00','17:40:00','Senin','2024/2025',NULL,'2025-02-20 11:08:02','2025-02-20 11:08:02'),(16,8,84,10,5,'16:20:00','18:20:00','Senin','2024/2025',NULL,'2025-02-20 11:09:08','2025-02-20 11:09:08'),(17,7,85,10,5,'18:20:00','19:40:00','Senin','2024/2025',NULL,'2025-02-20 11:10:01','2025-02-20 11:10:01'),(18,21,67,14,6,'16:20:00','18:20:00','Senin','2024/2025',NULL,'2025-02-20 11:10:47','2025-02-20 11:10:47'),(19,19,15,3,1,'16:20:00','18:20:00','Senin','2024/2025',NULL,'2025-02-20 11:11:31','2025-02-20 11:11:31'),(20,19,46,19,1,'16:20:00','18:20:00','Senin','2024/2025',NULL,'2025-02-20 11:12:06','2025-02-20 11:12:06'),(21,6,16,3,1,'18:20:00','20:20:00','Senin','2024/2025',NULL,'2025-02-20 11:13:19','2025-02-20 11:14:33'),(22,6,48,19,1,'18:20:00','20:20:00','Senin','2024/2025',NULL,'2025-02-20 11:14:18','2025-02-20 11:14:18'),(23,16,26,5,2,'16:20:00','17:40:00','Senin','2024/2025',NULL,'2025-02-20 11:15:17','2025-02-20 11:15:17'),(24,16,53,20,2,'16:20:00','17:40:00','Senin','2024/2025',NULL,'2025-02-20 11:16:05','2025-02-20 11:16:05'),(25,6,21,3,3,'18:20:00','20:20:00','Senin','2024/2025',NULL,'2025-02-20 11:16:50','2025-02-20 11:16:50'),(26,6,44,19,3,'18:20:00','20:20:00','Senin','2024/2025',NULL,'2025-02-20 11:17:32','2025-02-20 11:17:32'),(27,26,38,18,4,'08:00:00','10:00:00','Selasa','2024/2025',NULL,'2025-02-20 11:32:29','2025-02-20 11:33:57'),(28,7,85,9,4,'10:00:00','11:20:00','Selasa','2024/2025',NULL,'2025-02-20 11:34:34','2025-02-24 13:44:10'),(29,31,62,13,5,'10:40:00','12:00:00','Selasa','2024/2025',NULL,'2025-02-20 13:56:16','2025-03-10 14:27:17'),(30,21,67,13,5,'08:40:00','22:40:00','Selasa','2024/2025',NULL,'2025-02-20 14:00:27','2025-03-10 14:28:13'),(31,27,68,15,5,'13:00:00','14:20:00','Selasa','2024/2025',NULL,'2025-02-20 14:05:41','2025-02-20 14:05:41'),(32,27,29,6,5,'14:20:00','15:40:00','Selasa','2024/2025',NULL,'2025-02-20 14:06:22','2025-02-20 14:06:22'),(33,22,69,15,6,'08:40:00','10:00:00','Selasa','2024/2025',NULL,'2025-02-20 14:07:54','2025-02-20 14:07:54'),(34,22,90,11,6,'10:00:00','11:20:00','Selasa','2024/2025',NULL,'2025-02-20 14:08:30','2025-02-20 14:08:30'),(35,28,91,11,9,'08:40:00','10:00:00','Selasa','2024/2025',NULL,'2025-02-20 14:10:18','2025-02-20 14:10:18'),(36,28,73,15,9,'10:40:00','11:20:00','Selasa','2024/2025',NULL,'2025-02-20 14:11:11','2025-02-20 14:11:11'),(37,25,104,17,7,'10:00:00','12:00:00','Selasa','2024/2025',NULL,'2025-02-20 14:12:57','2025-02-20 14:12:57'),(38,25,102,16,7,'13:00:00','15:00:00','Selasa','2024/2025',NULL,'2025-02-20 14:13:57','2025-02-20 14:13:57'),(39,6,16,2,1,'10:00:00','12:40:00','Selasa','2024/2025',NULL,'2025-02-20 14:14:43','2025-02-26 12:08:52'),(40,34,25,4,1,'14:20:00','16:20:00','Selasa','2024/2025',NULL,'2025-02-20 14:15:35','2025-02-20 14:15:35'),(41,5,87,9,2,'08:00:00','08:20:00','Selasa','2024/2025',NULL,'2025-02-20 14:16:13','2025-02-20 14:16:13'),(42,5,78,8,2,'09:20:00','11:20:00','Selasa','2024/2025',NULL,'2025-02-20 14:16:51','2025-02-27 09:26:13'),(43,19,15,2,2,'14:20:00','16:20:00','Selasa','2024/2025',NULL,'2025-02-20 14:17:28','2025-02-20 14:17:28'),(44,24,65,14,4,'16:20:00','17:40:00','Selasa','2024/2025',NULL,'2025-02-20 14:18:09','2025-02-20 14:18:09'),(45,27,29,7,5,'16:20:00','17:40:00','Selasa','2024/2025',NULL,'2025-02-20 14:18:45','2025-02-20 14:18:45'),(46,25,86,10,7,'16:20:00','17:40:00','Selasa','2024/2025',NULL,'2025-02-20 14:19:41','2025-02-20 14:19:41'),(47,14,31,7,7,'18:20:00','19:40:00','Selasa','2024/2025',NULL,'2025-02-20 14:20:44','2025-02-20 14:20:44'),(48,34,51,20,1,'16:20:00','18:20:00','Selasa','2024/2025',NULL,'2025-02-20 14:21:37','2025-02-20 14:21:37'),(49,34,25,5,1,'18:20:00','20:20:00','Selasa','2024/2025',NULL,'2025-02-20 14:22:45','2025-02-27 09:27:49'),(50,34,49,19,1,'18:20:00','20:20:00','Selasa','2024/2025',NULL,'2025-02-20 14:23:20','2025-02-20 14:23:20'),(51,19,23,5,2,'16:20:00','18:20:00','Selasa','2024/2025',NULL,'2025-02-20 14:24:43','2025-02-20 14:24:43'),(52,6,28,5,2,'18:20:00','20:20:00','Selasa','2024/2025',NULL,'2025-02-20 14:25:26','2025-02-20 14:25:26'),(53,24,92,11,9,'08:00:00','09:20:00','Rabu','2024/2025',NULL,'2025-02-20 14:52:18','2025-03-05 11:09:31'),(54,24,70,15,9,'09:20:00','10:40:00','Rabu','2024/2025',NULL,'2025-02-20 14:52:57','2025-03-05 11:09:47'),(55,21,59,12,4,'13:00:00','15:00:00','Rabu','2024/2025',NULL,'2025-02-20 14:53:50','2025-02-20 14:53:50'),(56,5,82,10,4,'16:20:00','18:20:00','Rabu','2024/2025',NULL,'2025-02-20 14:54:31','2025-02-20 14:54:31'),(57,5,87,10,4,'18:20:00','19:40:00','Rabu','2024/2025',NULL,'2025-02-20 14:55:06','2025-02-20 14:55:06'),(58,23,96,16,5,'09:20:00','10:40:00','Rabu','2024/2025',NULL,'2025-02-20 14:56:14','2025-02-27 09:29:54'),(59,23,35,18,5,'09:20:00','10:40:00','Rabu','2024/2025',NULL,'2025-02-20 14:56:43','2025-02-27 09:30:33'),(60,23,13,12,5,'10:40:00','12:40:00','Rabu','2024/2025',NULL,'2025-02-20 14:57:28','2025-02-27 09:30:56'),(61,23,108,17,5,'13:00:00','14:20:00','Rabu','2024/2025',NULL,'2025-02-20 14:58:19','2025-02-27 09:31:33'),(62,23,61,13,5,'14:20:00','15:40:00','Rabu','2024/2025',NULL,'2025-02-20 14:59:03','2025-02-20 14:59:03'),(63,31,62,14,5,'16:20:00','17:40:00','Rabu','2024/2025',NULL,'2025-02-20 14:59:38','2025-02-20 14:59:38'),(64,23,61,14,5,'18:20:00','19:40:00','Rabu','2024/2025',NULL,'2025-02-20 15:00:05','2025-02-20 15:00:05'),(65,14,97,16,6,'08:00:00','09:20:00','Rabu','2024/2025',NULL,'2025-02-20 15:00:50','2025-02-20 15:00:50'),(66,29,77,8,6,'09:20:00','11:20:00','Rabu','2024/2025',NULL,'2025-02-20 15:01:50','2025-02-20 15:01:50'),(67,15,24,4,6,'15:00:00','16:20:00','Rabu','2024/2025',NULL,'2025-02-20 15:02:23','2025-02-20 15:02:23'),(68,15,43,19,6,'16:20:00','18:20:00','Rabu','2024/2025',NULL,'2025-02-20 15:02:58','2025-02-20 15:02:58'),(69,15,24,5,6,'18:20:00','19:40:00','Rabu','2024/2025',NULL,'2025-02-20 15:03:24','2025-02-20 15:03:24'),(70,15,47,19,6,'18:20:00','19:40:00','Rabu','2024/2025',NULL,'2025-02-20 15:03:46','2025-02-20 15:03:46'),(71,22,12,12,7,'08:00:00','10:00:00','Rabu','2024/2025',NULL,'2025-02-20 15:04:21','2025-02-20 15:04:21'),(72,22,64,13,7,'10:00:00','11:20:00','Rabu','2024/2025',NULL,'2025-02-20 15:04:54','2025-02-20 15:04:54'),(73,7,101,16,2,'13:00:00','14:20:00','Rabu','2024/2025',NULL,'2025-02-20 15:05:39','2025-02-26 13:10:44'),(74,18,18,3,7,'16:20:00','18:20:00','Rabu','2024/2025',NULL,'2025-02-20 15:06:24','2025-02-26 08:28:44'),(75,7,105,17,2,'10:00:00','12:00:00','Rabu','2024/2025',NULL,'2025-02-20 15:07:00','2025-02-24 13:41:18'),(76,30,20,2,1,'10:00:00','12:00:00','Rabu','2024/2025',NULL,'2025-02-20 15:07:40','2025-02-26 12:11:43'),(77,30,41,18,1,'10:00:00','12:00:00','Rabu','2024/2025',NULL,'2025-02-20 15:08:06','2025-02-26 12:11:52'),(78,34,17,2,1,'14:20:00','16:20:00','Rabu','2024/2025',NULL,'2025-02-20 15:08:53','2025-02-20 15:08:53'),(79,34,42,18,1,'14:20:00','16:20:00','Rabu','2024/2025',NULL,'2025-02-20 15:09:25','2025-02-20 15:09:25'),(80,30,22,5,1,'16:20:00','18:20:00','Rabu','2024/2025',NULL,'2025-02-20 15:09:54','2025-02-20 15:09:54'),(81,30,20,3,1,'18:20:00','20:20:00','Rabu','2024/2025',NULL,'2025-02-20 15:11:17','2025-02-20 15:11:17'),(82,20,88,9,2,'08:00:00','10:00:00','Rabu','2024/2025',NULL,'2025-02-20 15:11:58','2025-02-20 15:11:58'),(83,33,54,20,2,'16:20:00','18:20:00','Rabu','2024/2025',NULL,'2025-02-20 15:12:38','2025-02-20 15:12:38'),(84,34,17,3,1,'18:20:00','20:20:00','Jumat','2024/2025',NULL,'2025-02-20 15:13:47','2025-02-26 12:10:28'),(85,6,21,2,3,'08:40:00','10:40:00','Rabu','2024/2025',NULL,'2025-02-20 15:14:13','2025-02-20 15:14:13'),(86,6,55,20,3,'18:20:00','20:20:00','Rabu','2024/2025',NULL,'2025-02-20 15:14:50','2025-02-20 15:14:50'),(87,25,86,9,4,'08:40:00','10:00:00','Kamis','2024/2025',NULL,'2025-02-20 15:15:33','2025-02-20 15:16:58'),(88,25,107,17,4,'10:00:00','12:00:00','Kamis','2024/2025',NULL,'2025-02-20 15:16:32','2025-02-20 15:16:32'),(89,18,18,2,5,'08:40:00','10:40:00','Kamis','2024/2025',NULL,'2025-02-20 15:17:32','2025-02-20 15:17:32'),(90,5,76,8,4,'10:40:00','12:40:00','Senin','2024/2025',NULL,'2025-02-20 15:18:02','2025-02-27 13:36:33'),(91,14,31,6,7,'08:00:00','09:20:00','Kamis','2024/2025',NULL,'2025-02-20 15:18:53','2025-02-20 15:18:53'),(92,29,80,8,7,'09:20:00','10:40:00','Kamis','2024/2025',NULL,'2025-02-20 15:19:57','2025-02-20 15:19:57'),(93,29,83,9,7,'10:40:00','12:00:00','Kamis','2024/2025',NULL,'2025-02-20 15:20:28','2025-02-20 15:20:28'),(94,7,71,15,7,'13:00:00','14:20:00','Kamis','2024/2025',NULL,'2025-02-20 15:21:16','2025-02-20 15:21:16'),(95,22,64,14,6,'16:20:00','18:20:00','Kamis','2024/2025',NULL,'2025-02-20 15:21:44','2025-02-27 09:45:07'),(96,33,100,16,2,'15:00:00','16:20:00','Senin','2024/2025',NULL,'2025-02-20 15:22:14','2025-03-06 09:16:01'),(97,33,39,18,2,'15:00:00','16:20:00','Senin','2024/2025',NULL,'2025-02-20 15:22:38','2025-03-06 09:16:28'),(98,30,22,4,1,'10:00:00','12:00:00','Kamis','2024/2025',NULL,'2025-02-20 15:23:05','2025-02-20 15:23:05'),(99,34,106,17,1,'14:20:00','16:20:00','Kamis','2024/2025',NULL,'2025-02-20 15:23:39','2025-02-20 15:23:39'),(100,33,27,5,1,'16:20:00','19:00:00','Kamis','2024/2025',NULL,'2025-02-20 15:24:17','2025-02-20 15:24:17'),(101,33,45,19,1,'16:20:00','19:00:00','Kamis','2024/2025',NULL,'2025-02-20 15:24:43','2025-02-20 15:24:43'),(102,33,52,20,1,'19:00:00','20:20:00','Kamis','2024/2025',NULL,'2025-02-20 15:25:09','2025-02-20 15:25:09'),(103,21,57,12,2,'08:00:00','10:00:00','Kamis','2024/2025',NULL,'2025-02-20 15:25:39','2025-02-20 15:25:39'),(104,16,99,16,2,'10:00:00','12:00:00','Kamis','2024/2025',NULL,'2025-02-20 15:26:16','2025-02-20 15:26:16'),(105,33,40,18,2,'13:40:00','15:00:00','Kamis','2024/2025',NULL,'2025-02-20 15:28:08','2025-02-20 15:28:08'),(106,33,37,18,2,'15:00:00','16:20:00','Kamis','2024/2025',NULL,'2025-02-20 15:28:59','2025-02-20 15:28:59'),(107,16,50,20,2,'16:20:00','18:20:00','Kamis','2024/2025',NULL,'2025-02-20 15:29:25','2025-02-20 15:29:25'),(108,15,60,14,2,'18:20:00','20:20:00','Kamis','2024/2025',NULL,'2025-02-20 15:29:51','2025-02-20 15:29:51'),(109,20,88,10,3,'16:20:00','18:20:00','Kamis','2024/2025',NULL,'2025-02-20 15:30:51','2025-02-20 15:30:51'),(110,24,58,12,2,'08:00:00','10:00:00','Jumat','2024/2025',NULL,'2025-02-20 15:31:53','2025-05-16 09:16:51'),(111,31,14,12,1,'10:00:00','12:00:00','Jumat','2024/2025',NULL,'2025-02-20 15:32:53','2025-04-18 18:30:02'),(112,29,81,10,4,'16:20:00','18:20:00','Jumat','2024/2025',NULL,'2025-02-20 15:33:22','2025-02-20 15:33:22'),(113,29,83,10,4,'18:20:00','19:40:00','Jumat','2024/2025',NULL,'2025-02-20 15:33:55','2025-02-20 15:33:55'),(114,8,81,9,5,'08:40:00','10:40:00','Jumat','2024/2025',NULL,'2025-02-20 15:34:19','2025-02-20 15:34:19'),(115,7,103,17,5,'13:00:00','15:00:00','Jumat','2024/2025',NULL,'2025-02-20 15:34:45','2025-02-20 15:34:45'),(116,32,30,6,5,'15:00:00','16:20:00','Jumat','2024/2025',NULL,'2025-02-20 15:35:06','2025-02-20 15:35:06'),(117,32,30,7,5,'16:20:00','17:40:00','Jumat','2024/2025',NULL,'2025-02-20 15:35:26','2025-02-20 15:35:26'),(118,26,98,16,7,'08:00:00','10:00:00','Jumat','2024/2025',NULL,'2025-02-20 15:35:59','2025-02-20 15:35:59'),(119,17,63,13,2,'08:00:00','09:20:00','Jumat','2024/2025',NULL,'2025-02-20 15:36:27','2025-02-20 15:36:27'),(120,17,66,13,2,'09:20:00','10:40:00','Jumat','2024/2025',NULL,'2025-02-20 15:36:48','2025-02-20 15:36:48'),(121,33,27,4,1,'13:40:00','16:20:00','Jumat','2024/2025',NULL,'2025-02-20 15:37:17','2025-02-20 15:37:17'),(122,15,19,3,1,'16:20:00','17:40:00','Jumat','2024/2025',NULL,'2025-02-20 15:37:47','2025-02-20 15:37:47'),(123,15,19,2,2,'14:20:00','15:40:00','Jumat','2024/2025',NULL,'2025-02-20 15:38:15','2025-02-20 15:38:15'),(124,17,63,14,2,'16:20:00','17:40:00','Jumat','2024/2025',NULL,'2025-02-20 15:38:35','2025-02-20 15:38:35'),(125,17,66,14,2,'17:40:00','19:00:00','Jumat','2024/2025',NULL,'2025-02-20 15:39:04','2025-02-20 15:39:04'),(133,20,60,13,1,'08:00:00','10:00:00','Senin','2024/2025',NULL,'2025-02-27 09:18:41','2025-02-27 09:18:41'),(134,29,75,8,6,'10:40:00','13:40:00','Rabu','2024/2025',NULL,'2025-02-27 09:34:32','2025-02-27 09:34:32'),(135,24,74,8,6,'08:00:00','09:20:00','Kamis','2024/2025',NULL,'2025-02-27 09:59:28','2025-02-27 09:59:28'),(136,24,65,13,6,'09:20:00','10:40:00','Kamis','2024/2025',NULL,'2025-02-27 10:01:28','2025-02-27 10:01:28');
/*!40000 ALTER TABLE `jadwals` ENABLE KEYS */;
UNLOCK TABLES;

--
-- Table structure for table `jobs`
--

DROP TABLE IF EXISTS `jobs`;
/*!40101 SET @saved_cs_client     = @@character_set_client */;
/*!50503 SET character_set_client = utf8mb4 */;
CREATE TABLE `jobs` (
  `id` bigint unsigned NOT NULL AUTO_INCREMENT,
  `queue` varchar(255) COLLATE utf8mb4_unicode_ci NOT NULL,
  `payload` longtext COLLATE utf8mb4_unicode_ci NOT NULL,
  `attempts` tinyint unsigned NOT NULL,
  `reserved_at` int unsigned DEFAULT NULL,
  `available_at` int unsigned NOT NULL,
  `created_at` int unsigned NOT NULL,
  PRIMARY KEY (`id`),
  KEY `jobs_queue_index` (`queue`)
) ENGINE=InnoDB AUTO_INCREMENT=2556 DEFAULT CHARSET=utf8mb4 COLLATE=utf8mb4_unicode_ci;
/*!40101 SET character_set_client = @saved_cs_client */;

--
-- Dumping data for table `jobs`
--

LOCK TABLES `jobs` WRITE;
/*!40000 ALTER TABLE `jobs` DISABLE KEYS */;
/*!40000 ALTER TABLE `jobs` ENABLE KEYS */;
UNLOCK TABLES;

--
-- Table structure for table `kaprodi`
--

DROP TABLE IF EXISTS `kaprodi`;
/*!40101 SET @saved_cs_client     = @@character_set_client */;
/*!50503 SET character_set_client = utf8mb4 */;
CREATE TABLE `kaprodi` (
  `id` bigint unsigned NOT NULL AUTO_INCREMENT,
  `prodis_id` bigint unsigned NOT NULL,
  `nama` varchar(255) COLLATE utf8mb4_unicode_ci NOT NULL,
  `no_telephone` varchar(255) COLLATE utf8mb4_unicode_ci NOT NULL,
  `status` int NOT NULL,
  `email` varchar(255) COLLATE utf8mb4_unicode_ci NOT NULL,
  `password` varchar(255) COLLATE utf8mb4_unicode_ci NOT NULL,
  `is_first_login` tinyint(1) NOT NULL DEFAULT '1',
  `created_at` timestamp NULL DEFAULT NULL,
  `updated_at` timestamp NULL DEFAULT NULL,
  `dosens_id` bigint unsigned NOT NULL,
  PRIMARY KEY (`id`),
  KEY `kaprodi_prodis_id_foreign` (`prodis_id`),
  KEY `kaprodi_dosens_id_foreign` (`dosens_id`),
  CONSTRAINT `kaprodi_dosens_id_foreign` FOREIGN KEY (`dosens_id`) REFERENCES `dosens` (`id`) ON DELETE CASCADE,
  CONSTRAINT `kaprodi_prodis_id_foreign` FOREIGN KEY (`prodis_id`) REFERENCES `prodi` (`id`) ON DELETE CASCADE
) ENGINE=InnoDB AUTO_INCREMENT=7 DEFAULT CHARSET=utf8mb4 COLLATE=utf8mb4_unicode_ci;
/*!40101 SET character_set_client = @saved_cs_client */;

--
-- Dumping data for table `kaprodi`
--

LOCK TABLES `kaprodi` WRITE;
/*!40000 ALTER TABLE `kaprodi` DISABLE KEYS */;
INSERT INTO `kaprodi` VALUES (2,2,'Caecilia Rosma W. S.E, M.Si., Ak.','08122671465',1,'caecilia.ak@polsa.ac.id','$2y$10$k8fQH9W61f1YDC3vOhZCN.Sp7KqbVsRLfENHQAGDDleXd1bxsBKhy',0,'2025-02-26 13:45:22','2025-06-27 05:11:48',5),(3,1,'Damar Eko Cahyono, S.T., S.Kom, M.M.','08157023880',1,'damar@polsa.ac.id','$2y$10$3lg7yYbTLrC64lKBnduz..DQm8mgg1vsfnezb.5JS0klf7nVYBnZm',0,'2025-02-26 13:45:34','2025-02-26 13:48:21',6),(4,3,'Agus Fitri Yanto, S.E., M.M.','08112503131',1,'agusfy@polsa.ac.id','$2y$10$CjkpvFVuUBcVeul6Xf9EI.dt9KdEDDAJslszTV9AemS2kVQREw3TS',0,'2025-02-26 13:45:45','2025-03-10 13:20:35',21),(5,4,'Ahmad Syarif Mutsanna, S.E., M.B.A','081221020071',1,'syarifmutsanna@polsa.ac.id','$2y$10$eEjeO673jsiUSXE8kkhDteI3d0uYQm2tYUCMLhLnm4js2bApYj4r2',0,'2025-02-26 13:46:03','2025-03-13 11:45:09',7),(6,5,'DAMAR EKO','082223296855',1,'damar.eko@polsa.ac.id','$2y$10$HgIgrSdTigKih/zZiDkmResNjkM/Mgn7v9uDSW82CsBzG3xlZaKsq',0,'2025-02-26 13:46:23','2025-02-26 14:17:11',35);
/*!40000 ALTER TABLE `kaprodi` ENABLE KEYS */;
UNLOCK TABLES;

--
-- Table structure for table `kelas`
--

DROP TABLE IF EXISTS `kelas`;
/*!40101 SET @saved_cs_client     = @@character_set_client */;
/*!50503 SET character_set_client = utf8mb4 */;
CREATE TABLE `kelas` (
  `id` bigint unsigned NOT NULL AUTO_INCREMENT,
  `kode_kelas` varchar(255) COLLATE utf8mb4_unicode_ci NOT NULL,
  `nama_kelas` varchar(255) COLLATE utf8mb4_unicode_ci NOT NULL,
  `jenis_kelas` varchar(255) COLLATE utf8mb4_unicode_ci NOT NULL,
  `id_prodi` bigint unsigned NOT NULL,
  `id_semester` bigint unsigned NOT NULL,
  `deleted_at` timestamp NULL DEFAULT NULL,
  `created_at` timestamp NULL DEFAULT NULL,
  `updated_at` timestamp NULL DEFAULT NULL,
  PRIMARY KEY (`id`),
  KEY `kelas_id_prodi_foreign` (`id_prodi`),
  KEY `kelas_id_semester_foreign` (`id_semester`),
  CONSTRAINT `kelas_id_prodi_foreign` FOREIGN KEY (`id_prodi`) REFERENCES `prodi` (`id`) ON DELETE CASCADE,
  CONSTRAINT `kelas_id_semester_foreign` FOREIGN KEY (`id_semester`) REFERENCES `semesters` (`id`)
) ENGINE=InnoDB AUTO_INCREMENT=38 DEFAULT CHARSET=utf8mb4 COLLATE=utf8mb4_unicode_ci;
/*!40101 SET character_set_client = @saved_cs_client */;

--
-- Dumping data for table `kelas`
--

LOCK TABLES `kelas` WRITE;
/*!40000 ALTER TABLE `kelas` DISABLE KEYS */;
INSERT INTO `kelas` VALUES (1,'2023_1','TI 1A','Reguler',1,1,'2025-08-27 10:59:18','2025-02-04 15:38:22','2025-08-27 10:59:18'),(2,'2023_2','TI 2A','Reguler',1,9,NULL,'2025-02-05 08:36:54','2025-02-05 08:36:54'),(3,'111','TI 2B','Karyawan',1,9,NULL,'2025-02-05 08:47:57','2025-02-05 08:47:57'),(4,'2','TI 4A','Reguler',1,4,NULL,'2025-02-05 08:48:11','2025-02-05 08:48:11'),(5,'3','TI 4B','Karyawan',1,4,NULL,'2025-02-05 08:48:26','2025-02-05 08:48:26'),(6,'4','TI 6A','Reguler',1,6,NULL,'2025-02-05 08:48:47','2025-02-05 08:48:47'),(7,'5','TI 6B','Karyawan',1,6,NULL,'2025-02-05 08:48:58','2025-02-05 08:48:58'),(8,'6','AK 2A','Reguler',2,9,NULL,'2025-02-05 08:49:15','2025-02-05 08:49:15'),(9,'7','AK 4A','Reguler',2,4,NULL,'2025-02-05 08:49:31','2025-02-05 08:49:31'),(10,'8','AK 4B','Karyawan',2,4,NULL,'2025-02-05 08:49:43','2025-02-05 08:49:43'),(11,'1','AK 6A','Reguler',2,6,NULL,'2025-02-05 08:50:09','2025-02-05 08:50:09'),(12,'12','AB 2A','Reguler',3,9,NULL,'2025-02-05 08:50:39','2025-02-05 08:50:39'),(13,'13','AB 4A','Reguler',3,4,NULL,'2025-02-05 08:50:52','2025-02-05 08:50:52'),(14,'14','AB 4B','Karyawan',3,4,NULL,'2025-02-05 08:51:35','2025-02-05 08:51:35'),(15,'15','AB 6A','Reguler',3,6,NULL,'2025-02-05 08:51:53','2025-02-05 08:51:53'),(16,'16','BD 2A','Reguler',4,9,NULL,'2025-02-05 08:52:30','2025-02-05 08:52:30'),(17,'123','BD 4A','Reguler',4,4,NULL,'2025-02-05 08:52:43','2025-02-05 08:52:43'),(18,'121','TRPL 2A','Reguler',5,9,NULL,'2025-02-05 08:52:56','2025-02-05 08:52:56'),(19,'112','TRPL 4A','Reguler',5,4,NULL,'2025-02-05 08:53:09','2025-02-05 08:53:09'),(20,'113','TRPL 6A','Reguler',5,6,NULL,'2025-02-05 08:53:20','2025-02-05 08:53:20'),(21,'114','TI 3A','Reguler',1,3,'2025-08-27 10:59:37','2025-08-27 10:57:52','2025-08-27 10:59:37'),(22,'115','TI 3B','Karyawan',1,3,'2025-08-27 10:59:37','2025-08-27 10:58:05','2025-08-27 10:59:37'),(23,'41','TRPL 7A','Reguler',5,15,NULL,'2025-08-27 13:45:16','2025-08-27 13:45:16'),(24,'43','TRPL 5A','Reguler',5,14,NULL,'2025-08-27 13:47:25','2025-08-27 13:47:25'),(25,'45','TRPL 3A','Reguler',5,13,NULL,'2025-08-27 13:47:40','2025-08-27 13:47:40'),(26,'331','AB 3A','Reguler',3,13,NULL,'2025-08-27 13:58:00','2025-08-27 13:58:00'),(27,'333','AB 5A','Reguler',3,14,NULL,'2025-08-27 13:58:35','2025-08-27 13:58:35'),(28,'311','AK 3A','Reguler',2,13,NULL,'2025-08-27 13:59:02','2025-08-27 13:59:02'),(29,'313','AK 5A','Reguler',2,14,NULL,'2025-08-27 13:59:20','2025-08-27 13:59:20'),(30,'321','TI 3A','Reguler',1,13,NULL,'2025-08-27 15:00:17','2025-08-27 15:00:17'),(31,'3211','TI 3B','Karyawan',1,13,NULL,'2025-08-27 15:00:30','2025-08-27 15:00:30'),(32,'323','TI 5A','Reguler',1,14,NULL,'2025-08-27 15:00:50','2025-08-27 15:00:50'),(33,'3231','TI 5B','Karyawan',1,14,NULL,'2025-08-27 15:01:08','2025-08-27 15:01:08'),(34,'471','BD 3A','Reguler',4,13,NULL,'2025-08-27 15:01:53','2025-08-27 15:01:53'),(35,'473','BD 5A','Reguler',4,14,NULL,'2025-08-27 15:02:15','2025-08-27 15:02:15'),(36,'3131','AK 5B','Karyawan',2,14,NULL,'2025-08-27 16:21:44','2025-08-27 16:21:44'),(37,'0011','AB 5B','Karyawan',3,14,NULL,'2025-09-03 18:29:05','2025-09-03 18:30:07');
/*!40000 ALTER TABLE `kelas` ENABLE KEYS */;
UNLOCK TABLES;

--
-- Table structure for table `kontraks`
--

DROP TABLE IF EXISTS `kontraks`;
/*!40101 SET @saved_cs_client     = @@character_set_client */;
/*!50503 SET character_set_client = utf8mb4 */;
CREATE TABLE `kontraks` (
  `id` bigint unsigned NOT NULL AUTO_INCREMENT,
  `pertemuan` int NOT NULL,
  `matkuls_id` bigint unsigned NOT NULL,
  `kelas_id` bigint unsigned NOT NULL,
  `jadwals_id` bigint unsigned NOT NULL,
  `materi` varchar(255) COLLATE utf8mb4_unicode_ci DEFAULT NULL,
  `tahun` varchar(255) COLLATE utf8mb4_unicode_ci NOT NULL,
  `pustaka` varchar(255) COLLATE utf8mb4_unicode_ci DEFAULT NULL,
  `setuju_wadir` tinyint(1) NOT NULL DEFAULT '0',
  `setuju_kaprodi` tinyint(1) NOT NULL DEFAULT '0',
  `created_at` timestamp NULL DEFAULT NULL,
  `updated_at` timestamp NULL DEFAULT NULL,
  PRIMARY KEY (`id`)
) ENGINE=InnoDB AUTO_INCREMENT=399 DEFAULT CHARSET=utf8mb4 COLLATE=utf8mb4_unicode_ci;
/*!40101 SET character_set_client = @saved_cs_client */;

--
-- Dumping data for table `kontraks`
--

LOCK TABLES `kontraks` WRITE;
/*!40000 ALTER TABLE `kontraks` DISABLE KEYS */;
INSERT INTO `kontraks` VALUES (1,1,54,20,83,'Pengantar Internet Of Things','2024/2025','https://en.wikipedia.org/wiki/Internet_of_things, https://www.edureka.co/blog/iot-applications/,  Introduction of IoT - John Soldatos,PhD,  M. Udin Al Rasyid, Materi Kuliah IoT',0,1,NULL,'2025-03-13 11:14:10'),(2,2,54,20,83,NULL,'2024/2025',NULL,0,1,NULL,'2025-03-13 11:14:10'),(3,3,54,20,83,NULL,'2024/2025',NULL,0,1,NULL,'2025-03-13 11:14:10'),(4,4,54,20,83,NULL,'2024/2025',NULL,0,1,NULL,'2025-03-13 11:14:10'),(5,5,54,20,83,NULL,'2024/2025',NULL,0,1,NULL,'2025-03-13 11:14:10'),(6,6,54,20,83,NULL,'2024/2025',NULL,0,1,NULL,'2025-03-13 11:14:10'),(7,7,54,20,83,NULL,'2024/2025',NULL,0,1,NULL,'2025-03-13 11:14:10'),(8,8,54,20,83,NULL,'2024/2025',NULL,0,1,NULL,'2025-03-13 11:14:10'),(9,9,54,20,83,NULL,'2024/2025',NULL,0,1,NULL,'2025-03-13 11:14:10'),(10,10,54,20,83,NULL,'2024/2025',NULL,0,1,NULL,'2025-03-13 11:14:10'),(11,11,54,20,83,NULL,'2024/2025',NULL,0,1,NULL,'2025-03-13 11:14:10'),(12,12,54,20,83,NULL,'2024/2025',NULL,0,1,NULL,'2025-03-13 11:14:10'),(13,13,54,20,83,NULL,'2024/2025',NULL,0,1,NULL,'2025-03-13 11:14:10'),(14,14,54,20,83,NULL,'2024/2025',NULL,0,1,NULL,'2025-03-13 11:14:10'),(43,1,62,14,63,'Pemaparan silabus dan kontrak perkuliahan','2024/2025',NULL,0,0,NULL,NULL),(44,2,62,14,63,'1. Definisi manajemen dan pelayanan 2. Konsepsi Manajemen Pelayanan','2024/2025','Ratminto dan Atik Septi W. 2014. Manajemen Pelayanan: Pengembangan Model Konseptual, Penerapan Citizen\'s Charter, dan Standar Pelayanan Minimal. Yogyakarta: Pustaka Pelajar.',0,0,NULL,'2025-03-11 22:09:26'),(45,3,62,14,63,'1. Definisi Pelanggan 2. Arti Pentingnya Manajemen Pelayanan','2024/2025',NULL,0,0,NULL,'2025-03-11 22:09:26'),(46,4,62,14,63,'Model Manajemen Pelayanan Umum di Indonesia','2024/2025',NULL,0,0,NULL,'2025-03-11 22:09:26'),(47,5,62,14,63,'Penyelenggaraan Pelayanan Publik','2024/2025',NULL,0,0,NULL,'2025-03-11 22:09:26'),(48,6,62,14,63,'Pengembangan Sistem Pelayanan yang Berorientasi pada Kepentingan Pelanggan','2024/2025',NULL,0,0,NULL,'2025-03-11 22:09:26'),(49,7,62,14,63,'Presentasi studi kasus dan diskusi','2024/2025',NULL,0,0,NULL,'2025-03-11 22:09:26'),(50,8,62,14,63,'Presentasi studi kasus dan diskusi','2024/2025',NULL,0,0,NULL,'2025-03-11 22:09:26'),(51,9,62,14,63,'Penciptaan Budaya Pelayanan','2024/2025',NULL,0,0,NULL,'2025-03-11 22:09:26'),(52,10,62,14,63,'Pengukuran Kinerja Pelayanan','2024/2025',NULL,0,0,NULL,'2025-03-11 22:09:26'),(53,11,62,14,63,'Transparansi dan Akuntabilitas Pelayanan','2024/2025',NULL,0,0,NULL,'2025-03-11 22:09:26'),(54,12,62,14,63,'Manajemen Pelayanan Prima (excellent services)','2024/2025',NULL,0,0,NULL,'2025-03-11 22:09:26'),(55,13,62,14,63,'Peran Komunikasi dalam Pelayanan Prima','2024/2025',NULL,0,0,NULL,'2025-03-11 22:09:26'),(56,14,62,14,63,'Pembahasan hasil obeservasi mahasiswa','2024/2025',NULL,0,0,NULL,'2025-03-11 22:09:26'),(57,1,14,12,111,'1. Pemaparan silabus dan kontrak perkuliahan 2. Pengertian komunikasi dan korespondensi 3. Bahasa surat dinas dan surat bisnis/niaga','2024/2025','Ahyar, Juni. 2015. Korespondensi Bisnis Indonesia. Aceh: Sefa Bumi Persada.',0,1,NULL,'2025-07-01 11:04:01'),(58,2,14,12,111,'1. Fungsi surat 2. Bagian-bagian surat','2024/2025','Akhmad, Jaenuddin, 2007. Korespondensi Bisnis Indonesia. Jakarta: Lentera Ilmu Cendekia.',0,1,NULL,'2025-07-01 11:04:01'),(59,3,14,12,111,'1. Bentuk surat 2. Perlengkapan surat dan jenis lipatan surat 3. Praktikum I (Jenis Lipatan Surat)','2024/2025','Sugihastuti dan Faizatin Nadia. 2018. Surat Dinas: Teori dan Praktik. Yogyakarta: Pustaka Pelajar.',0,1,NULL,'2025-07-01 11:04:01'),(60,4,14,12,111,'1. Pengelompokan Jenis Surat Berdasarkan Wujud, Pemakaian, Jumlah Sasaran Pembaca, Sifat, Urgensi, dan Isi 2. Praktikum II (Menelaah dan Mengoreksi Kesalahan Penulisan dalam Contoh Surat)','2024/2025','idem',0,1,NULL,'2025-07-01 11:04:01'),(61,5,14,12,111,'1. Pembahasan khusus tentang surat internal 2. Praktikum III (Menyusun Memo dan Nota Dinas)','2024/2025','idem',0,1,NULL,'2025-07-01 11:04:01'),(62,6,14,12,111,'Surat Sekretaris - Praktikum IV (Surat Pemberitahuan, Surat Undangan, Surat Kuasa)','2024/2025','idem',0,1,NULL,'2025-07-01 11:04:01'),(63,7,14,12,111,'Praktikum V (Surat Keterangan, Surat Pernyataan, Surat Pengumuman)','2024/2025','idem',0,1,NULL,'2025-07-01 11:04:01'),(64,8,14,12,111,'Praktikum VI (Surat Penugasan, Surat Janji Temu, dan Surat Ucapan)','2024/2025','idem',0,1,NULL,'2025-07-01 11:04:01'),(65,9,14,12,111,'Surat Bisnis/Niaga - Praktikum VII dan Pembahasan (Surat Perkenalan dan Surat Penawaran)','2024/2025','idem',0,1,NULL,'2025-07-01 11:04:01'),(66,10,14,12,111,'Praktikum VIII dan Pembahasan (Surat Pemesanan dan Surat Pengiriman Barang)','2024/2025','idem',0,1,NULL,'2025-07-01 11:04:01'),(67,11,14,12,111,'Praktikum IX dan Pembahasan (Surat Penagihan I dan II)','2024/2025','idem',0,1,NULL,'2025-07-01 11:04:01'),(68,12,14,12,111,'Praktikum X dan Pembahasan (Surat Klaim)','2024/2025','idem',0,1,NULL,'2025-07-01 11:04:01'),(69,13,14,12,111,'Praktikum dan Pembahasan (Surat Referensi Bank dan Surat Referensi Dagang)','2024/2025','idem',0,1,NULL,'2025-07-01 11:04:01'),(70,14,14,12,111,'Latihan UAS','2024/2025','idem',0,1,NULL,'2025-07-01 11:04:01'),(71,1,81,9,114,'Liabilitas (jangka pendek)','2024/2025','Kieso, Donald E., dan Jerry Weygandt, Warfield, Terr, Intermediate Accounting, Vol 2, IFRS Edition, John Wiley and Sons, 2011 (KW 2)',0,1,NULL,'2025-06-27 08:04:31'),(72,2,81,9,114,'Liabilitas (jangka panjang)','2024/2025','PSAK terkait, SAK EP',0,1,NULL,'2025-06-27 08:04:31'),(73,3,81,9,114,'Ekuitas : Modal disetor','2024/2025','Akuntansi Keuangan; Berdasarkan SAK Berbasis IFRS Buku 2 Edisi 2, Hans Kartika Hadi dkk, IAI-2024',0,1,NULL,'2025-06-27 08:04:31'),(74,4,81,9,114,'Ekuitas : Saldo laba, dividen, saham treasuri','2024/2025','Akuntansi  Keuangan Menengah (Buku 2) Dwi Martani, Salemba Empat 2015',0,1,NULL,'2025-06-27 08:04:31'),(75,5,81,9,114,'Laba per lembar saham','2024/2025',NULL,0,1,NULL,'2025-06-27 08:04:31'),(76,6,81,9,114,'Investasi Bond','2024/2025',NULL,0,1,NULL,'2025-06-27 08:04:31'),(77,7,81,9,114,'Investasi Bond','2024/2025',NULL,0,1,NULL,'2025-06-27 08:04:31'),(78,8,81,9,114,'Investasi ekuitas','2024/2025',NULL,0,1,NULL,'2025-06-27 08:04:31'),(79,9,81,9,114,'Investasi ekuitas','2024/2025',NULL,0,1,NULL,'2025-06-27 08:04:31'),(80,10,81,9,114,'Pengakuan pendapatan','2024/2025',NULL,0,1,NULL,'2025-06-27 08:04:31'),(81,11,81,9,114,'Pengakuan pendapatan','2024/2025',NULL,0,1,NULL,'2025-06-27 08:04:31'),(82,12,81,9,114,'Sewa','2024/2025',NULL,0,1,NULL,'2025-06-27 08:04:31'),(83,13,81,9,114,'Laporan Arus Kas','2024/2025',NULL,0,1,NULL,'2025-06-27 08:04:31'),(84,14,81,9,114,'Laporan Arus Kas','2024/2025',NULL,0,1,NULL,'2025-06-27 08:04:31'),(85,1,84,10,16,'Pengertian Auditing & Etika Profesi','2024/2025','Auditing & Jasa Assurance, Jilid 1 dan Jilid II, Terjemahan, Erlangga, 2012, Arens dkk',1,1,NULL,'2025-03-17 14:10:28'),(86,2,84,10,16,'Bukti Audit','2024/2025','Auditing Buku 1 dan Buku 2, Edisi 6, Mulyadi BPFE Yogyakarta, 2014',1,1,NULL,'2025-03-17 14:10:28'),(87,3,84,10,16,'Materialitas, Risiko, Strategi Audit','2024/2025','Auditing, Soekrisno Agus, Salemba Empat, 2019',1,1,NULL,'2025-03-17 14:10:28'),(88,4,84,10,16,'Pengendalian Internal','2024/2025','SPAP',1,1,NULL,'2025-03-17 14:10:28'),(89,5,84,10,16,'Penaksiran Risiko','2024/2025','www;iapi.or.id',1,1,NULL,'2025-03-17 14:10:28'),(90,6,84,10,16,'Perencanaan Audit','2024/2025',NULL,1,1,NULL,'2025-03-17 14:10:28'),(91,7,84,10,16,'Audit di Lingkungan EDP','2024/2025',NULL,1,1,NULL,'2025-03-17 14:10:28'),(92,8,84,10,16,'Audit Siklus Pendapatan','2024/2025',NULL,1,1,NULL,'2025-03-17 14:10:28'),(93,9,84,10,16,'Audit Siklus Pengeluaran','2024/2025',NULL,1,1,NULL,'2025-03-17 14:10:28'),(94,10,84,10,16,'Audit Siklus Personalia, Produksi','2024/2025',NULL,1,1,NULL,'2025-03-17 14:10:28'),(95,11,84,10,16,'Audit Siklus Investasi dan Dana','2024/2025',NULL,1,1,NULL,'2025-03-17 14:10:28'),(96,12,84,10,16,'Audit Siklus Kas','2024/2025',NULL,1,1,NULL,'2025-03-17 14:10:28'),(97,13,84,10,16,'Tahap Penyelesaian Audit','2024/2025',NULL,1,1,NULL,'2025-03-17 14:10:28'),(98,14,84,10,16,'Tahap Penyelesaian Audit','2024/2025',NULL,1,1,NULL,'2025-03-17 14:10:28'),(99,1,64,14,95,'PENYAMPAIAN KONTRAK PERKULIHAAN DAN PENDAHULUAN TENTANG MSDM','2024/2025','Msdm Dalam Bisnis Modern. Penulis : Lina Anatan, M.Si dan Lena Ellitan, Ph.D',1,1,NULL,'2025-07-01 11:04:48'),(100,2,64,14,95,'BAB 1, PENGERTIAN MSDM, PERAN PENTING DAN TANTANGAN MSDM','2024/2025','MSDM Edisi 14, Gary Dessler',1,1,NULL,'2025-07-01 11:04:48'),(101,3,64,14,95,'BAB 2, PERBEDAAN ANTARA MSDM DAN PENGEMBANGAN SDM MAKNA DAN PENTINGNYA PENGEMBANGAN SDM','2024/2025','Msdm Dalam Bisnis Modern. Penulis : Lina Anatan, M.Si dan Lena Ellitan, Ph.D',1,1,NULL,'2025-07-01 11:04:48'),(102,4,64,14,95,'BAB 6, REKRUITMEN DAN SELEKSI','2024/2025','MSDM Edisi 14, Gary Dessler',1,1,NULL,'2025-07-01 11:04:48'),(103,5,64,14,95,'BAB 7 PELATIHAN DAN PENGEMBANGAN','2024/2025','MSDM, Edisi ke 10 jilid 1, R Wayne Mondy',1,1,NULL,'2025-07-01 11:04:48'),(104,6,64,14,95,'BAB 10 TEKNIK MOTIVASI SDM DAN TEORI PENTINGNYA MOTIVASI','2024/2025','Msdm Dalam Bisnis Modern. Penulis : Lina Anatan, M.Si dan Lena Ellitan, Ph.D',1,1,NULL,'2025-07-01 11:04:48'),(105,7,64,14,95,'BAB 11 KESEJAHTERAAN KARYAWAN DAN MANAJEMEN KOMPENSASI','2024/2025','MSDM, Edisi ke 10 jilid 1, R Wayne Mondy',1,1,NULL,'2025-07-01 11:04:48'),(106,8,64,14,95,'UTS','2024/2025',NULL,1,1,NULL,'2025-07-01 11:04:48'),(107,9,64,14,95,'BAB 12 DISIPLIN KARYAWAN DAN PENANGANAN KELUHAN','2024/2025','Msdm Dalam Bisnis Modern. Penulis : Lina Anatan, M.Si dan Lena Ellitan, Ph.D',1,1,NULL,'2025-07-01 11:04:48'),(108,10,64,14,95,'BAB 16 MASALAH DAN TREN YANG MUNCUL DALAM MSDM','2024/2025','MSDM, Edisi ke 10 jilid 1, R Wayne Mondy',1,1,NULL,'2025-07-01 11:04:48'),(109,11,64,14,95,'KEPEMIMPINAN','2024/2025','MSDM, Edisi ke 10 jilid 1, R Wayne Mondy',1,1,NULL,'2025-07-01 11:04:48'),(110,12,64,14,95,'KEPUASAN KERJA','2024/2025','Msdm Dalam Bisnis Modern. Penulis : Lina Anatan, M.Si dan Lena Ellitan, Ph.D',1,1,NULL,'2025-07-01 11:04:48'),(111,13,64,14,95,'KINERJA','2024/2025','MSDM Edisi 14, Gary Dessler',1,1,NULL,'2025-07-01 11:04:48'),(112,14,64,14,95,'UAS','2024/2025',NULL,1,1,NULL,'2025-07-01 11:04:48'),(113,1,60,13,133,'Konsep dasar basis data: pengertian basis data, operasi dasar basis data, penerapan basis data, basis data relational, merancang basis data','2024/2025','Abdul Kadir, 2010, “Database Access”, Penerbit Andi Offset, Yogyakarta.',0,0,NULL,NULL),(114,2,60,13,133,'Pengenalan microsoft access: prosedur menggunakan microsoft access, lingkungan microsoft access, data type, field properties','2024/2025','Mata-Toledo Ramon A. dan Cushman Pauline K, 2004, “Dasar-dasar Database Relasional’, Penerbit Andi Yogyakarta.',0,0,NULL,'2025-03-13 11:20:52'),(115,3,60,13,133,'Merancang tabel dan input data: membuat dan memodifikasi struktur tabel, validasi data, input data, menangani datasheet, mengubah tampilan datasheet, mengurutkan data, filter data, mencetak data','2024/2025','Ukar, Kurweni. 2007. Seri Penuntun Praktik Microsoft Access 2007. Jakarta: PT. Elex Media Komputindo.',0,0,NULL,'2025-03-13 11:20:52'),(116,4,60,13,133,NULL,'2024/2025',NULL,0,0,NULL,NULL),(117,5,60,13,133,NULL,'2024/2025',NULL,0,0,NULL,NULL),(118,6,60,13,133,NULL,'2024/2025',NULL,0,0,NULL,NULL),(119,7,60,13,133,NULL,'2024/2025',NULL,0,0,NULL,NULL),(120,8,60,13,133,NULL,'2024/2025',NULL,0,0,NULL,NULL),(121,9,60,13,133,NULL,'2024/2025',NULL,0,0,NULL,NULL),(122,10,60,13,133,NULL,'2024/2025',NULL,0,0,NULL,NULL),(123,11,60,13,133,NULL,'2024/2025',NULL,0,0,NULL,NULL),(124,12,60,13,133,NULL,'2024/2025',NULL,0,0,NULL,NULL),(125,13,60,13,133,NULL,'2024/2025',NULL,0,0,NULL,NULL),(126,14,60,13,133,NULL,'2024/2025',NULL,0,0,NULL,NULL),(127,1,79,8,9,'Konsep dasar basis data: pengertian basis data, operasi dasar basis data, penerapan basis data, basis data relational, merancang basis data','2024/2025','Abdul Kadir, 2010, “Database Access”, Penerbit Andi Offset, Yogyakarta.',0,0,NULL,NULL),(128,2,79,8,9,'Pengenalan microsoft access: prosedur menggunakan microsoft access, lingkungan microsoft access, data type, field properties','2024/2025','Mata-Toledo Ramon A. dan Cushman Pauline K, 2004, “Dasar-dasar Database Relasional’, Penerbit Andi Yogyakarta.',0,0,NULL,'2025-03-13 11:22:14'),(129,3,79,8,9,'Merancang tabel dan input data: membuat dan memodifikasi struktur tabel, validasi data, input data, menangani datasheet, mengubah tampilan datasheet, mengurutkan data, filter data, mencetak data','2024/2025','Ukar, Kurweni. 2007. Seri Penuntun Praktik Microsoft Access 2007. Jakarta: PT. Elex Media Komputindo.',0,0,NULL,'2025-03-13 11:22:14'),(130,4,79,8,9,NULL,'2024/2025',NULL,0,0,NULL,NULL),(131,5,79,8,9,NULL,'2024/2025',NULL,0,0,NULL,NULL),(132,6,79,8,9,NULL,'2024/2025',NULL,0,0,NULL,NULL),(133,7,79,8,9,NULL,'2024/2025',NULL,0,0,NULL,NULL),(134,8,79,8,9,NULL,'2024/2025',NULL,0,0,NULL,NULL),(135,9,79,8,9,NULL,'2024/2025',NULL,0,0,NULL,NULL),(136,10,79,8,9,NULL,'2024/2025',NULL,0,0,NULL,NULL),(137,11,79,8,9,NULL,'2024/2025',NULL,0,0,NULL,NULL),(138,12,79,8,9,NULL,'2024/2025',NULL,0,0,NULL,NULL),(139,13,79,8,9,NULL,'2024/2025',NULL,0,0,NULL,NULL),(140,14,79,8,9,NULL,'2024/2025',NULL,0,0,NULL,NULL),(141,1,64,13,72,'PENYAMPAIAN KONTRAK PERKULIHAAN DAN PENDAHULUAN TENTANG MSDM','2024/2025','MSDM, Oleh Dr Daniel Adi Setyo R, S.E, M.M., M.Kom',1,1,NULL,'2025-07-01 11:04:35'),(142,2,64,13,72,'BAB 1, PENGERTIAN MSDM, PERAN PENTING DAN TANTANGAN MSDM','2024/2025','Msdm Dalam Bisnis Modern. Penulis : Lina Anatan, M.Si dan Lena Ellitan, Ph.D',1,1,NULL,'2025-07-01 11:04:35'),(143,3,64,13,72,'BAB 2, PERBEDAAN ANTARA MSDM DAN PENGEMBANGAN SDM MAKNA DAN PENTINGNYA PENGEMBANGAN SDM','2024/2025','Msdm Dalam Bisnis Modern. Penulis : Lina Anatan, M.Si dan Lena Ellitan, Ph.D',1,1,NULL,'2025-07-01 11:04:35'),(144,4,64,13,72,'BAB 6, REKRUITMEN DAN SELEKSI','2024/2025','MSDM, Oleh Dr Daniel Adi Setyo R, S.E, M.M., M.Kom',1,1,NULL,'2025-07-01 11:04:35'),(145,5,64,13,72,'BAB 7 PELATIHAN DAN PENGEMBANGAN','2024/2025','Msdm Dalam Bisnis Modern. Penulis : Lina Anatan, M.Si dan Lena Ellitan, Ph.D',1,1,NULL,'2025-07-01 11:04:35'),(146,6,64,13,72,'BAB 10 TEKNIK MOTIVASI SDM DAN TEORI PENTINGNYA MOTIVASI','2024/2025','MSDM, Oleh Dr Daniel Adi Setyo R, S.E, M.M., M.Kom',1,1,NULL,'2025-07-01 11:04:35'),(147,7,64,13,72,'BAB 11 KESEJAHTERAAN KARYAWAN DAN MANAJEMEN KOMPENSASI','2024/2025','MSDM, Oleh Dr Daniel Adi Setyo R, S.E, M.M., M.Kom',1,1,NULL,'2025-07-01 11:04:35'),(148,8,64,13,72,'UTS','2024/2025','MSDM Edisi 14, Gary Dessler',1,1,NULL,'2025-07-01 11:04:35'),(149,9,64,13,72,'BAB 12 DISIPLIN KARYAWAN DAN PENANGANAN KELUHAN','2024/2025','MSDM, Oleh Dr Daniel Adi Setyo R, S.E, M.M., M.Kom',1,1,NULL,'2025-07-01 11:04:35'),(150,10,64,13,72,'BAB 16 MASALAH DAN TREN YANG MUNCUL DALAM MSDM','2024/2025','MSDM, Oleh Dr Daniel Adi Setyo R, S.E, M.M., M.Kom',1,1,NULL,'2025-07-01 11:04:35'),(151,11,64,13,72,'KEPEMIMPINAN','2024/2025','MANAJEMEN SUMBER DAYA MANUSIA Penulis : Priyonor',1,1,NULL,'2025-07-01 11:04:35'),(152,12,64,13,72,'KEPUASAN KERJA','2024/2025','MSDM Edisi 14, Gary Dessler',1,1,NULL,'2025-07-01 11:04:35'),(153,13,64,13,72,'KINERJA','2024/2025','MSDM, Edisi ke 10 jilid 1, R Wayne Mondy',1,1,NULL,'2025-07-01 11:04:35'),(154,14,64,13,72,'UAS','2024/2025',NULL,1,1,NULL,'2025-07-01 11:04:35'),(155,1,16,2,39,'Prinsip dasar sistem jaringan komputer','2024/2025','Md Shah, Syarulnaziah Anawar, Debian 9 Stretch Basic Administration, 2019, UTeM Press',1,1,NULL,'2025-03-17 14:08:06'),(156,2,16,2,39,'Sistem Operasi jaringan komputer','2024/2025','Md Shah, Syarulnaziah Anawar, Debian 9 Stretch Basic Administration, 2019, UTeM Press',1,1,NULL,'2025-03-17 14:08:06'),(157,3,16,2,39,'Konfigurasi dan mengelola infrastruktur jaringan komputer','2024/2025','Cisco  Networking Academy',1,1,NULL,'2025-03-17 14:08:06'),(158,4,16,2,39,'Konsep TCP/IP','2024/2025','Cisco  Networking Academy',1,1,NULL,'2025-03-17 14:08:06'),(159,5,16,2,39,'Dasar Mikrotik','2024/2025','Rendra Toidjojo, Mikrotik Kung Fu : Kitab 1 (Edisi 2019), Jasakom, 2019',1,1,NULL,'2025-03-17 14:08:06'),(160,6,16,2,39,'Hotspot Mikrotik','2024/2025','Rendra Toidjojo, Mikrotik Kung Fu : Kitab 1 (Edisi 2019), Jasakom, 2019',1,1,NULL,'2025-03-17 14:08:06'),(161,7,16,2,39,'Konfigurasi Server dengan operating sistem linux','2024/2025','Md Shah, Syarulnaziah Anawar, Debian 9 Stretch Basic Administration, 2019, UTeM Press',1,1,NULL,'2025-03-17 14:08:06'),(162,8,16,2,39,'Konfigurasi DHCP server','2024/2025','Md Shah, Syarulnaziah Anawar, Debian 9 Stretch Basic Administration, 2019, UTeM Press',1,1,NULL,'2025-03-17 14:08:06'),(163,9,16,2,39,'Konfigurasi FTP dan file server','2024/2025','Md Shah, Syarulnaziah Anawar, Debian 9 Stretch Basic Administration, 2019, UTeM Press',1,1,NULL,'2025-03-17 14:08:06'),(164,10,16,2,39,'Konfigurasi DNS server','2024/2025','Md Shah, Syarulnaziah Anawar, Debian 9 Stretch Basic Administration, 2019, UTeM Press',1,1,NULL,'2025-03-17 14:08:06'),(165,11,16,2,39,'Konfigurasi WEB server','2024/2025','Md Shah, Syarulnaziah Anawar, Debian 9 Stretch Basic Administration, 2019, UTeM Press',1,1,NULL,'2025-03-17 14:08:06'),(166,12,16,2,39,'Konfigurasi Database server','2024/2025','Md Shah, Syarulnaziah Anawar, Debian 9 Stretch Basic Administration, 2019, UTeM Press',1,1,NULL,'2025-03-17 14:08:06'),(167,13,16,2,39,'Konfigurasi Mail server','2024/2025','Md Shah, Syarulnaziah Anawar, Debian 9 Stretch Basic Administration, 2019, UTeM Press',1,1,NULL,'2025-03-17 14:08:06'),(168,14,16,2,39,'Konfigurasi Hosting','2024/2025','Md Shah, Syarulnaziah Anawar, Debian 9 Stretch Basic Administration, 2019, UTeM Press',1,1,NULL,'2025-03-17 14:08:06'),(169,1,90,11,34,'Penyampaian Kontrak Perkulihaan dan Pendahuluan','2024/2025','BUKU AJAR MATA KULIAH WAJIB UMUM PENDIDIKAN KEWARGANEGARAAN.Direktorat Jenderal Pembelajaran dan Kemahasiswaan Kementerian Riset, Teknologi, dan Pendidikan Tinggi Republik Indonesia 2016,',0,0,NULL,NULL),(170,2,90,11,34,'BAGAIMANA HAKIKAT PENDIDIKAN KEWARGANEGARAAN DALAM MENGEMBANGKAN KEMAMPUAN UTUH SARJANA ATAU PROFESIONAL?','2024/2025','BUKU AJAR MATA KULIAH WAJIB UMUM PENDIDIKAN KEWARGANEGARAAN.Direktorat Jenderal Pembelajaran dan Kemahasiswaan Kementerian Riset, Teknologi, dan Pendidikan Tinggi Republik Indonesia 2016,',0,0,NULL,'2025-03-13 14:22:31'),(171,3,90,11,34,'BAGAIMANA ESENSI DAN URGENSI IDENTITAS NASIONAL SEBAGAI SALAH SATU DETERMINAN PEMBANGUNAN BANGSA DAN KARAKTER?','2024/2025','BUKU AJAR MATA KULIAH WAJIB UMUM PENDIDIKAN KEWARGANEGARAAN.Direktorat Jenderal Pembelajaran dan Kemahasiswaan Kementerian Riset, Teknologi, dan Pendidikan Tinggi Republik Indonesia 2016,',0,0,NULL,'2025-03-13 14:22:31'),(172,4,90,11,34,'BAGAIMANA URGENSI INTEGRASI NASIONAL SEBAGAI SALAH SATU PARAMETER PERSATUAN DAN KESATUAN BANGSA?','2024/2025','BUKU AJAR MATA KULIAH WAJIB UMUM PENDIDIKAN KEWARGANEGARAAN.Direktorat Jenderal Pembelajaran dan Kemahasiswaan Kementerian Riset, Teknologi, dan Pendidikan Tinggi Republik Indonesia 2016,',0,0,NULL,'2025-03-13 14:22:31'),(173,5,90,11,34,'BAGAIMANA NILAI DAN NORMA KONSTITUSIONAL UUD NRI 1945 DAN KONSTITUSIONALITAS KETENTUAN PERUNDANG-UNDANGAN DI BAWAH UUD? .','2024/2025','BUKU AJAR MATA KULIAH WAJIB UMUM PENDIDIKAN KEWARGANEGARAAN.Direktorat Jenderal Pembelajaran dan Kemahasiswaan Kementerian Riset, Teknologi, dan Pendidikan Tinggi Republik Indonesia 2016,',0,0,NULL,'2025-03-13 14:22:31'),(174,6,90,11,34,'Membangun Argumen tentang Dinamika dan Tantangan Konstitusi dalam  Kehidupan Berbangsa-Negara Indonesia .','2024/2025','BUKU AJAR MATA KULIAH WAJIB UMUM PENDIDIKAN KEWARGANEGARAAN.Direktorat Jenderal Pembelajaran dan Kemahasiswaan Kementerian Riset, Teknologi, dan Pendidikan Tinggi Republik Indonesia 2016,',0,0,NULL,'2025-03-13 14:22:31'),(175,7,90,11,34,'BAGAIMANA HARMONI KEWAJIBAN DAN HAK NEGARA DAN WARGA NEGARA DALAM DEMOKRASI YANG BERSUMBU PADA KEDAULATAN RAKYAT DAN MUSYAWARAH UNTUK MUFAKAT?','2024/2025','BUKU AJAR MATA KULIAH WAJIB UMUM PENDIDIKAN KEWARGANEGARAAN.Direktorat Jenderal Pembelajaran dan Kemahasiswaan Kementerian Riset, Teknologi, dan Pendidikan Tinggi Republik Indonesia 2016,',0,0,NULL,'2025-03-13 14:22:31'),(176,8,90,11,34,'UTS','2024/2025',NULL,0,0,NULL,NULL),(177,9,90,11,34,'BAGAIMANA HAKIKAT, INSTRUMENTASI, DAN PRAKSIS DEMOKRASI INDONESIA BERLANDASKAN PANCASILA DAN UUD NRI 1945?','2024/2025','BUKU AJAR MATA KULIAH WAJIB UMUM PENDIDIKAN KEWARGANEGARAAN.Direktorat Jenderal Pembelajaran dan Kemahasiswaan Kementerian Riset, Teknologi, dan Pendidikan Tinggi Republik Indonesia 2016,',0,0,NULL,'2025-03-13 14:22:31'),(178,10,90,11,34,'Membangun Argumen tentang Dinamika dan Tantangan Demokrasi yang  Bersumber dari Pancasila','2024/2025','BUKU AJAR MATA KULIAH WAJIB UMUM PENDIDIKAN KEWARGANEGARAAN.Direktorat Jenderal Pembelajaran dan Kemahasiswaan Kementerian Riset, Teknologi, dan Pendidikan Tinggi Republik Indonesia 2016,',0,0,NULL,'2025-03-13 14:22:31'),(179,11,90,11,34,'BAGAIMANA DINAMIKA HISTORIS KONSTITUSIONAL, SOSIAL-POLITIK, KULTURAL, SERTA KONTEKS KONTEMPORER PENEGAKAN HUKUM YANG BERKEADILAN?','2024/2025','BUKU AJAR MATA KULIAH WAJIB UMUM PENDIDIKAN KEWARGANEGARAAN.Direktorat Jenderal Pembelajaran dan Kemahasiswaan Kementerian Riset, Teknologi, dan Pendidikan Tinggi Republik Indonesia 2016,',0,0,NULL,'2025-03-13 14:22:31'),(180,12,90,11,34,'BAGAIMANA DINAMIKA HISTORIS, DAN URGENSI WAWASAN NUSANTARA SEBAGAI KONSEPSI DAN PANDANGAN KOLEKTIF KEBANGSAAN INDONESIA DALAM KONTEKS PERGAULAN DUNIA?','2024/2025','BUKU AJAR MATA KULIAH WAJIB UMUM PENDIDIKAN KEWARGANEGARAAN.Direktorat Jenderal Pembelajaran dan Kemahasiswaan Kementerian Riset, Teknologi, dan Pendidikan Tinggi Republik Indonesia 2016,',0,0,NULL,'2025-03-13 14:22:31'),(181,13,90,11,34,'BAGAIMANA URGENSI DAN TANTANGAN KETAHANAN NASIONAL DAN BELA NEGARA BAGI INDONESIA DALAM MEMBANGUN KOMITMEN KOLEKTIF KEBANGSAAN?','2024/2025','BUKU AJAR MATA KULIAH WAJIB UMUM PENDIDIKAN KEWARGANEGARAAN.Direktorat Jenderal Pembelajaran dan Kemahasiswaan Kementerian Riset, Teknologi, dan Pendidikan Tinggi Republik Indonesia 2016,',0,0,NULL,'2025-03-13 14:22:31'),(182,14,90,11,34,NULL,'2024/2025',NULL,0,0,NULL,NULL),(183,1,69,15,33,'Penyampaian Kontrak Perkulihaan dan Pendahuluan','2024/2025','BUKU AJAR MATA KULIAH WAJIB UMUM PENDIDIKAN KEWARGANE, Direktorat Jenderal Pembelajaran dan Kemahasiswaan Kementerian Riset, Teknologi, dan Pendidikan Tinggi Republik Indonesia 2016GARAAN,',0,0,NULL,NULL),(184,2,69,15,33,'BAGAIMANA HAKIKAT PENDIDIKAN KEWARGANEGARAAN DALAM MENGEMBANGKAN KEMAMPUAN UTUH SARJANA ATAU PROFESIONAL?','2024/2025',NULL,0,0,NULL,NULL),(185,3,69,15,33,'BAGAIMANA ESENSI DAN URGENSI IDENTITAS NASIONAL SEBAGAI SALAH SATU DETERMINAN PEMBANGUNAN BANGSA DAN KARAKTER?','2024/2025',NULL,0,0,NULL,NULL),(186,4,69,15,33,'BAGAIMANA URGENSI INTEGRASI NASIONAL SEBAGAI SALAH SATU PARAMETER PERSATUAN DAN KESATUAN BANGSA?','2024/2025',NULL,0,0,NULL,NULL),(187,5,69,15,33,'BAGAIMANA NILAI DAN NORMA KONSTITUSIONAL UUD NRI 1945 DAN KONSTITUSIONALITAS KETENTUAN PERUNDANG-UNDANGAN DI BAWAH UUD? .','2024/2025',NULL,0,0,NULL,NULL),(188,6,69,15,33,'Membangun Argumen tentang Dinamika dan Tantangan Konstitusi dalam  Kehidupan Berbangsa-Negara Indonesia .','2024/2025',NULL,0,0,NULL,NULL),(189,7,69,15,33,'BAGAIMANA HARMONI KEWAJIBAN DAN HAK NEGARA DAN WARGA NEGARA DALAM DEMOKRASI YANG BERSUMBU PADA KEDAULATAN RAKYAT DAN MUSYAWARAH UNTUK MUFAKAT?','2024/2025',NULL,0,0,NULL,NULL),(190,8,69,15,33,'UTS','2024/2025',NULL,0,0,NULL,NULL),(191,9,69,15,33,'BAGAIMANA HAKIKAT, INSTRUMENTASI, DAN PRAKSIS DEMOKRASI INDONESIA BERLANDASKAN PANCASILA DAN UUD NRI 1945?','2024/2025',NULL,0,0,NULL,NULL),(192,10,69,15,33,'Membangun Argumen tentang Dinamika dan Tantangan Demokrasi yang  Bersumber dari Pancasila','2024/2025',NULL,0,0,NULL,NULL),(193,11,69,15,33,'BAGAIMANA DINAMIKA HISTORIS KONSTITUSIONAL, SOSIAL-POLITIK, KULTURAL, SERTA KONTEKS KONTEMPORER PENEGAKAN HUKUM YANG BERKEADILAN?','2024/2025',NULL,0,0,NULL,NULL),(194,12,69,15,33,'BAGAIMANA DINAMIKA HISTORIS, DAN URGENSI WAWASAN NUSANTARA SEBAGAI KONSEPSI DAN PANDANGAN KOLEKTIF KEBANGSAAN INDONESIA DALAM KONTEKS PERGAULAN DUNIA?','2024/2025',NULL,0,0,NULL,NULL),(195,13,69,15,33,'BAGAIMANA URGENSI DAN TANTANGAN KETAHANAN NASIONAL DAN BELA NEGARA BAGI INDONESIA DALAM MEMBANGUN KOMITMEN KOLEKTIF KEBANGSAAN?','2024/2025',NULL,0,0,NULL,NULL),(196,14,69,15,33,NULL,'2024/2025',NULL,0,0,NULL,NULL),(197,1,12,12,71,'PENYAMPAIAN KONTRAK PERKULIHAAN DAN MATERI PENDAHULUAN','2024/2025','MANAJEMEN PENJUALAN TUJUH RAHASIA SUKSES MARKETING ONLINE. Penulis : Danis Imam B',0,1,NULL,'2025-07-01 11:04:25'),(198,2,12,12,71,'BAB I BERBISNIS  OFFLINE dan ONLINE','2024/2025','Stratetgi Penjualan oleh Dr. Agus Wibowo, M.Kom, M.Si, MM.',0,1,NULL,'2025-07-01 11:04:25'),(199,3,12,12,71,'BAB II, SARANA/PERANGKAT untuk BISNIS ONLINE  (2.1-2,5)','2024/2025',NULL,0,1,NULL,'2025-07-01 11:04:25'),(200,4,12,12,71,'BAB II, SARANA/PERANGKAT untuk BISNIS ONLINE  (2.6-2,9)','2024/2025',NULL,0,1,NULL,'2025-07-01 11:04:25'),(201,5,12,12,71,'BAB III BERJUALAN VIA ONLINE','2024/2025',NULL,0,1,NULL,'2025-07-01 11:04:25'),(202,6,12,12,71,'BAB IVPROMOSI VIA INTERNET','2024/2025',NULL,0,1,NULL,'2025-07-01 11:04:25'),(203,7,12,12,71,'Tugas','2024/2025',NULL,0,1,NULL,'2025-07-01 11:04:25'),(204,8,12,12,71,'UTS','2024/2025',NULL,0,1,NULL,'2025-07-01 11:04:25'),(205,9,12,12,71,'BAB V MELAYANI KONSUMEN MELALUI TOKO ONLINE (5.1-5.10)','2024/2025',NULL,0,1,NULL,'2025-07-01 11:04:25'),(206,10,12,12,71,'BAB VI JAMINAN KEAMANAN DAN KUALITAS','2024/2025',NULL,0,1,NULL,'2025-07-01 11:04:25'),(207,11,12,12,71,'Tugas','2024/2025',NULL,0,1,NULL,'2025-07-01 11:04:25'),(208,12,12,12,71,'BAB VII BARANG DAN JASA YANG LARIS DIJUAL ONLINE','2024/2025',NULL,0,1,NULL,'2025-07-01 11:04:25'),(209,13,12,12,71,'tugas','2024/2025',NULL,0,1,NULL,'2025-07-01 11:04:25'),(210,14,12,12,71,'UAS','2024/2025',NULL,0,1,NULL,'2025-07-01 11:04:25'),(211,1,97,16,65,'Work and Motivation','2024/2025','-	MacKenzie, Ian (2010). English for Business Studies. United Kingdom: Cambridge University Press',1,1,NULL,'2025-03-18 11:14:01'),(212,2,97,16,65,'Managing Cross Culture','2024/2025','-	MacKenzie, Ian (2010). English for Business Studies. United Kingdom: Cambridge University Press',1,1,NULL,'2025-03-18 11:14:01'),(213,3,97,16,65,'Building Relationship (Cross-Cultural Understanding)','2024/2025','-	Sweeny, Simon. English for Business Communication Second Edition. (2003). Cambridge University Press.',1,1,NULL,'2025-03-18 11:14:01'),(214,4,97,16,65,'Culture and Entertainment','2024/2025','-	Sweeny, Simon. English for Business Communication Second Edition. (2003). Cambridge University Press.',1,1,NULL,'2025-03-18 11:14:01'),(215,5,97,16,65,'Telephoning (Can I leave a message?)','2024/2025','-	Sweeny, Simon. English for Business Communication Second Edition. (2003). Cambridge University Press.',1,1,NULL,'2025-03-18 11:14:01'),(216,6,97,16,65,'Telephoning (Good to hear you again!)','2024/2025','-	Sweeny, Simon. English for Business Communication Second Edition. (2003). Cambridge University Press.',1,1,NULL,'2025-03-18 11:14:01'),(217,7,97,16,65,'Presentation (Planning and getting started)','2024/2025','-	Sweeny, Simon. English for Business Communication Second Edition. (2003). Cambridge University Press.',1,1,NULL,'2025-03-18 11:14:01'),(218,8,97,16,65,'Presentation (Image, impact and making an impression)','2024/2025','-	Sweeny, Simon. English for Business Communication Second Edition. (2003). Cambridge University Press.',1,1,NULL,'2025-03-18 11:14:01'),(219,9,97,16,65,'Presentation (Introduction)','2024/2025','-	Sweeny, Simon. English for Business Communication Second Edition. (2003). Cambridge University Press.',1,1,NULL,'2025-03-18 11:14:01'),(220,10,97,16,65,'Presentation (The Middle of Presentation)','2024/2025','-	Sweeny, Simon. English for Business Communication Second Edition. (2003). Cambridge University Press.',1,1,NULL,'2025-03-18 11:14:01'),(221,11,97,16,65,'Presentation (This is the End)','2024/2025','-	Sweeny, Simon. English for Business Communication Second Edition. (2003). Cambridge University Press.',1,1,NULL,'2025-03-18 11:14:01'),(222,12,97,16,65,'Students’ Presentation','2024/2025','Students\' resources',1,1,NULL,'2025-03-18 11:14:01'),(223,13,97,16,65,'Students’ Presentation','2024/2025','Students\' resources',1,1,NULL,'2025-03-18 11:14:01'),(224,14,97,16,65,'Students’ Presentation','2024/2025','Students\' resources',1,1,NULL,'2025-03-18 11:14:01'),(225,1,16,3,21,'Prinsip dasar sistem jaringan komputer','2024/2025','Md Shah, Syarulnaziah Anawar, Debian 9 Stretch Basic Administration, 2019, UTeM Press',1,1,NULL,'2025-03-17 14:07:43'),(226,2,16,3,21,'Sistem Operasi jaringan komputer','2024/2025','Md Shah, Syarulnaziah Anawar, Debian 9 Stretch Basic Administration, 2019, UTeM Press',1,1,NULL,'2025-03-17 14:07:43'),(227,3,16,3,21,'Konfigurasi dan mengelola infrastruktur jaringan komputer','2024/2025','Cisco  Networking Academy',1,1,NULL,'2025-03-17 14:07:43'),(228,4,16,3,21,'Konsep TCP/IP','2024/2025','Cisco  Networking Academy',1,1,NULL,'2025-03-17 14:07:44'),(229,5,16,3,21,'Dasar Mikrotik','2024/2025','Rendra Toidjojo, Mikrotik Kung Fu : Kitab 1 (Edisi 2019), Jasakom, 2019',1,1,NULL,'2025-03-17 14:07:44'),(230,6,16,3,21,'Hotspot Mikrotik','2024/2025','Rendra Toidjojo, Mikrotik Kung Fu : Kitab 1 (Edisi 2019), Jasakom, 2019',1,1,NULL,'2025-03-17 14:07:44'),(231,7,16,3,21,'Konfigurasi Server dengan operating sistem linux','2024/2025','Md Shah, Syarulnaziah Anawar, Debian 9 Stretch Basic Administration, 2019, UTeM Press',1,1,NULL,'2025-03-17 14:07:44'),(232,8,16,3,21,'Konfigurasi DHCP server','2024/2025','Md Shah, Syarulnaziah Anawar, Debian 9 Stretch Basic Administration, 2019, UTeM Press',1,1,NULL,'2025-03-17 14:07:44'),(233,9,16,3,21,'Konfigurasi FTP dan file server','2024/2025','Md Shah, Syarulnaziah Anawar, Debian 9 Stretch Basic Administration, 2019, UTeM Press',1,1,NULL,'2025-03-17 14:07:44'),(234,10,16,3,21,'Konfigurasi DNS server','2024/2025','Md Shah, Syarulnaziah Anawar, Debian 9 Stretch Basic Administration, 2019, UTeM Press',1,1,NULL,'2025-03-17 14:07:44'),(235,11,16,3,21,'Konfigurasi WEB server','2024/2025','Md Shah, Syarulnaziah Anawar, Debian 9 Stretch Basic Administration, 2019, UTeM Press',1,1,NULL,'2025-03-17 14:07:44'),(236,12,16,3,21,'Konfigurasi Database server','2024/2025','Md Shah, Syarulnaziah Anawar, Debian 9 Stretch Basic Administration, 2019, UTeM Press',1,1,NULL,'2025-03-17 14:07:44'),(237,13,16,3,21,'Konfigurasi Mail server','2024/2025','Md Shah, Syarulnaziah Anawar, Debian 9 Stretch Basic Administration, 2019, UTeM Press',1,1,NULL,'2025-03-17 14:07:44'),(238,14,16,3,21,'Konfigurasi Hosting','2024/2025','Md Shah, Syarulnaziah Anawar, Debian 9 Stretch Basic Administration, 2019, UTeM Press',1,1,NULL,'2025-03-17 14:07:44'),(239,1,48,19,22,'Prinsip dasar sistem jaringan komputer','2024/2025','Md Shah, Syarulnaziah Anawar, Debian 9 Stretch Basic Administration, 2019, UTeM Press',0,1,NULL,'2025-03-14 19:54:36'),(240,2,48,19,22,'Sistem Operasi jaringan komputer','2024/2025','Md Shah, Syarulnaziah Anawar, Debian 9 Stretch Basic Administration, 2019, UTeM Press',0,1,NULL,'2025-03-14 19:54:36'),(241,3,48,19,22,'Konfigurasi dan mengelola infrastruktur jaringan komputer','2024/2025','Cisco  Networking Academy',0,1,NULL,'2025-03-14 19:54:36'),(242,4,48,19,22,'Konsep TCP/IP','2024/2025','Cisco  Networking Academy',0,1,NULL,'2025-03-14 19:54:36'),(243,5,48,19,22,'Dasar Mikrotik','2024/2025','Rendra Toidjojo, Mikrotik Kung Fu : Kitab 1 (Edisi 2019), Jasakom, 2019',0,1,NULL,'2025-03-14 19:54:36'),(244,6,48,19,22,'Hotspot Mikrotik','2024/2025','Rendra Toidjojo, Mikrotik Kung Fu : Kitab 1 (Edisi 2019), Jasakom, 2019',0,1,NULL,'2025-03-14 19:54:36'),(245,7,48,19,22,'Konfigurasi Server dengan operating sistem linux','2024/2025','Md Shah, Syarulnaziah Anawar, Debian 9 Stretch Basic Administration, 2019, UTeM Press',0,1,NULL,'2025-03-14 19:54:36'),(246,8,48,19,22,'Konfigurasi DHCP server','2024/2025','Md Shah, Syarulnaziah Anawar, Debian 9 Stretch Basic Administration, 2019, UTeM Press',0,1,NULL,'2025-03-14 19:54:36'),(247,9,48,19,22,'Konfigurasi FTP dan file server','2024/2025','Md Shah, Syarulnaziah Anawar, Debian 9 Stretch Basic Administration, 2019, UTeM Press',0,1,NULL,'2025-03-14 19:54:36'),(248,10,48,19,22,'Konfigurasi DNS server','2024/2025','Md Shah, Syarulnaziah Anawar, Debian 9 Stretch Basic Administration, 2019, UTeM Press',0,1,NULL,'2025-03-14 19:54:36'),(249,11,48,19,22,'Konfigurasi WEB server','2024/2025','Md Shah, Syarulnaziah Anawar, Debian 9 Stretch Basic Administration, 2019, UTeM Press',0,1,NULL,'2025-03-14 19:54:36'),(250,12,48,19,22,'Konfigurasi Database server','2024/2025','Md Shah, Syarulnaziah Anawar, Debian 9 Stretch Basic Administration, 2019, UTeM Press',0,1,NULL,'2025-03-14 19:54:36'),(251,13,48,19,22,'Konfigurasi Mail server','2024/2025','Md Shah, Syarulnaziah Anawar, Debian 9 Stretch Basic Administration, 2019, UTeM Press',0,1,NULL,'2025-03-14 19:54:36'),(252,14,48,19,22,'Konfigurasi Hosting','2024/2025','Md Shah, Syarulnaziah Anawar, Debian 9 Stretch Basic Administration, 2019, UTeM Press',0,1,NULL,'2025-03-14 19:54:36'),(253,1,86,9,87,'Karakteristik penelitian, proses dan overview mata kuliah','2024/2025',NULL,0,0,NULL,NULL),(254,2,86,9,87,NULL,'2024/2025',NULL,0,0,NULL,NULL),(255,3,86,9,87,NULL,'2024/2025',NULL,0,0,NULL,NULL),(256,4,86,9,87,NULL,'2024/2025',NULL,0,0,NULL,NULL),(257,5,86,9,87,NULL,'2024/2025',NULL,0,0,NULL,NULL),(258,6,86,9,87,NULL,'2024/2025',NULL,0,0,NULL,NULL),(259,7,86,9,87,NULL,'2024/2025',NULL,0,0,NULL,NULL),(260,8,86,9,87,NULL,'2024/2025',NULL,0,0,NULL,NULL),(261,9,86,9,87,NULL,'2024/2025',NULL,0,0,NULL,NULL),(262,10,86,9,87,NULL,'2024/2025',NULL,0,0,NULL,NULL),(263,11,86,9,87,NULL,'2024/2025',NULL,0,0,NULL,NULL),(264,12,86,9,87,NULL,'2024/2025',NULL,0,0,NULL,NULL),(265,13,86,9,87,NULL,'2024/2025',NULL,0,0,NULL,NULL),(266,14,86,9,87,NULL,'2024/2025',NULL,0,0,NULL,NULL),(267,1,55,20,86,'Pengantar Mata kuliah','2024/2025','Ade Djohar Maturidi, METODE PENELITIAN TEKNIK INFORMATIKA, 2014, Deepublish',1,1,'2025-03-17 02:58:53','2025-03-19 10:24:31'),(268,2,55,20,86,'Tujuan Mata Kuliah','2024/2025','Ade Djohar Maturidi, METODE PENELITIAN TEKNIK INFORMATIKA, 2014, Deepublish',1,1,'2025-03-17 02:58:53','2025-03-19 10:24:31'),(269,3,55,20,86,'Metode penelitian','2024/2025','Ade Djohar Maturidi, METODE PENELITIAN TEKNIK INFORMATIKA, 2014, Deepublish',1,1,'2025-03-17 02:58:53','2025-03-19 10:24:31'),(270,4,55,20,86,'Teknik Pengambilan data','2024/2025','Ade Djohar Maturidi, METODE PENELITIAN TEKNIK INFORMATIKA, 2014, Deepublish',1,1,'2025-03-17 02:58:53','2025-03-19 10:24:31'),(271,5,55,20,86,'Teknik Pengambilan data','2024/2025','Ade Djohar Maturidi, METODE PENELITIAN TEKNIK INFORMATIKA, 2014, Deepublish',1,1,'2025-03-17 02:58:53','2025-03-19 10:24:31'),(272,6,55,20,86,'Perancangan Sistem','2024/2025','Ade Djohar Maturidi, METODE PENELITIAN TEKNIK INFORMATIKA, 2014, Deepublish',1,1,'2025-03-17 02:58:53','2025-03-19 10:24:31'),(273,7,55,20,86,'Perancangan Sistem','2024/2025','Ade Djohar Maturidi, METODE PENELITIAN TEKNIK INFORMATIKA, 2014, Deepublish',1,1,'2025-03-17 02:58:53','2025-03-19 10:24:31'),(274,8,55,20,86,'Tata Tulis Laporan','2024/2025','Muhamad Muslihudin, Oktafianto, ANALISIS DAN PERANCANGAN SISTEM INFORMASI MENGGUNAKAN MODEL TERSTRUKTUR DAN UML, 2016, Penerbit Andi',1,1,'2025-03-17 02:58:53','2025-03-19 10:24:31'),(275,9,55,20,86,'Pembimbingan Perancangan','2024/2025','Muhamad Muslihudin, Oktafianto, ANALISIS DAN PERANCANGAN SISTEM INFORMASI MENGGUNAKAN MODEL TERSTRUKTUR DAN UML, 2016, Penerbit Andi',1,1,'2025-03-17 02:58:53','2025-03-19 10:24:31'),(276,10,55,20,86,'Pembimbingan Perancangan','2024/2025','Muhamad Muslihudin, Oktafianto, ANALISIS DAN PERANCANGAN SISTEM INFORMASI MENGGUNAKAN MODEL TERSTRUKTUR DAN UML, 2016, Penerbit Andi',1,1,'2025-03-17 02:58:53','2025-03-19 10:24:31'),(277,11,55,20,86,'Pembimbingan Program','2024/2025','Muhamad Muslihudin, Oktafianto, ANALISIS DAN PERANCANGAN SISTEM INFORMASI MENGGUNAKAN MODEL TERSTRUKTUR DAN UML, 2016, Penerbit Andi',1,1,'2025-03-17 02:58:53','2025-03-19 10:24:31'),(278,12,55,20,86,'Pembimbingan Program','2024/2025','Muhamad Muslihudin, Oktafianto, ANALISIS DAN PERANCANGAN SISTEM INFORMASI MENGGUNAKAN MODEL TERSTRUKTUR DAN UML, 2016, Penerbit Andi',1,1,'2025-03-17 02:58:53','2025-03-19 10:24:31'),(279,13,55,20,86,'Pembimbingan Laporan','2024/2025','Muhamad Muslihudin, Oktafianto, ANALISIS DAN PERANCANGAN SISTEM INFORMASI MENGGUNAKAN MODEL TERSTRUKTUR DAN UML, 2016, Penerbit Andi',1,1,'2025-03-17 02:58:53','2025-03-19 10:24:31'),(280,14,55,20,86,'Pembimbingan Laporan','2024/2025','Muhamad Muslihudin, Oktafianto, ANALISIS DAN PERANCANGAN SISTEM INFORMASI MENGGUNAKAN MODEL TERSTRUKTUR DAN UML, 2016, Penerbit Andi',1,1,'2025-03-17 02:58:53','2025-03-19 10:24:31'),(281,0,55,20,86,NULL,'2024/2025','`',1,1,'2025-03-17 02:58:53','2025-03-17 14:07:30'),(282,1,21,2,85,'Pengantar Mata kuliah','2024/2025','Cisco  Networking Academy',1,1,'2025-03-17 03:00:17','2025-03-17 14:11:59'),(283,2,21,2,85,'Tujuan Mata Kuliah','2024/2025','Rendra Toidjojo, Mikrotik Kung Fu : Kitab 1 (Edisi 2019), Jasakom, 2019',1,1,'2025-03-17 03:00:17','2025-03-17 14:11:59'),(284,3,21,2,85,'Metode penelitian','2024/2025','Rendra Toidjojo, Mikrotik Kung Fu : Kitab 2(Edisi 2019), Jasakom, 2019',1,1,'2025-03-17 03:00:17','2025-03-17 14:11:59'),(285,4,21,2,85,'Teknik Pengambilan data','2024/2025','Rendra Toidjojo, Mikrotik Kung Fu : Kitab 3 (Edisi 2019), Jasakom, 2019',1,1,'2025-03-17 03:00:17','2025-03-17 14:11:59'),(286,5,21,2,85,'Teknik Pengambilan data','2024/2025','Cisco  Networking Academy',1,1,'2025-03-17 03:00:17','2025-03-17 14:11:59'),(287,6,21,2,85,'Perancangan Jaringan','2024/2025','Rendra Toidjojo, Mikrotik Kung Fu : Kitab 1 (Edisi 2019), Jasakom, 2019',1,1,'2025-03-17 03:00:17','2025-03-17 14:11:59'),(288,7,21,2,85,'Konfigurasi Jaringan','2024/2025','Rendra Toidjojo, Mikrotik Kung Fu : Kitab 2(Edisi 2019), Jasakom, 2019',1,1,'2025-03-17 03:00:17','2025-03-17 14:11:59'),(289,8,21,2,85,'Pembimbingan Projek','2024/2025','Rendra Toidjojo, Mikrotik Kung Fu : Kitab 3 (Edisi 2019), Jasakom, 2019',1,1,'2025-03-17 03:00:17','2025-03-17 14:11:59'),(290,9,21,2,85,'Konfigurasi Jaringan','2024/2025','Cisco  Networking Academy',1,1,'2025-03-17 03:00:17','2025-03-17 14:11:59'),(291,10,21,2,85,'Pengujian','2024/2025','Rendra Toidjojo, Mikrotik Kung Fu : Kitab 1 (Edisi 2019), Jasakom, 2019',1,1,'2025-03-17 03:00:17','2025-03-17 14:11:59'),(292,11,21,2,85,'Pembimbingan Projek','2024/2025','Rendra Toidjojo, Mikrotik Kung Fu : Kitab 2(Edisi 2019), Jasakom, 2019',1,1,'2025-03-17 03:00:17','2025-03-17 14:11:59'),(293,12,21,2,85,'Tata Tulis Laporan','2024/2025','Rendra Toidjojo, Mikrotik Kung Fu : Kitab 3 (Edisi 2019), Jasakom, 2019',1,1,'2025-03-17 03:00:17','2025-03-17 14:11:59'),(294,13,21,2,85,'Pembimbingan Laporan','2024/2025','Rendra Toidjojo, Mikrotik Kung Fu : Kitab 1 (Edisi 2019), Jasakom, 2019',1,1,'2025-03-17 03:00:17','2025-03-17 14:11:59'),(295,14,21,2,85,'Pembimbingan Laporan','2024/2025','Rendra Toidjojo, Mikrotik Kung Fu : Kitab 1 (Edisi 2019), Jasakom, 2019',1,1,'2025-03-17 03:00:17','2025-03-17 14:11:59'),(296,0,21,2,85,NULL,'2024/2025','`',1,1,'2025-03-17 03:00:17','2025-03-17 14:11:59'),(297,1,44,19,26,'Pengantar Mata kuliah','2024/2025','Cisco  Networking Academy',1,1,'2025-03-17 03:00:35','2025-03-17 14:05:58'),(298,2,44,19,26,'Tujuan Mata Kuliah','2024/2025','Rendra Toidjojo, Mikrotik Kung Fu : Kitab 1 (Edisi 2019), Jasakom, 2019',1,1,'2025-03-17 03:00:35','2025-03-17 14:05:58'),(299,3,44,19,26,'Metode penelitian','2024/2025','Rendra Toidjojo, Mikrotik Kung Fu : Kitab 2(Edisi 2019), Jasakom, 2019',1,1,'2025-03-17 03:00:35','2025-03-17 14:05:58'),(300,4,44,19,26,'Teknik Pengambilan data','2024/2025','Rendra Toidjojo, Mikrotik Kung Fu : Kitab 3 (Edisi 2019), Jasakom, 2019',1,1,'2025-03-17 03:00:35','2025-03-17 14:05:58'),(301,5,44,19,26,'Teknik Pengambilan data','2024/2025','Cisco  Networking Academy',1,1,'2025-03-17 03:00:35','2025-03-17 14:05:58'),(302,6,44,19,26,'Perancangan Jaringan','2024/2025','Rendra Toidjojo, Mikrotik Kung Fu : Kitab 1 (Edisi 2019), Jasakom, 2019',1,1,'2025-03-17 03:00:35','2025-03-17 14:05:58'),(303,7,44,19,26,'Konfigurasi Jaringan','2024/2025','Rendra Toidjojo, Mikrotik Kung Fu : Kitab 2(Edisi 2019), Jasakom, 2019',1,1,'2025-03-17 03:00:35','2025-03-17 14:05:58'),(304,8,44,19,26,'Pembimbingan Projek','2024/2025','Rendra Toidjojo, Mikrotik Kung Fu : Kitab 3 (Edisi 2019), Jasakom, 2019',1,1,'2025-03-17 03:00:35','2025-03-17 14:05:58'),(305,9,44,19,26,'Konfigurasi Jaringan','2024/2025','Cisco  Networking Academy',1,1,'2025-03-17 03:00:35','2025-03-17 14:05:58'),(306,10,44,19,26,'Pengujian','2024/2025','Rendra Toidjojo, Mikrotik Kung Fu : Kitab 1 (Edisi 2019), Jasakom, 2019',1,1,'2025-03-17 03:00:35','2025-03-17 14:05:58'),(307,11,44,19,26,'Pembimbingan Projek','2024/2025','Rendra Toidjojo, Mikrotik Kung Fu : Kitab 2(Edisi 2019), Jasakom, 2019',1,1,'2025-03-17 03:00:35','2025-03-17 14:05:58'),(308,12,44,19,26,'Tata Tulis Laporan','2024/2025','Rendra Toidjojo, Mikrotik Kung Fu : Kitab 3 (Edisi 2019), Jasakom, 2019',1,1,'2025-03-17 03:00:35','2025-03-17 14:05:58'),(309,13,44,19,26,'Pembimbingan Laporan','2024/2025','Rendra Toidjojo, Mikrotik Kung Fu : Kitab 1 (Edisi 2019), Jasakom, 2019',1,1,'2025-03-17 03:00:35','2025-03-17 14:05:58'),(310,14,44,19,26,'Pembimbingan Laporan','2024/2025','Rendra Toidjojo, Mikrotik Kung Fu : Kitab 1 (Edisi 2019), Jasakom, 2019',1,1,'2025-03-17 03:00:35','2025-03-17 14:05:58'),(311,0,44,19,26,NULL,'2024/2025','`',1,1,'2025-03-17 03:00:35','2025-03-17 14:05:58'),(312,1,28,5,52,'Pengantar Mata kuliah','2024/2025','Ade Djohar Maturidi, METODE PENELITIAN TEKNIK INFORMATIKA, 2014, Deepublish',1,1,'2025-03-17 03:05:44','2025-03-17 14:11:24'),(313,2,28,5,52,'Tujuan Mata Kuliah','2024/2025','Ade Djohar Maturidi, METODE PENELITIAN TEKNIK INFORMATIKA, 2014, Deepublish',1,1,'2025-03-17 03:05:44','2025-03-17 14:11:24'),(314,3,28,5,52,'Metode penelitian','2024/2025','Ade Djohar Maturidi, METODE PENELITIAN TEKNIK INFORMATIKA, 2014, Deepublish',1,1,'2025-03-17 03:05:44','2025-03-17 14:11:24'),(315,4,28,5,52,'Teknik Pengambilan data','2024/2025','Ade Djohar Maturidi, METODE PENELITIAN TEKNIK INFORMATIKA, 2014, Deepublish',1,1,'2025-03-17 03:05:44','2025-03-17 14:11:24'),(316,5,28,5,52,'Teknik Pengambilan data','2024/2025','Ade Djohar Maturidi, METODE PENELITIAN TEKNIK INFORMATIKA, 2014, Deepublish',1,1,'2025-03-17 03:05:44','2025-03-17 14:11:24'),(317,6,28,5,52,'Perancangan Sistem','2024/2025','Ade Djohar Maturidi, METODE PENELITIAN TEKNIK INFORMATIKA, 2014, Deepublish',1,1,'2025-03-17 03:05:44','2025-03-17 14:11:24'),(318,7,28,5,52,'Perancangan Sistem','2024/2025','Ade Djohar Maturidi, METODE PENELITIAN TEKNIK INFORMATIKA, 2014, Deepublish',1,1,'2025-03-17 03:05:44','2025-03-17 14:11:24'),(319,8,28,5,52,'Tata Tulis Laporan','2024/2025','Muhamad Muslihudin, Oktafianto, ANALISIS DAN PERANCANGAN SISTEM INFORMASI MENGGUNAKAN MODEL TERSTRUKTUR DAN UML, 2016, Penerbit Andi',1,1,'2025-03-17 03:05:44','2025-03-17 14:11:24'),(320,9,28,5,52,'Pembimbingan Perancangan','2024/2025','Muhamad Muslihudin, Oktafianto, ANALISIS DAN PERANCANGAN SISTEM INFORMASI MENGGUNAKAN MODEL TERSTRUKTUR DAN UML, 2016, Penerbit Andi',1,1,'2025-03-17 03:05:44','2025-03-17 14:11:24'),(321,10,28,5,52,'Pembimbingan Perancangan','2024/2025','Muhamad Muslihudin, Oktafianto, ANALISIS DAN PERANCANGAN SISTEM INFORMASI MENGGUNAKAN MODEL TERSTRUKTUR DAN UML, 2016, Penerbit Andi',1,1,'2025-03-17 03:05:44','2025-03-17 14:11:24'),(322,11,28,5,52,'Pembimbingan Program','2024/2025','Muhamad Muslihudin, Oktafianto, ANALISIS DAN PERANCANGAN SISTEM INFORMASI MENGGUNAKAN MODEL TERSTRUKTUR DAN UML, 2016, Penerbit Andi',1,1,'2025-03-17 03:05:44','2025-03-17 14:11:24'),(323,12,28,5,52,'Pembimbingan Program','2024/2025','Muhamad Muslihudin, Oktafianto, ANALISIS DAN PERANCANGAN SISTEM INFORMASI MENGGUNAKAN MODEL TERSTRUKTUR DAN UML, 2016, Penerbit Andi',1,1,'2025-03-17 03:05:44','2025-03-17 14:11:24'),(324,13,28,5,52,'Pembimbingan Laporan','2024/2025','Muhamad Muslihudin, Oktafianto, ANALISIS DAN PERANCANGAN SISTEM INFORMASI MENGGUNAKAN MODEL TERSTRUKTUR DAN UML, 2016, Penerbit Andi',1,1,'2025-03-17 03:05:44','2025-03-17 14:11:24'),(325,14,28,5,52,'Pembimbingan Laporan','2024/2025','Muhamad Muslihudin, Oktafianto, ANALISIS DAN PERANCANGAN SISTEM INFORMASI MENGGUNAKAN MODEL TERSTRUKTUR DAN UML, 2016, Penerbit Andi',1,1,'2025-03-17 03:05:44','2025-03-17 14:11:24'),(326,0,28,5,52,NULL,'2024/2025','`',1,1,'2025-03-17 03:05:44','2025-03-17 14:11:24'),(327,1,28,4,14,'Pengantar Mata kuliah','2024/2025','Ade Djohar Maturidi, METODE PENELITIAN TEKNIK INFORMATIKA, 2014, Deepublish',1,1,'2025-03-17 03:06:10','2025-03-17 14:05:20'),(328,2,28,4,14,'Tujuan Mata Kuliah','2024/2025','Ade Djohar Maturidi, METODE PENELITIAN TEKNIK INFORMATIKA, 2014, Deepublish',1,1,'2025-03-17 03:06:10','2025-03-17 14:05:20'),(329,3,28,4,14,'Metode penelitian','2024/2025','Ade Djohar Maturidi, METODE PENELITIAN TEKNIK INFORMATIKA, 2014, Deepublish',1,1,'2025-03-17 03:06:10','2025-03-17 14:05:20'),(330,4,28,4,14,'Teknik Pengambilan data','2024/2025','Ade Djohar Maturidi, METODE PENELITIAN TEKNIK INFORMATIKA, 2014, Deepublish',1,1,'2025-03-17 03:06:10','2025-03-17 14:05:20'),(331,5,28,4,14,'Teknik Pengambilan data','2024/2025','Ade Djohar Maturidi, METODE PENELITIAN TEKNIK INFORMATIKA, 2014, Deepublish',1,1,'2025-03-17 03:06:10','2025-03-17 14:05:20'),(332,6,28,4,14,'Perancangan Sistem','2024/2025','Ade Djohar Maturidi, METODE PENELITIAN TEKNIK INFORMATIKA, 2014, Deepublish',1,1,'2025-03-17 03:06:10','2025-03-17 14:05:20'),(333,7,28,4,14,'Perancangan Sistem','2024/2025','Ade Djohar Maturidi, METODE PENELITIAN TEKNIK INFORMATIKA, 2014, Deepublish',1,1,'2025-03-17 03:06:10','2025-03-17 14:05:20'),(334,8,28,4,14,'Tata Tulis Laporan','2024/2025','Muhamad Muslihudin, Oktafianto, ANALISIS DAN PERANCANGAN SISTEM INFORMASI MENGGUNAKAN MODEL TERSTRUKTUR DAN UML, 2016, Penerbit Andi',1,1,'2025-03-17 03:06:10','2025-03-17 14:05:20'),(335,9,28,4,14,'Pembimbingan Perancangan','2024/2025','Muhamad Muslihudin, Oktafianto, ANALISIS DAN PERANCANGAN SISTEM INFORMASI MENGGUNAKAN MODEL TERSTRUKTUR DAN UML, 2016, Penerbit Andi',1,1,'2025-03-17 03:06:10','2025-03-17 14:05:20'),(336,10,28,4,14,'Pembimbingan Perancangan','2024/2025','Muhamad Muslihudin, Oktafianto, ANALISIS DAN PERANCANGAN SISTEM INFORMASI MENGGUNAKAN MODEL TERSTRUKTUR DAN UML, 2016, Penerbit Andi',1,1,'2025-03-17 03:06:10','2025-03-17 14:05:20'),(337,11,28,4,14,'Pembimbingan Program','2024/2025','Muhamad Muslihudin, Oktafianto, ANALISIS DAN PERANCANGAN SISTEM INFORMASI MENGGUNAKAN MODEL TERSTRUKTUR DAN UML, 2016, Penerbit Andi',1,1,'2025-03-17 03:06:10','2025-03-17 14:05:20'),(338,12,28,4,14,'Pembimbingan Program','2024/2025','Muhamad Muslihudin, Oktafianto, ANALISIS DAN PERANCANGAN SISTEM INFORMASI MENGGUNAKAN MODEL TERSTRUKTUR DAN UML, 2016, Penerbit Andi',1,1,'2025-03-17 03:06:10','2025-03-17 14:05:20'),(339,13,28,4,14,'Pembimbingan Laporan','2024/2025','Muhamad Muslihudin, Oktafianto, ANALISIS DAN PERANCANGAN SISTEM INFORMASI MENGGUNAKAN MODEL TERSTRUKTUR DAN UML, 2016, Penerbit Andi',1,1,'2025-03-17 03:06:10','2025-03-17 14:05:20'),(340,14,28,4,14,'Pembimbingan Laporan','2024/2025','Muhamad Muslihudin, Oktafianto, ANALISIS DAN PERANCANGAN SISTEM INFORMASI MENGGUNAKAN MODEL TERSTRUKTUR DAN UML, 2016, Penerbit Andi',1,1,'2025-03-17 03:06:10','2025-03-17 14:05:20'),(341,0,28,4,14,NULL,'2024/2025','`',1,1,'2025-03-17 03:06:10','2025-03-17 14:05:20'),(342,1,21,3,25,'Pengantar Mata kuliah','2024/2025','Cisco  Networking Academy',1,1,'2025-03-17 03:06:23','2025-03-17 13:47:58'),(343,2,21,3,25,'Tujuan Mata Kuliah','2024/2025','Rendra Toidjojo, Mikrotik Kung Fu : Kitab 1 (Edisi 2019), Jasakom, 2019',1,1,'2025-03-17 03:06:23','2025-03-17 13:47:58'),(344,3,21,3,25,'Metode penelitian','2024/2025','Rendra Toidjojo, Mikrotik Kung Fu : Kitab 2(Edisi 2019), Jasakom, 2019',1,1,'2025-03-17 03:06:23','2025-03-17 13:47:58'),(345,4,21,3,25,'Teknik Pengambilan data','2024/2025','Rendra Toidjojo, Mikrotik Kung Fu : Kitab 3 (Edisi 2019), Jasakom, 2019',1,1,'2025-03-17 03:06:23','2025-03-17 13:47:58'),(346,5,21,3,25,'Teknik Pengambilan data','2024/2025','Cisco  Networking Academy',1,1,'2025-03-17 03:06:23','2025-03-17 13:47:58'),(347,6,21,3,25,'Perancangan Jaringan','2024/2025','Rendra Toidjojo, Mikrotik Kung Fu : Kitab 1 (Edisi 2019), Jasakom, 2019',1,1,'2025-03-17 03:06:23','2025-03-17 13:47:58'),(348,7,21,3,25,'Konfigurasi Jaringan','2024/2025','Rendra Toidjojo, Mikrotik Kung Fu : Kitab 2(Edisi 2019), Jasakom, 2019',1,1,'2025-03-17 03:06:23','2025-03-17 13:47:58'),(349,8,21,3,25,'Pembimbingan Projek','2024/2025','Rendra Toidjojo, Mikrotik Kung Fu : Kitab 3 (Edisi 2019), Jasakom, 2019',1,1,'2025-03-17 03:06:23','2025-03-17 13:47:58'),(350,9,21,3,25,'Konfigurasi Jaringan','2024/2025','Cisco  Networking Academy',1,1,'2025-03-17 03:06:23','2025-03-17 13:47:58'),(351,10,21,3,25,'Pengujian','2024/2025','Rendra Toidjojo, Mikrotik Kung Fu : Kitab 1 (Edisi 2019), Jasakom, 2019',1,1,'2025-03-17 03:06:23','2025-03-17 13:47:58'),(352,11,21,3,25,'Pembimbingan Projek','2024/2025','Rendra Toidjojo, Mikrotik Kung Fu : Kitab 2(Edisi 2019), Jasakom, 2019',1,1,'2025-03-17 03:06:23','2025-03-17 13:47:58'),(353,12,21,3,25,'Tata Tulis Laporan','2024/2025','Rendra Toidjojo, Mikrotik Kung Fu : Kitab 3 (Edisi 2019), Jasakom, 2019',1,1,'2025-03-17 03:06:23','2025-03-17 13:47:58'),(354,13,21,3,25,'Pembimbingan Laporan','2024/2025','Rendra Toidjojo, Mikrotik Kung Fu : Kitab 1 (Edisi 2019), Jasakom, 2019',1,1,'2025-03-17 03:06:23','2025-03-17 13:47:58'),(355,14,21,3,25,'Pembimbingan Laporan','2024/2025','Rendra Toidjojo, Mikrotik Kung Fu : Kitab 1 (Edisi 2019), Jasakom, 2019',1,1,'2025-03-17 03:06:23','2025-03-17 13:47:58'),(356,0,21,3,25,NULL,'2024/2025','`',1,1,'2025-03-17 03:06:23','2025-03-17 13:47:58'),(357,1,88,10,109,'Membuat Database baru menggunakan Accurate Accounting V 4','2024/2025','Accurate.id, sistem informasi akuntansi. https://accurate.id/akuntansi/sisteminformasi-akuntansi/ (diakses 20 Oktober 2020 pukul 15.15)',0,0,NULL,NULL),(358,2,88,10,109,'Edit, Tambah dan Hapus Daftar Akun','2024/2025','Ikatan Akuntansi Indonesia (IAI). Pernyataan Standar Akuntansi Keuangan (PSAK) 14: Persediaan. Jakarta: 2014.',0,0,NULL,NULL),(359,3,88,10,109,'Persiapan Preferensi','2024/2025','Accounting Bee. (2019b). Software Akuntansi Accurate Vs Bee Accounting.Retrieved July 24, 2019, from http://www.beeaccounting.com/blog/softwareakuntansi-accurate-vs-bee-accounting/',0,0,NULL,NULL),(360,4,88,10,109,'Modul Pembelian','2024/2025',NULL,0,0,NULL,NULL),(361,5,88,10,109,NULL,'2024/2025',NULL,0,0,NULL,NULL),(362,6,88,10,109,NULL,'2024/2025',NULL,0,0,NULL,NULL),(363,7,88,10,109,NULL,'2024/2025',NULL,0,0,NULL,NULL),(364,8,88,10,109,NULL,'2024/2025',NULL,0,0,NULL,NULL),(365,9,88,10,109,NULL,'2024/2025',NULL,0,0,NULL,NULL),(366,10,88,10,109,NULL,'2024/2025',NULL,0,0,NULL,NULL),(367,11,88,10,109,NULL,'2024/2025',NULL,0,0,NULL,NULL),(368,12,88,10,109,NULL,'2024/2025',NULL,0,0,NULL,NULL),(369,13,88,10,109,NULL,'2024/2025',NULL,0,0,NULL,NULL),(370,14,88,10,109,NULL,'2024/2025',NULL,0,0,NULL,NULL),(371,1,88,9,82,'Membuat Database baru menggunakan Accurate Accounting V 4','2024/2025','Accurate.id, sistem informasi akuntansi. https://accurate.id/akuntansi/sisteminformasi-akuntansi/ (diakses 20 Oktober 2020 pukul 15.15)',0,0,NULL,NULL),(372,2,88,9,82,'Edit, Tambah dan Hapus Daftar Akun','2024/2025','Ikatan Akuntansi Indonesia (IAI). Pernyataan Standar Akuntansi Keuangan (PSAK) 14: Persediaan. Jakarta: 2014.',0,0,NULL,NULL),(373,3,88,9,82,'Persiapan Preferensi','2024/2025','Accounting Bee. (2019b). Software Akuntansi Accurate Vs Bee Accounting.Retrieved July 24, 2019, from http://www.beeaccounting.com/blog/softwareakuntansi-accurate-vs-bee-accounting/',0,0,NULL,NULL),(374,4,88,9,82,'Modul Penjualan','2024/2025','Accounting Bee. (2019b). Software Akuntansi Accurate Vs Bee Accounting.Retrieved July 24, 2019, from http://www.beeaccounting.com/blog/softwareakuntansi-accurate-vs-bee-accounting/',0,0,NULL,NULL),(375,5,88,9,82,NULL,'2024/2025',NULL,0,0,NULL,NULL),(376,6,88,9,82,NULL,'2024/2025',NULL,0,0,NULL,NULL),(377,7,88,9,82,NULL,'2024/2025',NULL,0,0,NULL,NULL),(378,8,88,9,82,NULL,'2024/2025',NULL,0,0,NULL,NULL),(379,9,88,9,82,NULL,'2024/2025',NULL,0,0,NULL,NULL),(380,10,88,9,82,NULL,'2024/2025',NULL,0,0,NULL,NULL),(381,11,88,9,82,NULL,'2024/2025',NULL,0,0,NULL,NULL),(382,12,88,9,82,NULL,'2024/2025',NULL,0,0,NULL,NULL),(383,13,88,9,82,NULL,'2024/2025',NULL,0,0,NULL,NULL),(384,14,88,9,82,NULL,'2024/2025',NULL,0,0,NULL,NULL),(385,1,84,9,8,'Pengertian Auditing & Etika Profesi','2024/2025','Auditing & Jasa Assurance, Jilid 1 dan Jilid II, Terjemahan, Erlangga, 2012, Arens dkk',0,1,NULL,'2025-06-27 08:00:46'),(386,2,84,9,8,'Bukti Audit','2024/2025','Auditing Buku 1 dan Buku 2, Edisi 6, Mulyadi BPFE Yogyakarta, 2014',0,1,NULL,'2025-06-27 08:00:46'),(387,3,84,9,8,'Materialitas, Risiko, Strategi Audit','2024/2025','Auditing, Soekrisno Agus, Salemba Empat, 2019',0,1,NULL,'2025-06-27 08:00:46'),(388,4,84,9,8,'Pengendalian Internal','2024/2025','SPAP',0,1,NULL,'2025-06-27 08:00:46'),(389,5,84,9,8,'Penaksiran Risiko','2024/2025','www;iapi.or.id',0,1,NULL,'2025-06-27 08:00:46'),(390,6,84,9,8,'Perencanaan Audit','2024/2025',NULL,0,1,NULL,'2025-06-27 08:00:46'),(391,7,84,9,8,'Audit di Lingkungan EDP','2024/2025',NULL,0,1,NULL,'2025-06-27 08:00:46'),(392,8,84,9,8,'Audit Siklus Pendapatan','2024/2025',NULL,0,1,NULL,'2025-06-27 08:00:46'),(393,9,84,9,8,'Audit Siklus Pengeluaran','2024/2025',NULL,0,1,NULL,'2025-06-27 08:00:46'),(394,10,84,9,8,'Audit Siklus Personalia, Produksi','2024/2025',NULL,0,1,NULL,'2025-06-27 08:00:46'),(395,11,84,9,8,'Audit Siklus Investasi dan Dana','2024/2025',NULL,0,1,NULL,'2025-06-27 08:00:46'),(396,12,84,9,8,'Audit Siklus Kas','2024/2025',NULL,0,1,NULL,'2025-06-27 08:00:46'),(397,13,84,9,8,'Tahap Penyelesaian Audit','2024/2025',NULL,0,1,NULL,'2025-06-27 08:00:46'),(398,14,84,9,8,'Tahap Penyelesaian Audit','2024/2025',NULL,0,1,NULL,'2025-06-27 08:00:46');
/*!40000 ALTER TABLE `kontraks` ENABLE KEYS */;
UNLOCK TABLES;

--
-- Table structure for table `krs`
--

DROP TABLE IF EXISTS `krs`;
/*!40101 SET @saved_cs_client     = @@character_set_client */;
/*!50503 SET character_set_client = utf8mb4 */;
CREATE TABLE `krs` (
  `id` bigint unsigned NOT NULL AUTO_INCREMENT,
  `mahasiswa_id` bigint unsigned NOT NULL,
  `prodi_id` bigint unsigned NOT NULL,
  `semester_id` bigint unsigned NOT NULL,
  `kelas_id` bigint unsigned NOT NULL,
  `status_krs` int NOT NULL,
  `setuju_pa` int NOT NULL,
  `setuju_mahasiswa` int NOT NULL,
  `tahun_ajaran` varchar(255) COLLATE utf8mb4_unicode_ci NOT NULL,
  `created_at` timestamp NULL DEFAULT NULL,
  `updated_at` timestamp NULL DEFAULT NULL,
  PRIMARY KEY (`id`),
  KEY `krs_mahasiswa_id_foreign` (`mahasiswa_id`),
  KEY `krs_prodi_id_foreign` (`prodi_id`),
  KEY `krs_semester_id_foreign` (`semester_id`),
  KEY `krs_kelas_id_foreign` (`kelas_id`),
  CONSTRAINT `krs_kelas_id_foreign` FOREIGN KEY (`kelas_id`) REFERENCES `kelas` (`id`) ON DELETE CASCADE,
  CONSTRAINT `krs_mahasiswa_id_foreign` FOREIGN KEY (`mahasiswa_id`) REFERENCES `mahasiswas` (`id`) ON DELETE CASCADE,
  CONSTRAINT `krs_prodi_id_foreign` FOREIGN KEY (`prodi_id`) REFERENCES `prodi` (`id`) ON DELETE CASCADE,
  CONSTRAINT `krs_semester_id_foreign` FOREIGN KEY (`semester_id`) REFERENCES `semesters` (`id`) ON DELETE CASCADE
) ENGINE=InnoDB AUTO_INCREMENT=86 DEFAULT CHARSET=utf8mb4 COLLATE=utf8mb4_unicode_ci;
/*!40101 SET character_set_client = @saved_cs_client */;

--
-- Dumping data for table `krs`
--

LOCK TABLES `krs` WRITE;
/*!40000 ALTER TABLE `krs` DISABLE KEYS */;
INSERT INTO `krs` VALUES (1,93,1,9,2,1,1,1,'2024/2025','2025-03-07 13:37:21','2025-03-07 13:39:02'),(2,206,1,1,1,1,1,1,'2024/2025','2025-03-10 20:45:13','2025-03-10 20:53:16'),(3,227,5,4,19,1,1,1,'2024/2025','2025-03-12 14:44:02','2025-03-12 19:33:40'),(4,227,5,4,19,0,0,0,'2024/2025','2025-03-12 14:44:09','2025-03-12 14:44:09'),(5,156,1,4,5,1,1,1,'2024/2025','2025-03-12 14:44:29','2025-03-12 19:33:34'),(6,211,4,9,16,1,1,1,'2024/2025','2025-03-13 11:28:59','2025-03-13 11:51:15'),(7,209,4,9,16,1,1,1,'2024/2025','2025-03-13 12:43:26','2025-03-18 11:17:59'),(8,210,4,9,16,0,0,0,'2024/2025','2025-03-13 12:43:38','2025-03-13 12:43:38'),(9,219,4,9,16,1,1,1,'2024/2025','2025-03-13 12:43:58','2025-03-18 11:17:48'),(10,215,4,9,16,1,1,1,'2024/2025','2025-03-13 12:45:14','2025-03-18 11:17:31'),(11,216,4,9,16,1,1,1,'2024/2025','2025-03-13 12:45:25','2025-03-18 11:17:20'),(12,220,4,9,16,1,1,1,'2024/2025','2025-03-13 12:45:38','2025-03-18 11:17:11'),(13,208,4,9,16,1,1,1,'2024/2025','2025-03-13 13:41:53','2025-03-18 11:17:00'),(14,106,1,9,2,1,1,1,'2024/2025','2025-03-14 09:50:29','2025-03-18 12:18:39'),(15,98,1,9,2,1,1,1,'2024/2025','2025-03-14 09:50:49','2025-03-18 12:15:48'),(16,98,1,9,2,0,0,0,'2024/2025','2025-03-14 09:51:12','2025-03-14 09:51:12'),(17,97,1,9,2,1,1,1,'2024/2025','2025-03-14 11:42:11','2025-03-14 12:40:30'),(18,85,2,6,11,0,0,0,'2024/2025','2025-03-14 11:42:26','2025-03-14 11:42:26'),(19,72,2,4,10,0,0,1,'2024/2025','2025-03-14 11:42:37','2025-03-14 12:52:31'),(20,142,1,4,4,1,1,1,'2024/2025','2025-03-14 11:42:46','2025-03-14 12:40:23'),(21,141,1,4,4,1,1,1,'2024/2025','2025-03-14 11:43:08','2025-03-14 15:22:55'),(22,212,4,9,16,1,1,1,'2024/2025','2025-03-14 11:43:26','2025-03-18 11:16:48'),(23,94,1,9,2,0,0,0,'2024/2025','2025-03-14 11:43:42','2025-03-14 11:43:42'),(24,47,3,4,14,0,0,0,'2024/2025','2025-03-14 11:44:17','2025-03-14 11:44:17'),(25,223,5,4,19,1,1,1,'2024/2025','2025-03-14 12:48:50','2025-03-14 12:54:13'),(26,23,3,9,12,0,0,0,'2024/2025','2025-03-14 12:48:56','2025-03-14 12:48:56'),(27,139,1,4,4,1,1,1,'2024/2025','2025-03-14 12:49:02','2025-03-14 13:18:34'),(28,104,1,9,2,1,1,1,'2024/2025','2025-03-14 12:49:14','2025-03-18 12:15:42'),(29,104,1,9,2,0,0,0,'2024/2025','2025-03-14 12:49:24','2025-03-14 12:49:24'),(30,117,3,6,15,0,0,0,'2024/2025','2025-03-14 14:48:00','2025-03-14 14:48:00'),(31,129,3,6,15,0,0,1,'2024/2025','2025-03-14 15:20:35','2025-03-19 11:25:21'),(32,174,1,6,6,0,0,0,'2024/2025','2025-03-14 15:21:14','2025-03-14 15:21:14'),(33,92,2,6,11,0,0,1,'2024/2025','2025-03-14 19:51:41','2025-03-17 09:47:24'),(34,60,2,9,8,0,0,0,'2024/2025','2025-03-14 19:51:47','2025-03-14 19:51:47'),(35,161,1,6,6,0,0,0,'2024/2025','2025-03-15 14:27:43','2025-03-15 14:27:43'),(36,81,2,6,11,0,0,0,'2024/2025','2025-03-15 14:27:48','2025-03-15 14:27:48'),(37,120,3,6,15,0,0,1,'2024/2025','2025-03-15 14:27:56','2025-03-19 11:27:03'),(38,32,3,4,13,0,0,0,'2024/2025','2025-03-15 14:28:01','2025-03-15 14:28:01'),(39,35,3,4,13,0,0,0,'2024/2025','2025-03-15 14:28:12','2025-03-15 14:28:12'),(40,33,3,4,13,0,0,0,'2024/2025','2025-03-15 14:28:21','2025-03-15 14:28:21'),(41,41,3,4,13,0,0,1,'2024/2025','2025-03-15 14:28:32','2025-03-17 08:09:33'),(42,87,2,6,11,0,0,1,'2024/2025','2025-03-16 04:27:52','2025-03-17 09:44:57'),(43,100,1,9,2,1,1,1,'2024/2025','2025-03-16 20:24:18','2025-03-18 12:15:36'),(44,202,4,4,17,0,0,0,'2024/2025','2025-03-16 20:24:33','2025-03-16 20:24:33'),(45,58,2,9,8,0,0,0,'2024/2025','2025-03-17 03:37:18','2025-03-17 03:37:18'),(46,31,3,4,13,0,0,0,'2024/2025','2025-03-17 08:27:11','2025-03-17 08:27:11'),(47,158,1,4,5,0,0,0,'2024/2025','2025-03-17 13:21:13','2025-03-17 13:21:13'),(48,144,1,4,4,1,1,1,'2024/2025','2025-03-17 13:21:19','2025-03-18 04:41:41'),(49,138,1,4,4,1,1,1,'2024/2025','2025-03-17 15:56:40','2025-03-18 04:41:30'),(50,225,5,4,19,1,1,1,'2024/2025','2025-03-18 04:39:29','2025-03-18 11:29:42'),(51,177,1,6,6,0,0,0,'2024/2025','2025-03-18 04:39:53','2025-03-18 04:39:53'),(52,152,1,4,4,1,1,1,'2024/2025','2025-03-18 04:40:02','2025-09-09 18:15:50'),(53,102,1,9,2,1,1,1,'2024/2025','2025-03-18 04:40:13','2025-03-18 12:19:59'),(54,96,1,9,2,0,0,0,'2024/2025','2025-03-18 12:20:37','2025-03-18 12:20:37'),(55,107,1,9,2,1,1,1,'2024/2025','2025-03-18 12:22:33','2025-03-18 14:20:27'),(56,107,1,9,2,0,0,0,'2024/2025','2025-03-18 12:22:42','2025-03-18 12:22:42'),(57,108,1,9,2,0,0,0,'2024/2025','2025-03-18 12:33:31','2025-03-18 12:33:31'),(58,103,1,9,2,1,1,1,'2024/2025','2025-03-18 14:20:01','2025-03-19 10:20:35'),(59,78,2,6,11,0,0,0,'2024/2025','2025-03-19 12:35:18','2025-03-19 12:35:18'),(60,88,2,6,11,0,0,0,'2024/2025','2025-03-19 12:35:26','2025-03-19 12:35:26'),(61,37,3,4,13,0,0,1,'2024/2025','2025-03-19 12:35:34','2025-07-31 09:13:13'),(62,157,1,4,5,0,0,0,'2024/2025','2025-03-20 11:24:06','2025-03-20 11:24:06'),(63,99,1,9,2,0,0,0,'2024/2025','2025-03-20 19:59:34','2025-03-20 19:59:34'),(64,204,4,4,17,0,0,0,'2024/2025','2025-03-20 19:59:43','2025-03-20 19:59:43'),(65,199,4,4,17,1,1,1,'2024/2025','2025-03-20 19:59:55','2025-04-10 16:28:04'),(66,197,4,4,17,1,1,1,'2024/2025','2025-03-24 05:18:41','2025-04-10 16:27:59'),(67,48,3,4,14,0,0,0,'2024/2025','2025-03-24 05:18:50','2025-03-24 05:18:50'),(68,48,3,4,14,0,0,0,'2024/2025','2025-03-24 05:19:05','2025-03-24 05:19:05'),(69,45,3,4,14,0,0,1,'2024/2025','2025-03-28 06:22:51','2025-06-27 19:17:09'),(70,29,3,4,13,0,0,0,'2024/2025','2025-03-28 06:22:59','2025-03-28 06:22:59'),(71,115,1,9,3,0,0,0,'2024/2025','2025-04-16 16:31:06','2025-04-16 16:31:06'),(72,95,1,9,2,0,0,0,'2024/2025','2025-04-16 16:31:13','2025-04-16 16:31:13'),(73,30,3,4,13,0,0,0,'2024/2025','2025-06-26 20:52:09','2025-06-26 20:52:09'),(74,40,3,4,13,0,0,0,'2024/2025','2025-06-26 20:52:19','2025-06-26 20:52:19'),(75,141,1,14,32,1,1,1,'2025/2026','2025-09-08 10:51:52','2025-09-09 18:15:55'),(76,195,4,14,35,0,0,0,'2025/2026','2025-09-08 10:52:05','2025-09-08 10:52:05'),(77,146,1,14,32,0,0,0,'2025/2026','2025-09-08 16:36:07','2025-09-08 16:36:07'),(78,155,1,14,33,1,1,1,'2025/2026','2025-09-09 10:00:00','2025-09-09 18:16:01'),(79,47,3,14,37,0,0,1,'2025/2026','2025-09-09 10:12:33','2025-09-09 12:29:38'),(80,22,3,13,26,0,0,1,'2025/2026','2025-09-09 10:12:58','2025-09-09 14:27:09'),(81,41,3,14,27,0,0,1,'2025/2026','2025-09-09 10:14:08','2025-09-09 14:03:28'),(82,57,2,13,28,0,0,0,'2025/2026','2025-09-09 11:42:40','2025-09-09 11:42:40'),(83,27,3,13,26,0,0,0,'2025/2026','2025-09-09 14:26:44','2025-09-09 14:26:44'),(84,227,5,14,24,0,0,0,'2025/2026','2025-09-10 09:39:50','2025-09-10 09:39:50'),(85,63,2,13,28,0,0,0,'2025/2026','2025-09-10 10:36:20','2025-09-10 10:36:20');
/*!40000 ALTER TABLE `krs` ENABLE KEYS */;
UNLOCK TABLES;

--
-- Table structure for table `mahasiswas`
--

DROP TABLE IF EXISTS `mahasiswas`;
/*!40101 SET @saved_cs_client     = @@character_set_client */;
/*!50503 SET character_set_client = utf8mb4 */;
CREATE TABLE `mahasiswas` (
  `id` bigint unsigned NOT NULL AUTO_INCREMENT,
  `dosen_pembimbing_id` bigint unsigned DEFAULT NULL,
  `nama_lengkap` varchar(255) COLLATE utf8mb4_unicode_ci NOT NULL,
  `tahun_masuk` varchar(255) COLLATE utf8mb4_unicode_ci NOT NULL,
  `nim` varchar(255) COLLATE utf8mb4_unicode_ci NOT NULL,
  `nisn` varchar(255) COLLATE utf8mb4_unicode_ci NOT NULL,
  `nik` varchar(255) COLLATE utf8mb4_unicode_ci NOT NULL,
  `email` varchar(255) COLLATE utf8mb4_unicode_ci NOT NULL,
  `profile_picture` varchar(255) COLLATE utf8mb4_unicode_ci DEFAULT NULL,
  `password` varchar(255) COLLATE utf8mb4_unicode_ci NOT NULL,
  `alamat` text COLLATE utf8mb4_unicode_ci NOT NULL,
  `no_telephone` varchar(255) COLLATE utf8mb4_unicode_ci NOT NULL,
  `tanggal_lahir` date NOT NULL,
  `tempat_lahir` varchar(255) COLLATE utf8mb4_unicode_ci NOT NULL,
  `nama_ibu` varchar(255) COLLATE utf8mb4_unicode_ci NOT NULL,
  `jenis_kelamin` varchar(255) COLLATE utf8mb4_unicode_ci NOT NULL,
  `kelas_id` bigint unsigned NOT NULL,
  `status_krs` tinyint(1) DEFAULT NULL,
  `is_first_login` tinyint(1) NOT NULL DEFAULT '1',
  `deleted_at` timestamp NULL DEFAULT NULL,
  `created_at` timestamp NULL DEFAULT NULL,
  `updated_at` timestamp NULL DEFAULT NULL,
  PRIMARY KEY (`id`),
  KEY `mahasiswas_dosen_pembimbing_id_foreign` (`dosen_pembimbing_id`),
  KEY `mahasiswas_kelas_id_foreign` (`kelas_id`),
  CONSTRAINT `mahasiswas_dosen_pembimbing_id_foreign` FOREIGN KEY (`dosen_pembimbing_id`) REFERENCES `dosens` (`id`) ON DELETE SET NULL,
  CONSTRAINT `mahasiswas_kelas_id_foreign` FOREIGN KEY (`kelas_id`) REFERENCES `kelas` (`id`) ON DELETE CASCADE
) ENGINE=InnoDB AUTO_INCREMENT=259 DEFAULT CHARSET=utf8mb4 COLLATE=utf8mb4_unicode_ci;
/*!40101 SET character_set_client = @saved_cs_client */;

--
-- Dumping data for table `mahasiswas`
--

LOCK TABLES `mahasiswas` WRITE;
/*!40000 ALTER TABLE `mahasiswas` DISABLE KEYS */;
INSERT INTO `mahasiswas` VALUES (19,5,'DINA MAULIDIA','','31241001','0063611625','3306085205060001','Dina@email.com',NULL,'$2y$10$J8bBHWh7se4Gxl3jttKqH.epRb0ZLx4rf7XqijyzuxlQid83pd7C.','-','089542982303','2006-12-05','Purworejo','-','Perempuan',8,NULL,1,'2025-02-26 12:32:37','2025-02-13 10:49:05','2025-02-26 12:32:37'),(22,21,'NICHOLAS SEBASTIAN','2024','33241001','0058507631','3306043008050001','nicholasebastian17@gmail.com',NULL,'$2y$10$O2PgZUrRUa87jGJKFwzf3ebgWp56fq7W2x4Rin1d2GFcfEOHhysPK','- RT 2 RW 2 Piji, Purworejo, Purworejo, Jawa Tengah','085741080909','2005-08-30','Batam','MARLINA SIRAIT','Laki-Laki',26,0,0,NULL,'2025-02-20 13:26:15','2025-09-08 16:43:32'),(23,21,'OKTAVIA RAMADHANI','2024','33241002','0047735414','3306096810040001','ramadhanivia782@gmail.com',NULL,'$2y$10$tBTA/HxPie9iad/b18PrlOtxpntBWJTk.C0xgnD/x.Q8yLvlOrDw.','Jalan Kutoarjo ketawang km V No.5 RT 1 RW 2 Tuntungpait, Kutoarjo, Purworejo, Jawa Tengah','083861857677','2004-10-28','Purworejo','SURATMI','Perempuan',26,0,0,NULL,'2025-02-20 13:26:15','2025-08-27 16:22:34'),(24,21,'FEBYAN EKA RIFKY','2024','33241003','0054600361','3306092402050001','febyanekariefky91@gmail.com',NULL,'$2y$10$musbRv33Az2hsMEg23TPHu0uutdSKvtqfk5h6zkerZWbsBbGm91MW','- RT 4 RW 1 Senepo Timur, Kutoarjo, Purworejo, Jawa Tengah','089527133104','2005-02-24','Serang','Siyam Lestari','Laki-Laki',26,0,0,NULL,'2025-02-20 13:26:15','2025-08-27 16:22:34'),(25,21,'ROHMAT \'ALI','2024','33241004','0061975020','3306092906060001','rohmatali867@gmail.com',NULL,'$2y$10$YxV6gz7ORe9UCGK/FLG7JuucmEiV6kbFq4aaI5RoaUf0zjvi5Thfe','- RT 0 RW 0 Pacor, Kutoarjo, Purworejo, Jawa Tengah','089536553941','2006-06-29','Purworejo','Siti Cholifah','Laki-Laki',26,0,0,NULL,'2025-02-20 13:26:15','2025-08-27 16:22:34'),(26,21,'FITRI REVI SETIANI','2024','33241005','0062187607','3306086910060002','fitrirevi032@gmail.com',NULL,'$2y$10$uL5LrRAYD6BXIIjyGHLAB.i5bQK2QoURIr53N/i/9MPxZkR7.uG3e','- RT 6 RW 2 SUCEN JURU TENGAH, Bayan, Purworejo, Jawa Tengah','085325721660','2006-10-29','Purworejo','RENI SUGIYATI','Perempuan',26,0,0,NULL,'2025-02-20 13:26:15','2025-08-27 16:22:34'),(27,21,'SUHARTININGSIH','2024','33241006','0051777510','3306125809050001','hartitiii6@gmail.com',NULL,'$2y$10$NX8bLJA/qVEPlq5qXWDCHe1.OY3IBgRf7/M.FZn.G1qjaa4UPKH7W','- RT 2 RW 4 Kemiri, Kemiri, Purworejo, Jawa Tengah','088225319512','2005-09-18','Purworejo','MURSIH','Perempuan',26,0,0,NULL,'2025-02-20 13:26:15','2025-08-27 16:22:34'),(28,21,'BAYU PRASETYO AJI','2024','33241007','0057813180','3603012708050001','bayup@gmail.com',NULL,'$2y$10$7zxC27MtkUYsRklWJTHES.LP0LJh0OOU5vL8ccCH9eQ1/h01izgpy','Bukit Gading Balaraja Blok M 3 No. 7 RT 2 RW 7 Cangkudu, Balaraja, Tangerang, Banten','082220976100','2005-08-27','Tangerang','UMI KALSUM','Laki-Laki',26,0,0,NULL,'2025-02-20 13:26:15','2025-08-27 16:22:34'),(29,21,'NINDY SETYONINGRUM','2023','33231001','0054023223','3306064103050001','nindysetyo09@gmail.com',NULL,'$2y$10$WNSxXbXEQoayiUjn9IhnEOvK.K0ayO8ItQCCz6njZUpmy5BU8OTNi','RT 1 RW 6 Semawung, Kutoarjo, Purworejo, Jawa Tengah','081325383680','1970-01-01','Purworejo','TUSINEM','Perempuan',27,0,0,NULL,'2025-02-21 09:12:06','2025-08-28 09:03:26'),(30,21,'ALYA SOFIAZZAHRA','','33231002','0053490554','3306125109050001','alyasofiazzahra@gmail.com',NULL,'$2y$10$j1qLSAM9NkN.qgcRnNJaEuVtAYEFELbGP5.t052Yq.mXc9gbbkhLa','RT 2 RW 2 Wanurojo, Kemiri, Purworejo, Jawa Tengah','081228854950','1970-01-01','Purworejo','ISNAWATI','Perempuan',27,0,0,NULL,'2025-02-21 09:12:06','2025-08-28 09:03:26'),(31,21,'ANAS ROFIK MAULANA','2023','33231003','0044850804','3306122105040001','anasrof354@gmail.com',NULL,'$2y$10$4GKtHxYNo6.83F54zmJLiu.dvITtwV1/EJQjTUgp.39SvvDJisbxm','RT 0 RW 0 Bedono Karangduwur, Kemiri, Purworejo, Jawa Tengah','085325677150','1970-01-01','Boyolali','SULASMININGSIH','Laki-Laki',27,0,0,NULL,'2025-02-21 09:12:06','2025-08-28 09:03:26'),(32,21,'CITRA PUSPITA AMELIA','2023','33231004','0040377205','1672016211040001','citraameliapuspita665@gmail.com',NULL,'$2y$10$Z0RfembCeBjMl2d990JsyOQSHe269VudB3Z7ZqcrJOxBo56WWx/jS','RT 0 RW 0 Dempo Makmur, Pagar Alam Utara, Pagar Alam, Sumatera Selatan','081390642982','1970-01-01','Pagaralam','YULIMAH','Perempuan',27,0,0,NULL,'2025-02-21 09:12:06','2025-08-28 09:03:26'),(33,21,'UMI HASANAH','2023','33231005','0058275443','3306127006050003','hasanahumi248@gmail.com',NULL,'$2y$10$hsuN6a2V9wBTNMUlRIkWt.MIPvhaN3dgoGkb.1LydMbVNGZKG7V3S','Blok Mawar RT 2 RW 2 Rejosari, Kemiri, Purworejo, Jawa Tengah','088980598313','1970-01-01','Purworejo','SIHWATI','Perempuan',27,0,0,NULL,'2025-02-21 09:12:06','2025-08-28 09:03:26'),(34,21,'ADELIANA PUTRI KARTIKA','','33231006','0043174398','3308196803040001','Adelianaputri282@gmail.com',NULL,'$2y$10$yjjj2L/4XHvoYZ4sA1cpxOjJG7ANPseeSQIV3BD5/PYZBFMriXmey','RT 1 RW 4 Kranggan, Kranggan, Temanggung, Jawa Tengah','083159115921','1970-01-01','Magelang','EUIS KARTIKA','Perempuan',27,0,0,NULL,'2025-02-21 09:12:06','2025-08-28 09:03:26'),(35,21,'FATIN KHOIRUNISA','2023','33231007','0051811130','3306126108050001','khoirunisafatin@gmail.com',NULL,'$2y$10$2c4HkP5wB3t8n.SNLkgXUeA5evLEuowZhcRmu17PVLho/u/8iVtXG','RT 1 RW 3 Rejosari, Kemiri, Purworejo, Jawa Tengah','085601500392','1970-01-01','Purworejo','SUMARTI','Perempuan',27,0,0,NULL,'2025-02-21 09:12:06','2025-08-28 09:03:26'),(36,21,'AJENG MAULIA LESTARI','','33231008','0057364402','3306126204050001','ajengmaulia2204@gmail.com',NULL,'$2y$10$87XslUGknBrxq.lEtvT9J.KjiYRtuDHqQFOPbtA5fCxaVoi0yKUHy','RT 3 RW 2 Rejosari, Kemiri, Purworejo, Jawa Tengah','082138359778','1970-01-01','Purworejo','YATINAH','Perempuan',27,0,0,NULL,'2025-02-21 09:12:06','2025-08-28 09:03:26'),(37,21,'ANISA PUJIASTUTI','','33231009','9976897251','3306014701970001','anisapujiastuti97@gmail.com',NULL,'$2y$10$fIMhTbX11PEZ/CHvasGl5ONC0RoVjkVllwceVEHQY2dzkVApH6IJK','RT 2 RW 2 Aglik, Grabag, Purworejo, Jawa Tengah','085714966689','1970-01-01','Wonogiri','MUSTIKASARI','Perempuan',27,0,0,NULL,'2025-02-21 09:12:06','2025-08-28 09:03:26'),(38,21,'ANGGUN PUSPAWINDHA','','33231010','0044719634','3306116408040002','windhazday@gmail.com',NULL,'$2y$10$udBh6t0enyeF4wXgqDCpjeT.KIcaLU2a4NnwCqLUX8.RtgFFQDANa','RT 2 RW 1 Kaligintung, Pituruh, Purworejo, Jawa Tengah','081238618051','1970-01-01','Purworejo','MARTIYAH','Perempuan',27,0,0,NULL,'2025-02-21 09:12:06','2025-08-28 09:03:26'),(39,21,'RERE AUDITA','2023','33231011','0045822618','3307027112040003','rereaudita1886@gmail.com',NULL,'$2y$10$U8rZFir1jO9ZejZ9wHCH8OjuFDBMIVWPFnJ.HfyysLJjD2LpK2rjK','RT 2 RW 1 Kepil, Kepil, Wonosobo, Jawa Tengah','083162127514','1970-01-01','Wonosobo','DINA','Perempuan',27,0,0,NULL,'2025-02-21 09:12:06','2025-08-28 09:03:26'),(40,21,'BELLA RATNASARI','','33231012','0033719533','3306094701030001','bellaratnasari621@gmail.com',NULL,'$2y$10$P8ynrwZsjZo/ZQ3BT6iD3evYxw2/xjjJJa//ZvCcdo/cauDWQSCd.','RT 2 RW 3 Karangrejo, Kutoarjo, Purworejo, Jawa Tengah','082136394458','1970-01-01','Purworejo','RODIYAH','Perempuan',27,0,0,NULL,'2025-02-21 09:12:06','2025-08-28 09:03:26'),(41,21,'MUHAMMAD \' IZZUDDIN NADHIF','','33231013','0045196911','3306141912040002','nadhifmuhammad034@gmail.com',NULL,'$2y$10$Q/522xAenXTlqk0RzmQc6uGbweFioqgBPEtddAAP5aAJjnp3v97ra','RT 1 RW 4 Seren, Gebang, Purworejo, Jawa Tengah','08811683586','1970-01-01','Purworejo','SARIFAH','Laki-Laki',27,0,0,NULL,'2025-02-21 09:12:06','2025-08-28 09:03:26'),(42,21,'MUHAMMAD ICHSAN','','33231014','0024174855','3306080411020002','ichsanm1945@gmail.com',NULL,'$2y$10$n41jz.43NgRk/8YQuN2fOeOaLEomcuIt7Lx1vHIWSD6ZbPkezhPyW','RT 2 RW 2 Besole, Bayan, Purworejo, Jawa Tengah','089534177751','1970-01-01','Purworejo','PARWATI','Laki-Laki',27,0,0,NULL,'2025-02-21 09:12:06','2025-08-28 09:03:26'),(43,21,'FIRNANDA THEFA NABILA','2023','33231015','0043440437','3306105812040001','firnandathefa@gmail.com',NULL,'$2y$10$BrTRFgZ1Vc52aonjClr0AOa8ACtEXTSN6dEB7xQAa1038rRp0HEG.','RT 3 RW 2 Kedungsari, Butuh, Purworejo, Jawa Tengah','088980887165','1970-01-01','Magelang','LILIK RIYANI','Perempuan',27,0,0,NULL,'2025-02-21 09:12:06','2025-08-28 09:03:26'),(44,21,'BINTARTO PRIHANDITO','2023','33231016','0044736958','3306121812030005','bintartoprihandito95@gmail.com',NULL,'$2y$10$3hfTzGpCsAhIzLqBeVGTM.0eewSDhUPlCeL2YeC/iTad6gUwzUo5C','RT 1 RW 1 WONOSARI, Kemiri, Purworejo, Jawa Tengah','085876243933','1970-01-01','Purworejo','DARMINI','Laki-Laki',27,0,0,NULL,'2025-02-21 09:12:06','2025-08-28 09:03:26'),(45,21,'RIZQI RAHMAWATI','2023','33232001','0003911099','3306084203000003','rizqirahmawati@gmail.com',NULL,'$2y$10$WCUcSo5P0vQF4wVWMQoI8u35iPkE0SaBKl3fWhQbx.HSYm1l8oxxG','RT 1 RW 2 PUCANGAGUNG, Bayan, Purworejo, Jawa Tengah','085801101810','1970-01-01','PURWOREJO','MARSIH','Perempuan',37,0,0,NULL,'2025-02-21 09:12:27','2025-09-03 18:30:33'),(46,21,'RATIH NATA WIJAYA','','33232002','0043617420','3306086210040001','ratihnata@gmail.com',NULL,'$2y$10$EZuZ5HWRU80Cl/OTQoXTAuexBrfX.kQz8BUHBBA9TObeWswxu/4ee','RT 2 RW 4 GRANTUNG, Bayan, Purworejo, Jawa Tengah','08988762892','1970-01-01','PURWOREJO','SRI HANDAYANI','Perempuan',37,0,1,NULL,'2025-02-21 09:12:27','2025-09-03 18:30:33'),(47,21,'LUTHFIA FADHILA','','33232003','0037491893','3306016706040002','luthfiafadhila33@gmail.com',NULL,'$2y$10$cK4rewuw2rZ/fswwufa1UuTb5Ht6EwKv0IISkPK6rIkgDYvQw/WfC','RT 2 RW 4 Sangubanyu, Grabag, Purworejo, Jawa Tengah','085786746946','1970-01-01','SEMARANG','PRISTIWENI','Perempuan',37,0,0,NULL,'2025-02-21 09:12:27','2025-09-03 18:30:33'),(48,21,'MAHANANI RAHAYUNING PURNAMASARI','','33232004','4120313217','3306096605940003','mrahayuning@gmail.com',NULL,'$2y$10$JiztknGuxvgIPlYXYSwFGukVkZgRiCciTQUWGYGg/hlDe4OSIx.Yu','RT 1 RW 2 Tuntungpait, Kutoarjo, Purworejo, Jawa Tengah','083848013517','1970-01-01','PURWOREJO','DWI ASTUTI','Perempuan',37,0,0,NULL,'2025-02-21 09:12:27','2025-09-03 18:30:33'),(49,21,'RADEN FIRMANDA WAHYU PRASETYA','','33232005','0043693539','3306090105040008','wahyuprasetyoo434@gmail.com',NULL,'$2y$10$wHYZIym8jSsurmUeXnbCnO9Lwhdqxs6xWRQxeIAnasiq9h0q0eYL6','RT 1 RW 8 Katerban, Kutoarjo, Purworejo, Jawa Tengah','085767471286','1970-01-01','PURWOREJO','SIYAM','Laki-Laki',37,0,0,NULL,'2025-02-21 09:12:28','2025-09-03 18:30:33'),(50,21,'BACHTIAR GILANG BAGAS PRATAMA','','33232007','9955152579','3306060709950003','bachtiargilang01@gmail.com',NULL,'$2y$10$RaRKLGjGt05ZezbQKFZeducBDh9YQIf7eERs.vLRugi/pItcmRrdy','RT 3 RW 2 SIDOREJO, Purworejo, Purworejo, Jawa Tengah','085728448144','1970-01-01','PURWOREJO','SRI ANDARYANI','Laki-Laki',37,0,1,NULL,'2025-02-21 09:12:28','2025-09-03 18:30:33'),(56,5,'DINA MAULIDIA','2024','31241001','0063611625','3306085205060003','maulidiadina05@gmail.com',NULL,'$2y$10$EZ5S4MpygWkafwyR/sUjz.kBDVjLajuYTihNRcFjK6jdN3lvrcYtC','- RT 1 RW 2 Bandungrejo, Bayan, Purworejo, Jawa Tengah','089542982303','1970-01-01','Purworejo','Sunariyah','Perempuan',28,0,1,NULL,'2025-02-26 12:36:42','2025-08-27 14:55:39'),(57,5,'RAHMA DANISA ULFA','2024','31241002','0045305523','3275060810040004','danisarahma56@gmail.com',NULL,'$2y$10$RlDqe7l0RGdh9ipUW7EBnuL0iqn3Z6oTxk2sG2HH3jCMw4XBpE9Pu','Jl. Sangkurian RT 6 RW 1 Ujung Menteng, Cakung, Kota Jakarta Timur, D.K.I. Jakarta','123','1970-01-01','Bekasi','SUPARTI','Perempuan',28,0,0,NULL,'2025-02-26 12:36:42','2025-09-08 12:06:22'),(58,5,'ANGGUN BIBNYA DEASTUTI','2024','31241003','0046749146','3306065712040002','anggunbibnya@gmail.com',NULL,'$2y$10$hJKruJEAUQv4RGh5GOk.tedycjRx.ZPGGcs1PflDpDYYFLjCtDYoW','- RT 3 RW 3 PANGENREJO, Purworejo, Purworejo, Jawa Tengah','089540225589','1970-01-01','PURWOREJO','SRI WIDIASTUTI','Perempuan',28,0,0,NULL,'2025-02-26 12:36:42','2025-08-27 14:55:39'),(59,5,'ARIYAN NITA SARI','2024','31241004','0043816761','3306016004040000','ariyannitas@gmail.com',NULL,'$2y$10$JQBuTvjOTsJH/IkvM.a38uQQBmr.GafC4pPkUGj/BhZEtzSQrYIuG','- RT 1 RW 5 KRATONREJO,, Grabag, Purworejo, Jawa Tengah','085600966661','1970-01-01','PURWOREJO','ASTUTI','Perempuan',28,0,1,NULL,'2025-02-26 12:36:42','2025-08-27 14:55:39'),(60,5,'RANI ROSITA NUR\'AINI','2024','31241005','0042956859','3306075707040003','ranirosita@gmail.com',NULL,'$2y$10$QcTFX9p4zdN0KK8IVf8K5.PFVZEFzdykovbDcv0lfevyWrg0xsTRe','- RT 2 RW 3 Kledung Kradenan, Banyuurip, Purworejo, Jawa Tengah','089533068930','1970-01-01','PURWOREJO','SUMARNI','Perempuan',28,0,0,NULL,'2025-02-26 12:36:42','2025-08-27 14:55:39'),(61,5,'ADITYA FAJAR AGUSTA','2024','31241006','0067209371','3306012208060002','fajaragusta@gmail.com',NULL,'$2y$10$pOyFIXAyt9/lGR0SFAuYNO4/AkKO9W35yqxs5ULO502kwvnyVRHEO','- RT 3 RW 3 Grabag, Grabag, Purworejo, Jawa Tengah','081226415459','1970-01-01','PURWOREJO','KRISTIANA WARDANI','Laki-Laki',28,0,1,NULL,'2025-02-26 12:36:42','2025-08-27 14:55:39'),(62,5,'FAIRUZ NAJLA GHOFYANINDA','2024','31241007','0042336617','3603200806040002','ghofyaninda@gmail.com',NULL,'$2y$10$5NRCfpLzYUyg9Nj12hOudetUJXxod0hAZRUSfwyAAx7CzW0pTHuNC','Perum Legok Indah Jl. Lavender Blok B 1 No. 18 RT 1 RW 11 Babakan, Legok, Tangerang, Banten','082323703044','1970-01-01','PEMALANG','BHETI ANDRIYANI','Perempuan',28,0,1,NULL,'2025-02-26 12:36:42','2025-08-27 14:55:39'),(63,5,'AZIZURROHMAN','2024','31241008','0000608362','3306102308000001','azizurrohman@gmail.com',NULL,'$2y$10$cr4aRuhL5bdmh1GoVpsKi.Zp0R4l2zYEi8uO6mHm0sBK0qdGQtmai','- RT 1 RW 2 Wareng, Butuh, Purworejo, Jawa Tengah','085228753000','1970-01-01','PURWOREJO','WIDORETNO','Laki-Laki',28,0,0,NULL,'2025-02-26 12:36:42','2025-09-10 10:19:22'),(64,5,'APRILIA DWI NURSANTI','2023','31231001','0045654906','3306076804040002','apriliaanggr28@gmail.com',NULL,'$2y$10$9BJMMc9jv3qPDz2Y3ESz7u7tZHaH3yZODVRY5gFSWL0ED30PAsOvW','RT 4 RW 3 Kledungkarangdalem, Banyu Urip, Purworejo, Jawa Tengah','081228929129','1970-01-01','PURWOREJO','DIAN ANGGERAINI','Perempuan',29,0,0,NULL,'2025-02-26 12:39:54','2025-08-27 16:20:33'),(65,5,'ZAKIA RAMADHANTI','2023','31231002','0049393849','3306076310040002','ramadhantizakia4@gmail.com',NULL,'$2y$10$/mtRxpVSHAiYpIH06uLjtuljByFPP2MkiFsxpKwAkU3mEVHY7Nvku','RT 3 RW 7 Kledungkradenan, Banyu Urip, Purworejo, Jawa Tengah','089532101113','1970-01-01','PURWOREJO','HARMINI','Perempuan',29,0,0,NULL,'2025-02-26 12:39:54','2025-08-27 16:20:33'),(66,5,'DWI INDARTI PUTRI','2023','31231003','0059398167','3277016602050005','dwiindartiputri26@gmail.com',NULL,'$2y$10$apjsSOgD6UdGdaYWs.aUVOUreScCNn3kuKY76JnsPHhbuZvbNx0hm','RT 3 RW 2 Sawit, Banyu Urip, Purworejo, Jawa Tengah','085814509190','1970-01-01','BANDUNG','SUSANTI','Perempuan',29,0,0,NULL,'2025-02-26 12:39:54','2025-08-27 16:20:33'),(67,5,'DEFINA ARUMINA','2023','31231004','0050918539','3306106002050004','Defimina05@gmail.com',NULL,'$2y$10$3Gh9opmBKSrMxf.XI8SLZ.07DjUQbO/51L4edRZMM/.EFjxe7JDGq','RT 3 RW 1 Sidomulyo, Butuh, Purworejo, Jawa Tengah','081226922823','1970-01-01','PURWOREJO','PONIAH','Perempuan',29,0,0,NULL,'2025-02-26 12:39:54','2025-08-27 16:20:33'),(68,5,'ASTRA KARISMA PUTRA','2023','31231005','0043119460','3372052206040005','astrakarismaputra@gmail.com',NULL,'$2y$10$T6tVAGlqlRPkvdBrOSYRsev43LdP8XWoUmRl24VJkBhqOT8Gs5Zky','RT 12 RW 2 RANDUSARI, Teras, Boyolali, Jawa Tengah','089676030701','1970-01-01','SURAKARTA','ISABEL JS','Laki-Laki',29,0,0,NULL,'2025-02-26 12:39:54','2025-08-27 16:20:33'),(69,5,'NUR WAHYU PUSPITA ANGGRAINI','2023','31231006','0024153092','3306104202020001','nurwahyupuspita13@gmail.com',NULL,'$2y$10$xlLwhrHajXjnxmIOA7IJnOyl4KTwIkV/emI8bb.vGJ4Dh09WdOq7q','RT 1 RW 2 Dlangu, Butuh, Purworejo, Jawa Tengah','089538528326','1970-01-01','PURWOREJO','SUJI MARLIYAH','Perempuan',29,0,1,NULL,'2025-02-26 12:39:54','2025-08-27 16:20:33'),(70,5,'RIZKY NURHIDAYAT','2023','31231007','0044730663','3306112806040001','riskynurhidayatcicuk7@gmail.com',NULL,'$2y$10$oTlYl7DXNavaHVPsWviJ6.ekbV6RrdGq3FZ6JPURCb78FhvYmBlNK','RT 3 RW 1 Karanganyar, Pituruh, Purworejo, Jawa Tengah','0882005365505','1970-01-01','PURWOREJO','SITI MAEMUNAH','Laki-Laki',29,0,0,NULL,'2025-02-26 12:39:54','2025-08-27 16:20:33'),(71,NULL,'LUDYANA WAHYU KARTIKA WARNI','2023','31232001','0043121594','3306095301040001','ludyanawahyu2@gmail.com',NULL,'$2y$10$5/csZqi0yXlsLQRXxQKZneYnc9CwrtlkTZ9mEG.eaDtHL9kHc3BM2','RT 3 RW 12 Kutoarjo, Kutoarjo, Purworejo, Jawa Tengah','08973030504','1970-01-01','PURWOREJO','WAHYUNINGSIH','Perempuan',9,0,1,'2025-02-26 12:40:02','2025-02-26 12:39:54','2025-02-26 12:40:02'),(72,5,'LUDYANA WAHYU KARTIKA WARNI','2023','31232001','0043121594','3306095301040001','ludyanawahyu2@gmail.com','31232001.jpg','$2y$10$L9Wl6.DL4gMGRPiTJvF7AONHvo51F8YG0CAetJ/.7N2OevMudMhDO','RT 3 RW 12 Kutoarjo, Kutoarjo, Purworejo, Jawa Tengah','08973030504','1970-01-01','PURWOREJO','WAHYUNINGSIH','Perempuan',36,0,0,NULL,'2025-02-26 12:40:14','2025-08-27 16:21:57'),(73,5,'CICILIA MELLY WINDIYANTI VIOLINA','2023','31232002','0004137507','3306095105000002','cicilia.melly2000@gmail.com',NULL,'$2y$10$9y4FcbUhDSqCUGIC13FOTeRwnnZvMFNCoyE/tFpAQOSNbgywA0qSK','RT 3 RW 9 Kutoarjo, Kutoarjo, Purworejo, Jawa Tengah','08979135745','1970-01-01','PURWOREJO','MF WINARSIH ELI ANAWATI','Perempuan',36,0,0,NULL,'2025-02-26 12:40:14','2025-08-27 16:21:57'),(74,5,'ISTI NUR ARISA','2023','31232003','0052303255','3306154901050003','istinurarisa09@gmail.com',NULL,'$2y$10$Dm0kD7RQm9BfeGoAwwiRI.GSukbiSMZPDxl1cAYQWBJCtdtiQBPVS','RT 1 RW 1 Kemejing, Loano, Purworejo, Jawa Tengah','088200391128','1970-01-01','PURWOREJO','ISTIKOMAH','Perempuan',36,0,0,NULL,'2025-02-26 12:40:14','2025-08-27 16:21:57'),(75,5,'AZ ZAHRA FEBRIYANTI','2023','31232004','0069736274','3306016102050001','azzahrafebriyanti17@gmail.com',NULL,'$2y$10$MFDoF/e3aEp/dpkyxiVYq.iGXlxUtJk0yygzYt6o.I/Ca34XbQbvq','RT 1 RW 1 KEDUNGKAMAL, Grabag, Purworejo, Jawa Tengah','082142582020','1970-01-01','PURWOREJO','DWI INDAH SUSANTI','Perempuan',36,0,0,NULL,'2025-02-26 12:40:14','2025-08-27 16:21:57'),(77,37,'test','2023','32231000','0000000000','0000000000','test@example.test','32231000.png','$2y$10$H25cVv4h99RmOSlJow58fe.oKMPoZf4PAND3J/9MXlJlkgnLWQOWS','asdasdasdasd','0000000000','2025-02-27','pwt','awdas','Laki-Laki',2,NULL,0,'2025-02-27 11:54:40','2025-02-27 11:25:54','2025-02-27 11:54:40'),(78,5,'ADIK NGAYIYATUN ROHMAH','2022','31221001','0032759922','3306125507030001','aderohmah0715@gmail.com',NULL,'$2y$10$0t36s5mHzB4jLnF/3L/zsO3vfqvTPEIJwi7XWcNC.GwcKKWykXr2q','Gentan RT 2 RW 1 Dilem, Kemiri, Purworejo, Jawa Tengah','082145144283','1970-01-01','PURWOREJO','MARWIYAH','Perempuan',11,0,0,'2025-09-08 05:56:52','2025-02-27 14:52:49','2025-09-08 05:56:52'),(79,5,'SITI ALFIA WULANDARI','2022','31221002','0040191661','3306125401040001','sitialfia654@gmail.com',NULL,'$2y$10$5uk.VF3zD5k9t5/RCi6uGOEIyKDZHKuxlYAnq2MN.BcPttu5BH/XC','Desa Kalimeneng RT 2 RW 2 Kalimeneng, Kemiri, Purworejo, Jawa Tengah','082314767796','1970-01-01','JAKARTA','KHORINGAH','Perempuan',11,0,0,'2025-09-08 05:56:52','2025-02-27 14:52:49','2025-09-08 05:56:52'),(80,5,'RACHMA HAYATI','2022','31221003','0032770633','3306125606030006','rrachmaha@gmail.com',NULL,'$2y$10$qOSQpl253bSM915w1lwGW.FH4E.5ZoRGB8zy0BcpbrCzwBisR9OaK','Blok Mawar RT 2 RW 1 Rejosari, Kemiri, Purworejo, Jawa Tengah','085765727565','1970-01-01','PURWOREJO','SRI MUGIARTI','Perempuan',11,0,0,'2025-09-08 05:56:52','2025-02-27 14:52:49','2025-09-08 05:56:52'),(81,5,'VIRA KHUSNA','2022','31221004','0037297394','3306166010030004','virakhusna@gmail.com',NULL,'$2y$10$QgLhwQVrixd7wGwwhU0dMuxEshRAOOUtd3qiLCrxH.VOFdyqDDEZO','Jl.Magelang KM 18 Purworejo Gamblok RT 3 RW 1 Kalijambe, Bener, Purworejo, Jawa Tengah','085211095046','1970-01-01','PURWOREJO','UMI JAMILAH','Perempuan',11,0,0,'2025-09-08 05:56:52','2025-02-27 14:52:49','2025-09-08 05:56:52'),(82,5,'SANGIDATUL MUKHOYAROH','2022','31221005','0024218877','3306155906020002','sangidatul0618@gmail.com',NULL,'$2y$10$Dh/zSanwymZQfIa/C7cCX..H3ehAM/D6/zpxSI4o8WCsVizlKDIyS','RT 3 RW 1 Kemejing, Loano, Purworejo, Jawa Tengah','083106627802','1970-01-01','PURWOREJO','ISTI BANGAH','Perempuan',11,0,1,'2025-09-08 05:56:52','2025-02-27 14:52:49','2025-09-08 05:56:52'),(83,8,'MAHMUDAHTUL KHASANAH','2022','31221006','0037048103','3306156102030001','mahmudatul.khasanah212@gmail.com',NULL,'$2y$10$w7rJUM6G.qcz0fGs12y0ue4Gz/T06C0Vp16vMWSBGA.6tjF4SXAIS','RT 1 RW 4 Kemejing, Loano, Purworejo, Jawa Tengah','082135629760','1970-01-01','PURWOREJO','ZAEMAH','Perempuan',11,0,0,'2025-09-08 05:56:52','2025-02-27 14:52:49','2025-09-08 05:56:52'),(84,8,'VAZA AKMALA','2022','31221007','0037297393','3306166010030002','virakhusna@gmail.com',NULL,'$2y$10$TjkGnJ2BWNICEsn4DJvszO3VINt3i87qTcJJ/xn4tbWphMDKnzY3W','Jl.Magelang KM 18 Purworejo Gamblok RT 3 RW 1 Kalijambe, Bener, Purworejo, Jawa Tengah','0082323401182','1970-01-01','PURWOREJO','UMI JAMILAH','Perempuan',11,0,0,'2025-09-08 05:56:52','2025-02-27 14:52:50','2025-09-08 05:56:52'),(85,20,'ANIS BULAN ARDIANSARI','2022','31221008','0043255174','3306075005040001','abc@email.com',NULL,'$2y$10$9IM2WHUhUGpqzvyRIEcA9OJfD2LiuVd6V.hLYqJFH3WG4zoIb7zhq','RT 4 RW 3 Candisari, Banyuurip, Purworejo, Jawa Tengah','081326460206','1970-01-01','PURWOREJO','WARIYANTI','Perempuan',11,0,0,'2025-09-08 05:56:52','2025-02-27 14:52:50','2025-09-08 05:56:52'),(86,8,'SATRIA DEWANGGA','2022','31221009','0043697602','3306090808040002','abcd@email.com',NULL,'$2y$10$.yYYTQnhVLG536cGfAthKevh65NEj.d3Vi97P0FHoCr3tuH7HKljS','RT 3 RW 1 Tungtungpait, Kutoarjo, Purworejo, Jawa Tengah','082324841741','1970-01-01','PURWOREJO','ENY','Laki-Laki',11,0,1,'2025-09-08 05:56:52','2025-02-27 14:52:50','2025-09-08 05:56:52'),(87,8,'FIRMAN SIGIT NUGROHO','2022','31221010','0023591248','3205072908020001','abds@email.com','31221010.jpg','$2y$10$X6zXXOGvjMz3hFn93vXh7eLNDFWggZFhjxGBrtc6roynG9gLPI6Pe','RT 1 RW 1 Cintakarya, Semarang, Garut, Jawa Barat','081214600732','1970-01-01','GARUT','AYU W SUTARNI','Laki-Laki',11,0,0,'2025-09-08 05:56:52','2025-02-27 14:52:50','2025-09-08 05:56:52'),(88,20,'PEPI HERTATI','2022','31221011','0044730274','3306114202040002','abds@email.com',NULL,'$2y$10$ONKn9gQIXSZEEnbRD1R8EutQsZfK3VY7cn7UpPnNouL5YFbmnwd7u','RT 5 RW 2 Ngampel, Pituruh, Purworejo, Jawa Tengah','085729958775','1970-01-01','PURWOREJO','SUYATI','Perempuan',11,0,0,'2025-09-08 05:56:52','2025-02-27 14:52:50','2025-09-08 05:56:52'),(89,20,'EVA DWI PRAMUDHITA','2022','31221012','0044736423','3306114703040003','abds@email.com',NULL,'$2y$10$iURuo4pwj4LCdmHgPKnSxe80xyAFCa1/o.ekm48zK/lFVkWrWXX3G','RT 2 RW 1 Pituruh, Pituruh, Purworejo, Jawa Tengah','085712082430','1970-01-01','PURWOREJO','MINTO ASIH','Perempuan',11,0,0,'2025-09-08 05:56:52','2025-02-27 14:52:50','2025-09-08 05:56:52'),(90,NULL,'RADEN RORO INTAN ADE BUDIARUM','2022','31221013','0006238060','3306116706000003','abds@email.com',NULL,'$2y$10$y4NqzQWZqM6EBEmb3Cy8reYeekHASl3IgJFymSF2oNK9PZUhjsJFa','RT 1 RW 1 Kalikotes, Pituruh, Purworejo, Jawa Tengah','088293323724','1970-01-01','PURWOREJO','SRI HARYATI','Perempuan',11,0,1,'2025-03-06 11:42:45','2025-02-27 14:52:50','2025-03-06 11:42:45'),(91,NULL,'BAYU ANGGARA','2022','31221014','0033866925','3306121105030003','abds@email.com',NULL,'$2y$10$J5sSdJdKium35LTXjQdb.e1RZnCZvMyX9eQyJrYp5YbmgIoO3I9Re','RT 1 RW 1 Bedono Kluwung, Kemiri, Purworejo, Jawa Tengah','088239144101','1970-01-01','PURWOREJO','SUGIARTI','Laki-Laki',11,0,1,'2025-03-06 11:42:52','2025-02-27 14:52:50','2025-03-06 11:42:52'),(92,20,'RAVITA DEVI ANJELINA','2022','31221015','0043694191','3204094505040002','abds@email.com',NULL,'$2y$10$lEqmLF5ChjRipDL/dwM45.p4wD0MlWR7CP.HGdMKz/6K2D1IcACuG','Puma 1 No. 20 Blok A RT 2 RW 1 Sulaiman, Margahayu, Bandung, Jawa Barat','081229358717','1970-01-01','BANDUNG','TUMIRAH','Perempuan',11,0,0,'2025-09-08 05:56:52','2025-02-27 14:52:50','2025-09-08 05:56:52'),(93,6,'MUHAMMAD FARUK NAWAWI','2024','32241001','0045130564','3306130509040002','nawawifaruq99@gmail.com',NULL,'$2y$10$5SxTdLct7whwLqNfoofTY.85hAbjNenNjGeMzhjdNdiD19QusF9uK','RT 2 RW 5 Brunosari, Bruno, Purworejo, Jawa Tengah','085869162784','1970-01-01','Purworejo','Baikuniyah','Laki-Laki',21,0,0,NULL,'2025-02-27 14:55:00','2025-08-27 10:58:26'),(94,6,'NADHIF SETYA MUFADA','2024','32241002','0059298517','3306091409050001','nadhifmufada09@gmail.com',NULL,'$2y$10$7FK9cThoD6mXhzqAmm/HzuW0GA5CmYQEkw8BP7HTUxLL4OLhYY1hq','RT 2 RW 4 Karangwuluh, Kutoarjo, Purworejo, Jawa Tengah','083865442688','1970-01-01','Purworejo','Faridawati','Perempuan',21,0,0,NULL,'2025-02-27 14:55:00','2025-08-27 10:58:26'),(95,NULL,'MUHAMMAD RIFAI AL FAIDZI','2024','32241003','0065255260','3306030409060003','yomamidsha2@gmail.com',NULL,'$2y$10$cA6fHY7xyX1YzXpB9Lqdd.20C1YCpa/EnPKLL2uJb9Puj/OVzRqlS','Jalan Mban Dalem RT 1 RW 1 Bongkot, Purwodadi, Purworejo, Jawa Tengah','088215512183','1970-01-01','Tangerang','NURJANAH','Laki-Laki',21,0,0,NULL,'2025-02-27 14:55:00','2025-08-27 10:58:26'),(96,6,'KAYIS BINTANG SAPUTRA','2024','32241004','0052922619','3305231607050001','kayisbintangsaputra@gmail.com',NULL,'$2y$10$x./mHsoELfK3xfdNYyDSOOb2N5MqwWpMWjZoYjzs2ii383x3tzEXy','RT 3 RW 3 Mrentul, Bonorowo, Kebumen, Jawa Tengah','081329382932','1970-01-01','Kebumen','Sri Yuniasih','Laki-Laki',21,0,0,NULL,'2025-02-27 14:55:00','2025-08-27 10:58:26'),(97,6,'ADINDA REVITA HAYYU','2024','32241005','0054403667','3201075205050007','adindarevitahayyu@gmail.com',NULL,'$2y$10$hK0lFOk51hm9q1YfLbaKYOuYX2ESf/pIu8WsInXy9f1hfjCtXGPNG','RT 2 RW 3 Kaliwatubumi, Butuh, Purworejo, Jawa Tengah','089638676945','1970-01-01','PURWOREJO','SRI ARYATI','Perempuan',21,0,0,NULL,'2025-02-27 14:55:00','2025-08-27 10:58:26'),(98,6,'PASKALIS TRIGAMA ROSARIO','2024','32241006','0066987559','3401111705060001','trigamapaskalis@gmail.com',NULL,'$2y$10$/UZVWa1uuUkORh.XM8bi4.HsIhrOwYJvzfyOODLpC9iLecNk1itbK','RT 70 RW 35 PAGERHARJO, Samigaluh, Kulonprogo, Yogyakarta','089603759762','1970-01-01','KULON PROGO','PASCALIA PAINAH','Laki-Laki',21,0,0,NULL,'2025-02-27 14:55:00','2025-08-27 10:58:26'),(99,6,'SITI AULIA PUTRI','2024','32241007','0047073708','3306136108040004','putrisitiaulia2@gmail.com',NULL,'$2y$10$AtENo6IN.Vx/fyHRn4Zpge5fc6z08ZvZe8DN8PtZFqwMgg73FJ6iW','RT 1 RW 3 GOWONG, Bruno, Purworejo, Jawa Tengah','081249398606','1970-01-01','BEKASI','SADIYAH','Perempuan',21,0,0,NULL,'2025-02-27 14:55:00','2025-08-27 10:58:26'),(100,6,'RIFQI INZAGHI MUKHTAR','2024','32241008','0043711559','3306070107040004','r.inzaghi@gmail.com',NULL,'$2y$10$3GrlE7i6c1QUIz5lW/ILhumHTw6JlcDRJo5QAVqc514d48JWCVrEG','RT 1 RW 4 BORO KULON, Banyuurip, Purworejo, Jawa Tengah','088221330960','1970-01-01','PURWOREJO','UMI KARTINI','Laki-Laki',21,0,0,NULL,'2025-02-27 14:55:01','2025-08-27 10:58:26'),(101,6,'TIO WAHYU RAMADHAN','2024','32241009','0055510651','3306112110050001','tiowahyu330@gmail.com',NULL,'$2y$10$AbhScdFRUkBvlGqps3.lT.HD/i0dvee/jwabv5B3TTMMDqfPUjq0O','RT 2 RW 5 PITURUH, PITURUH, Purworejo, Jawa Tengah','089542981882','1970-01-01','PURWOREJO','ROSIYAM','Laki-Laki',21,0,1,NULL,'2025-02-27 14:55:01','2025-08-27 10:58:26'),(102,6,'ROMALAZ FEBRYAN RAHARJA','2024','32241010','0022180768','3306091707090000','romalaz@gmail.com',NULL,'$2y$10$/YZd7fDmALoOGULaBp6NkukN34VpOfZ3BkQC.BAO26o.swL/BoxzS','Jl. Senepo Selatan RT 1 RW 4 Kutoarjo, Kutoarjo, Purworejo, Jawa Tengah','088200651547','1970-01-01','PURWOREJO','SRI YATI S','Laki-Laki',21,0,0,NULL,'2025-02-27 14:55:01','2025-08-27 10:58:26'),(103,6,'NIKEN AYU PRAMUDITA','2024','32241011','0043694105','3306086104040001','aniken241@gmail.com',NULL,'$2y$10$IgTNgo6QAJ1yrV1RqLvPSOEmxkHSow2kj5T7hb2GrT7Qf2wN09VVW','RT 1 RW 2 Jatingarang, Bayan, Purworejo, Jawa Tengah','089648553944','1970-01-01','JAKARTA','SUDIYATI','Perempuan',21,0,0,NULL,'2025-02-27 14:55:01','2025-08-27 10:58:26'),(104,6,'KHOLID MASHURI','2024','32241012','0069211749','3306091503060001','kholidmasruri2@gmail.com',NULL,'$2y$10$ufNQQA1T1yLiLUcAG4HNN.JNUCGDyaWplgo1edxxtUIh3T7Qx0mne','RT 2 RW 2 PACOR, Kutoarjo, Purworejo, Jawa Tengah','089505184707','1970-01-01','PURWOREJO','SULASMI','Laki-Laki',21,0,0,NULL,'2025-02-27 14:55:01','2025-08-27 10:58:26'),(105,6,'FACHRY HAKEEM AL MUZAKKI','2024','32241013','0064659142','3306151604060001','fachryhakeemalm@gmail.com',NULL,'$2y$10$k.Kg0Ht4amIaiMG8mOVkOOnqbRkYfaCibSFYSmEDQIbfxeORGA98C','RT 2 RW 1 MARON, Loano, Purworejo, Jawa Tengah','081229905942','1970-01-01','PURWOREJO','BETTY NURWIDIYATI','Laki-Laki',21,0,0,NULL,'2025-02-27 14:55:01','2025-08-27 10:58:26'),(106,6,'FAISAL AMIN','2024','32241014','0052403502','3306150606050001','fslamn512@gmail.com',NULL,'$2y$10$R4C0CfCTmEDEMZMQbc8NjemAv/jUiZA3Xzh7Hv/dltJ6/exWxdYou','RT 1 RW 8 LOANO, Loano, Purworejo, Jawa Tengah','082329478408','1970-01-01','PURWOREJO','UMARDIYAH','Laki-Laki',21,0,0,NULL,'2025-02-27 14:55:01','2025-08-27 10:58:26'),(107,6,'INDRA PRASETIYA','2024','32241015','0011514958','3306102405010003','indra-p@gmail.com',NULL,'$2y$10$luia/RsfpTiVcEL6sL.w8u.Y8BY85p8XpbuzW0qeg0cET2SDIJeNW','RT 3 RW 4 Wareng, Butuh, Purworejo, Jawa Tengah','089608277451','1970-01-01','PURWOREJO','TUKINEM','Laki-Laki',21,0,0,NULL,'2025-02-27 14:55:01','2025-08-27 10:58:26'),(108,6,'NURUL KHAMIDAH','2024','32241016','0051732542','3306105403050001','nkhamidah@gmail.com',NULL,'$2y$10$LQXIcX54mzCnODpsoanhKOt8XCEofPzhTtYjvVbXaOGdWLs24o0D6','RT 3 RW 3 KETUG, Butuh, Purworejo, Jawa Tengah','085640574403','1970-01-01','PURWOREJO','BUDIMAH','Perempuan',21,0,0,NULL,'2025-02-27 14:55:01','2025-08-27 10:58:26'),(109,6,'YUSUF NAUFAL YAFI\'','2024','32241017','0062885948','3306012106060003','yusufn@gmail.com',NULL,'$2y$10$O2Ew9JknEBkc4wABgR2N0.QvlznrTH615C12cIN4KAG4as.pyMwAe','RT 3 RW 1 Pogung Juru Tengah, Bayan, Purworejo, Jawa Tengah','085918042750','1970-01-01','PURWOREJO','WARNINGSIH','Laki-Laki',21,0,0,NULL,'2025-02-27 14:55:01','2025-08-27 10:58:26'),(110,6,'FACHRUDIN SEPTIAN NOGROHO','2024','32242001','0063545930','3306112609060001','fachrudin@gmail.com',NULL,'$2y$10$zg5TCUDaIHV2Fq9nPqdI8eOVlvcOq.xDOfHxLfJEAGd7u9iMdHbPq','RT 1 RW 1 Pangkalan, PITURUH, Purworejo, Jawa Tengah','089673710602','1970-01-01','PURWOREJO','EVI PUSPITOSARI','Laki-Laki',22,0,1,NULL,'2025-02-27 14:55:35','2025-08-27 10:58:40'),(111,6,'TAMANAUNA ERHA KUSUMANTORO','2024','32242002','0051252958','3306016906050001','tamanauna@gmail.com',NULL,'$2y$10$RWJ34t26biVl8gmz1XlbcOrl0FgFEtQU74CXK12WZ3W9ppwwCLX4.','RT 1 RW 5 HARJOBINANGUN, Grabag, Purworejo, Jawa Tengah','082325409417','1970-01-01','PURWOREJO','RUSTI HIDAYATI','Perempuan',22,0,0,NULL,'2025-02-27 14:55:35','2025-08-27 10:58:40'),(112,6,'NUR FATHIHATUL RAHMA','2024','32242003','0017819124','3216055101010008','fatihatulrn@gmail.com',NULL,'$2y$10$T5HowsYdzyOhIfnWOWGgC.sm9yoAgsR.FKiZ7VYdlnkAXl4eDQT4G','RT 2 RW 1 MEGULUNG LOR, PITURUH, Purworejo, Jawa Tengah','085893466479','1970-01-01','BEKASI','PAIJAH','Perempuan',22,0,0,NULL,'2025-02-27 14:55:35','2025-08-27 10:58:40'),(113,6,'MOCH RIZAL RAMADHAN','2024','32242004','0031578352','3306010511030004','rizalramadhan3140@gmail.com',NULL,'$2y$10$IDQgv4jlTP/CH9eEGeaB7ut3NGYpNYHeQ8U5nGv5b7xXZxhoXJkhG','RT 3 RW 2 KEBURUHAN, Ngombol, Purworejo, Jawa Tengah','087778694251','1970-01-01','PURWOREJO','SUWARNI','Laki-Laki',22,0,1,NULL,'2025-02-27 14:55:35','2025-08-27 10:58:40'),(114,6,'DWI MULYADI','2024','32242005','0024177556','3306141905020002','mulyadidwi16@gmail.com',NULL,'$2y$10$oY1wQIpKjD.lQBu5VZ7vzebO5GrWLKpfWaWDjsRP1Chq4474Le6Ce','RT 2 RW 1 GEBANG, Gebang, Purworejo, Jawa Tengah','081326985548','1970-01-01','PURWOREJO','SRI HARTINI','Laki-Laki',22,0,0,NULL,'2025-02-27 14:55:35','2025-08-27 10:58:40'),(115,6,'ROYA FIRMAN GANI','2024','32242006','3052096969','1608131312050001','royafb@gmail.com',NULL,'$2y$10$2fmwLYdW5AOBO40sVmVo6OX/2DTrWGChGMAl.wV6ay5Jyjg.L33Ty','RT 19 RW 5 MADANG SUKU III, MADANG SUKU III, Ogan Komering Ulu Timur, Sumatera Selatan','085379688090','1970-01-01','BANDUNG','DIAH WIDOWATI','Laki-Laki',22,0,0,NULL,'2025-02-27 14:55:35','2025-08-27 10:58:40'),(116,6,'ERRIN KUKUH SUDARYANTO','2024','32243001','9986575599','3306111306980002','errinkukuh@gmail.com',NULL,'$2y$10$CcY3c2IzQ4jsC51k2XkfTe2tHjpCyzCzVHJh2rZZqOMorcxb8BGFe','RT 1 RW 2 MEGULUNG KIDUL, PITURUH, Purworejo, Jawa Tengah','082242248938','1970-01-01','PURWOREJO','WAHYUNING R.','Laki-Laki',22,0,1,NULL,'2025-02-27 14:55:35','2025-08-27 10:58:40'),(117,21,'FARAH AMALIA PUTRI ZULDA','2022','33221001','0035475267','3371036612030001','amaliazulda098@gmail.com',NULL,'$2y$10$VaOqLQgbOavG.NC8mD336OfU1J/dHAWIkTbx0zYdENsyxZ7mcazOK','Jalan Ketawang Km7 RT 2 RW 1 Dungus, Grabag, Purworejo, Jawa Tengah','085799654924','1970-01-01','MAGELANG','ZULAIHA ZEIN','Perempuan',15,0,0,'2025-09-08 05:57:41','2025-02-27 14:58:24','2025-09-08 05:57:41'),(118,21,'MUHAMMAD RIZKI PRATAMA','2022','33221002','0047166913','3306071403040001','pratama14032004@gmail.com',NULL,'$2y$10$DclK.hypcV2L6v7UH0Ea2uGSXzG1dohv/48/iGDN0elYpoSugFDdO','Pandean RT 1 RW 3 Kertosono, Banyuurip, Purworejo, Jawa Tengah','089654711994','1970-01-01','PALEMBANG','IIS SUKATRI','Laki-Laki',15,0,1,'2025-09-08 05:57:41','2025-02-27 14:58:24','2025-09-08 05:57:41'),(119,21,'BAYU PAMUNGKAS','2022','33221003','0033518723','3306012904030001','bayulaksana2929@gmail.com',NULL,'$2y$10$m99Uy6vOuIqJrihJyMa1HeVv1.EBd1JTfZxUWKB6x9QV8DAstS.M.','Desa Grabag RT 2 RW 3 Grabag, Grabag, Purworejo, Jawa Tengah','083124212017','1970-01-01','PURWOREJO','FITRI LISIYANI','Laki-Laki',15,0,1,'2025-09-08 05:57:41','2025-02-27 14:58:24','2025-09-08 05:57:41'),(120,21,'NUR CAHYANI','2022','33221004','0043693814','3306095102040003','cahyaninur189@gmail.com',NULL,'$2y$10$QJ5FKFC/Fbt2k47WdrasXe0YWsyvz5.X9ZkYw8d6Ta2PHjHMjt4PW','Semawung Daleman RT 3 RW 5 Semawung Daleman, Kutoarjo, Purworejo, Jawa Tengah','083144729886','1970-01-01','PURWOREJO','ROCHIMAH','Perempuan',15,0,0,'2025-09-08 05:57:41','2025-02-27 14:58:25','2025-09-08 05:57:41'),(121,21,'FARIK SANTOSO','2022','33221005','0031984250','3306132708030003','fariksantoso270803@gmail.com',NULL,'$2y$10$uAera8Q2xdfFKOh787qS2.ogPbA2E2BOr3kTxdqgZYz5.sFVvLfOW','Brunosari Bruno RT 5 RW 2 Brunosari Bruno, Bruno, Purworejo, Jawa Tengah','085727614975','1970-01-01','PURWOREJO','SITI ROHMAH','Laki-Laki',15,0,1,'2025-09-08 05:57:41','2025-02-27 14:58:25','2025-09-08 05:57:41'),(122,21,'RICO ADI KURNIAWAN','2022','33221006','0043698021','3306092108040002','ricoadikurniawan21@gmail.com',NULL,'$2y$10$svNZRSpEncA5VabexElYFOfprhOdoBq9iclje6H1jQw87bVybxWbi','RT 1 RW 1 Kuwurejo, Kutoarjo, Purworejo, Jawa Tengah','085848207983','1970-01-01','PURWOREJO','NENTI DAMAYANTI','Laki-Laki',15,0,0,'2025-09-08 05:57:41','2025-02-27 14:58:25','2025-09-08 05:57:41'),(123,21,'HAFIZH SATRIO DEWANTORO','2022','33221007','0031052754','3216192211030002','hafizhsatrio22@gmail.com',NULL,'$2y$10$Fswf4bOAy.cQiXi9Le9NqOTULCwYtE9keb.9B4HkIaglcnzVAYF4.','RT 1 RW 1 Tepuskulon, Kutoarjo, Purworejo, Jawa Tengah','089620882815','1970-01-01','PURWOREJO','WITARI','Laki-Laki',15,0,0,'2025-09-08 05:57:41','2025-02-27 14:58:25','2025-09-08 05:57:41'),(124,21,'RIA ARDIYANTI','2022','33221008','0013804843','3306135804010002','A2@gmail.com',NULL,'$2y$10$Eklz4SWNMpOO3bly6cI/G.FJOIglLJPc/Ezsd2km0uwuxk8ZDJqqK','RT 1 RW 1 Kambangan, Bruno, Purworejo, Jawa Tengah','081338375091','1970-01-01','PURWOREJO','RUSMINAH','Perempuan',15,0,0,'2025-09-08 05:57:41','2025-02-27 14:58:25','2025-09-08 05:57:41'),(125,NULL,'AURUM RIA DEVI TRIANA','2022','33221009','0037291003','3306085612030001','A2@gmail.com',NULL,'$2y$10$xZJHRVCQ4W/fNfCgwrayX..XP8afLNgvn5m3U0lPqcehQQ/ot.RSa','RT 1 RW 5 Krandegan, Bayan, Purworejo, Jawa Tengah','085292025590','1970-01-01','PURWOREJO','TRIWATI','Perempuan',15,0,0,'2025-09-08 05:57:41','2025-02-27 14:58:25','2025-09-08 05:57:41'),(126,21,'FAHMI ADITYA NUGRAHA','2022','33221012','0008898750','3306060810000003','A2@gmail.com',NULL,'$2y$10$K5GxZDHj0szannbHNcDT0.1V2rnElxkWmMUpTnajLTDsnyT0hnLsy','RT 4 RW 3 Doplang, Purworejo, Purworejo, Jawa Tengah','08973273156','1970-01-01','PURWOREJO','SRI HARJATI','Laki-Laki',15,0,1,'2025-09-08 05:57:41','2025-02-27 14:58:25','2025-09-08 05:57:41'),(127,21,'NISFI IDZA LAELA','2022','33221013','0047672293','3306146809040001','A2@gmail.com',NULL,'$2y$10$O6R9Sizn5M5e6OVEbPHWO.RZ3gZXHSRXee6F5yuKr7iX6DDmjelsy','RT 1 RW 2 Lugosobo, Gebang, Purworejo, Jawa Tengah','08885982408','1970-01-01','PURWOREJO','SITI CHOLIFAH','Perempuan',15,0,0,'2025-09-08 05:57:41','2025-02-27 14:58:25','2025-09-08 05:57:41'),(128,21,'ANGGUN RIKHADATUL AIS','2022','33221014','0024152607','3306114104020002','A2@gmail.com',NULL,'$2y$10$/z/8ScT6RCatlefUHXp62upiqADeYXrZNKgiNLKRIbuSqU7Nn9NL6','RT 2 RW 1 Pituruh, Pituruh, Purworejo, Jawa Tengah','089663241386','1970-01-01','PURWOREJO','ENI','Perempuan',15,0,0,'2025-09-08 05:57:41','2025-02-27 14:58:25','2025-09-08 05:57:41'),(129,21,'SA\'DIYAH PUJI MULYANI','2022','33221015','0044718878','3306114503040001','A2@gmail.com',NULL,'$2y$10$TU0CBQBXYMvoeDjL5s5Lm.noiTTBCv87XW7.lP.kTUl9Xb8Aa0SiG','RT 1 RW 3 Girigondo, Pituruh, Purworejo, Jawa Tengah','085702395154','1970-01-01','PURWOREJO','MAR\'ATUL MUKMINAH','Perempuan',15,0,0,'2025-09-08 05:57:41','2025-02-27 14:58:25','2025-09-08 05:57:41'),(130,21,'FADILA RISMA PRIHATINI','2022','33221016','0024139635','6301014807020003','A2@gmail.com',NULL,'$2y$10$7G1hJ/wTwJ6rlgYWWoZi1u3TDNczecEQ2EDGMl52phwvGLjLazXGm','RT 3 RW 1 Sindurjan, Purworejo, Purworejo, Jawa Tengah','083841597850','1970-01-01','PURWOREJO','TRI LESTARI','Perempuan',15,0,0,'2025-09-08 05:57:41','2025-02-27 14:58:25','2025-09-08 05:57:41'),(131,21,'XENA DAY LUMBAN TOBING','2022','33221017','0011759573','1276045605010001','A2@gmail.com',NULL,'$2y$10$P88/MSXKJlvKxVVd77vlEOXbdrbFdq4i6vBKF1XAMFh3Wo7DFLQyC','RT 0 RW 0 Timbang Deli, Medan Amplas, Kota Medan, Jawa Tengah','089561308907','1970-01-01','MEDAN','DINA BR SILALAHI','Perempuan',15,0,1,'2025-09-08 05:57:41','2025-02-27 14:58:25','2025-09-08 05:57:41'),(132,21,'RISTYA IRMA RAHAYU','2022','33221018','0024170709','3306086603020003','A2@gmail.com',NULL,'$2y$10$MggfkajNfxoSKDTxX891Eu9ErX83qjdHvC.Vu3oYFwLGb/oLuagbm','RT 2 RW 1 Bandung Kidul, Bayan, Purworejo, Jawa Tengah','089630382480','1970-01-01','PURWOREJO','SRI WINARTI','Perempuan',15,0,0,'2025-09-08 05:57:41','2025-02-27 14:58:25','2025-09-08 05:57:41'),(133,21,'NUR FAJRIANTI RIFLISTIADI','2022','33221019','0024217512','3306014303020001','A2@gmail.com',NULL,'$2y$10$feco3TRmlt1fjiEI.n.Tn.N7xDO/iwcZH5c4rxuUzeoKA/u0YwYNy','RT 2 RW 4 Sangubanyu, Grabag, Purworejo, Jawa Tengah','087899470464','1970-01-01','WONOSOBO','LILIS HARYATUN','Perempuan',15,0,1,'2025-09-08 05:57:41','2025-02-27 14:58:25','2025-09-08 05:57:41'),(134,21,'WAHYU HIDAYAT','2022','33221020','0034119162','3306072503030001','A2@gmail.com',NULL,'$2y$10$AgB75hJvLYXQ/3lE/RRyA.Vz9kn29aQOD4KzP9kYF75iOHVXOLRde','RT 3 RW 1 Triwarno, Banyuurip, Purworejo, Jawa Tengah','085844664474','1970-01-01','PURWOREJO','RENES','Laki-Laki',15,0,1,'2025-09-08 05:57:41','2025-02-27 14:58:25','2025-09-08 05:57:41'),(135,21,'TRI UTAMI KARTIKAWATI','2022','33221021','0043697723','3306094109040002','A2@gmail.com',NULL,'$2y$10$yIru2tF.8Fbg8dHfQfOve.Kx5dBCmmRmLKTFzJW0JGOf/yon7iJNm','RT 1 RW 2 Kemadu lor, Kutoarjo, Purworejo, Jawa Tengah','085293129948','1970-01-01','PURWOREJO','SRI SUWANTI','Perempuan',15,0,0,'2025-09-08 05:57:41','2025-02-27 14:58:25','2025-09-08 05:57:41'),(136,6,'ALFARIZI APRILLIANO','2023','32231001','0055245924','3306032804050004','alfariziaprilliano@gmail.com',NULL,'$2y$10$WWv2Usd2ehMKQPGHjLyvkuD1S8NF6ZyH1MMzCQGEncltNjMwNSNfm','RT 1 RW 1 KENTENGREJO, Purwodadi, Purworejo, Jawa Tengah','08122','1970-01-01','PURWOREJO','RR. WORO SULISTYORINI','Laki-Laki',32,0,0,NULL,'2025-03-10 09:29:04','2025-08-27 16:20:04'),(137,6,'WENDRY ROIKHANA ZAHRO','2023','32231002','0051992283','3306075408050003','wendryroikhana@gmail.com',NULL,'$2y$10$NPsujqnU99qmNlA4DcC.quxzb3PdG6JEh8Rz4NiU/30fbnAesLkYy','RT 3 RW 7 Kledungkradenan, Banyuurip, Purworejo, Jawa Tengah','081228971467','1970-01-01','PURWOREJO','WENDI UTAMI PRIHANDAYANI','Perempuan',32,0,0,NULL,'2025-03-10 09:29:04','2025-08-27 16:20:04'),(138,6,'FAJAR BAYU TIMUR','2023','32231003','0053733516','3306063003050002','bayu23404@gmail.com',NULL,'$2y$10$1qmN2khSH6hg6Iq4DECNQ.BSqQHsunBb6trjrGyBGeCU6Psr0Zp52','RT 2 RW 1 Pacekelan, Purworejo, Purworejo, Jawa Tengah','081222','1970-01-01','PURWOREJO','SARI NURHAYATI','Laki-Laki',32,0,0,NULL,'2025-03-10 09:29:04','2025-08-27 16:20:04'),(139,6,'RIMA CAHYANINGRUM','2023','32231004','0047464610','3306107005040001','rimacahyaningrum88@gmail.com',NULL,'$2y$10$5g78/XrtxUf2WS7zzmxwZe8Bhz7JSDru7Oi0x6zATBOqgvDf6sQ8e','RT 1 RW 4 Lugu, Butuh, Purworejo, Jawa Tengah','081392495726','1970-01-01','PURWOREJO','SRI SUKMAENI','Perempuan',32,0,0,NULL,'2025-03-10 09:29:04','2025-08-27 16:20:04'),(140,6,'WAHYU DWI SAPUTRA','2023','32231005','0045140586','3513191512040002','wdwi30333@gmail.com',NULL,'$2y$10$FF.qPnLoKV7oMieCe3zVT.I0DZ/v5PPgoAMLYy.fQle9Gj.HUtg6O','RT 1 RW 3 Kedung Agung, Butuh, Purworejo, Jawa Tengah','082138249690','1970-01-01','PURWOREJO','SITI MARYATI','Laki-Laki',32,0,0,NULL,'2025-03-10 09:29:04','2025-08-27 16:20:04'),(141,6,'DHIMAS RAHMAT ARI YULIANTO','2023','32231006','0058469960','3306091209050001','dhimasyulianto440@gmail.com',NULL,'$2y$10$W11nQ9Hmu6cF7Ex.tyJToO3C1TDmOc5Ao0UWlrpSVGei/.dh4BtpG','RT 1 RW 1 Suren, Kutoarjo, Purworejo, Jawa Tengah','085329931710','1970-01-01','PURWOREJO','YULIYANTI','Laki-Laki',32,1,0,NULL,'2025-03-10 09:29:04','2025-09-09 18:15:55'),(142,6,'LIANA MAULIDYA','2023','32231007','0043429335','3306106304040001','lianamaulidya23@gmail.com',NULL,'$2y$10$26CWrseNMd5R1LXOCZ.j0eeLi3pfcQE9PhxFrcn7p9rV87uNPibv2','RT 2 RW 1 Kedungagung, Butuh, Purworejo, Jawa Tengah','085640793316','1970-01-01','PURWOREJO','LILY SETIOWATI','Perempuan',32,0,0,NULL,'2025-03-10 09:29:04','2025-08-27 16:20:04'),(143,6,'RAHMAT DWI YULIANTO','2023','32231008','0058224670','3306092507050002','rahmatdwiyulianto@gmail.com',NULL,'$2y$10$shmAfyAG8DP8PtyLcKhsSOaeDc0zWbXrHSWjAo35WsqyVpJy96Pdu','RT 0 RW 0 Tepus Kulon, Kutoarjo, Purworejo, Jawa Tengah','08813891304','1970-01-01','PURWOREJO','SUTIYAH','Laki-Laki',32,0,1,NULL,'2025-03-10 09:29:04','2025-08-27 16:20:04'),(144,6,'RIYAN NUR HIDAYAT','2023','32231009','9964302005','3306031906960003','riyannurh@gmail.com','32231009.jpg','$2y$10$l95XwnK7vybPyYTKPpwqEOac31JCFEaY54u1XxIgHcBd3aopa6Gaa','RT 1 RW 1 Tlogorejo, Purwodadi, Purworejo, Jawa Tengah','081381137042','1970-01-01','PURWOREJO','FITRIANA MELANI','Laki-Laki',32,0,0,NULL,'2025-03-10 09:29:04','2025-08-27 16:20:04'),(145,NULL,'SHANDHY NANDHA FAUZI','2023','32231010','0045830850','3306011012040002','shandhynandhafauzi@gmail.com',NULL,'$2y$10$fMWm0DSdvi/bnrXfD.tGS.1ipa.DeKRxIiGZ0Zj0nJFGOf8CZgyh.','RT 1 RW 2 Sumberagung, Grabag, Purworejo, Jawa Tengah','088233276896','1970-01-01','PURWOREJO','HETY SETYANINGSIH','Laki-Laki',32,0,1,NULL,'2025-03-10 09:29:04','2025-08-27 16:20:04'),(146,6,'FAHIRA AURELLIA SASKIA PUTRI','2023','32231011','0045079898','3671135811040003','Fahirap3@gmail.com',NULL,'$2y$10$AIPE9q1XGZvu3r/7WgoHROXSvWbVN9Rv5NYuivV/T.OfR09Y.mxqK','Inpres XVIII GG H Bentol no 19 RT 2 RW 7 Larangan Selatan, Larangan, Tangerang, Banten','087788539436','1970-01-01','TANGERANG','RACHMUNITA DIAN NUSWANTARI','Perempuan',32,0,0,NULL,'2025-03-10 09:29:04','2025-08-27 16:20:04'),(147,6,'SYAIRA AMANDA KEISHA PUTRI','2023','32231012','0045079897','3671135811040004','syairakp@gmail.com',NULL,'$2y$10$F0MYABD9peFuzpaRvyOOeelRZG9khZPOiRvbCEJ1eYLLoOpboUhti','Inpres XVIII GG H Bentol no 19 RT 2 RW 7 Larangan Selatan, Larangan, Tangerang, Banten','087806935805','1970-01-01','TANGERANG','RACHMUNITA DIAN NUSWANTARI','Perempuan',32,0,0,NULL,'2025-03-10 09:29:04','2025-08-27 16:20:04'),(148,6,'LUTFI BAYU ABIDIN','2023','32231013','0052636990','3305090108050001','lutfibayuabidin07@gmail.com',NULL,'$2y$10$NYwN95RMUMsCxMZX2duUcOBqlJjyB12clYI/E8U2PmG2ON2NtaIrK','RT 1 RW 1 Prembun, Prembun, Kebumen, Jawa Tengah','085868728661','1970-01-01','KEBUMEN','NOVI SUCININGRUM','Laki-Laki',32,0,0,NULL,'2025-03-10 09:29:04','2025-08-27 16:20:04'),(149,6,'MUCH NAJA MUNGIDAL ANWAR','2023','32231014','0051393700','3306140805070001','muchnajamungida@gmail.com',NULL,'$2y$10$EDkRlN/ZMTS05NqOJdMSreiRox8Pn33SpFT2F.ATC8I3QPUJ.RFxO','RT 1 RW 1 KRAGILAN, Gebang, Purworejo, Jawa Tengah','08222','1970-01-01','PURWOREJO','ROKHIMAH ARROFIQ','Laki-Laki',32,0,1,NULL,'2025-03-10 09:29:04','2025-08-27 16:20:04'),(150,6,'RAHMAT AJI ILHAM','2023','32231016','0064983906','3306123011050002','rahmataji@gmail.com',NULL,'$2y$10$oKrrsj3vNm15wE3XR4dMVOGjnFvFrMk1qmOdvSPVwYU80BxhtnUH6','RT 4 RW 1 Kaliglagah, Kemiri, Purworejo, Jawa Tengah','082326138869','1970-01-01','PURWOREJO','TURIYATI','Laki-Laki',32,0,0,NULL,'2025-03-10 09:29:04','2025-09-08 14:18:41'),(151,6,'ALLAM ZIDANE PRASETYO','2023','32231017','0056400164','3306032609050001','allamzidan27@gmail.com',NULL,'$2y$10$pNNKPmDfDZ/Xc8.DgE.M4.jiAnOch1POR2qvmeIwquo6Ti1N60why','RT 3 RW 3 Jenarkidul, Purwodadi, Purworejo, Jawa Tengah','08222','1970-01-01','PURWOREJO','IIN INDRAWATI','Laki-Laki',32,0,0,NULL,'2025-03-10 09:29:04','2025-08-27 16:20:04'),(152,6,'AHMAD NUR ROMADHON','2023','32231018','0058329391','3306030810050002','ahmadromadhan5@gmail.com','32231018.jpg','$2y$10$5Q.12KeLq6DRR3EUX8ii7uocXYdhnDkNJjnQk8SJmN2DFZzUlL/AO','RT 3 RW 3 Jenarkidul, Purwodadi, Purworejo, Jawa Tengah','089527338343','1970-01-01','PURWOREJO','NGATINI','Laki-Laki',32,1,0,NULL,'2025-03-10 09:29:04','2025-09-09 18:15:50'),(153,6,'DIMAS ARDITA IKSAN','2023','32231020','0034180064','3171051510030001','dimasarditai@gmail.com',NULL,'$2y$10$b8rv0.s54eWLacFPF1rKeefzbukONzy8MHms6XOQgulcOOKZP43qa','Cempaka Putih Barat GG IX A RT 12 RW 4 Cempaka Putih Barat, Cempaka Putih Barat, Kota Jakarta Pusat, D.K.I Jakarta','087769059717','1970-01-01','JAKARTA','SHOFIYATUN','Laki-Laki',32,0,0,NULL,'2025-03-10 09:29:05','2025-08-27 16:20:04'),(154,6,'DWI SETIAWAN','2023','32232001','0010835093','3306060601010003','dwisetiawan0621@gmail.com',NULL,'$2y$10$ZOFko50xqRuXTWQTs57hluErAVmDP.QWYoKkRGI3y/Jd5aBdY6.Aq','RT 1 RW 4 Tambakrejo, Purworejo, Purworejo, Jawa Tengah','089542124859','1970-01-01','PURWOREJO','BUDAYATI','Laki-Laki',33,0,0,NULL,'2025-03-10 09:29:27','2025-08-27 16:20:18'),(155,6,'MARGITA PUTRI SHOLIHAH','2023','32232002','0059441927','3306106603050001','margitaputrisholihah@gmail.com',NULL,'$2y$10$einpVAhjxX.wpbXjzOtvoehPasaFYTz6aHX9MZyekHEVKukj/mW/y','RT 3 RW 3 Lubanglor, Butuh, Purworejo, Jawa Tengah','08222','1970-01-01','PURWOREJO','PAINEM','Perempuan',33,1,0,NULL,'2025-03-10 09:29:27','2025-09-09 18:16:01'),(156,6,'DONI ALAMSYAH','2023','32232003','0033719647','3306090405030003','donialamsyah610@gmail.com',NULL,'$2y$10$k9o6ejBANFtCTRAw4q7HLuuFJMH6DDeFie/O1iNs27byEbeZtJQ3y','RT 3 RW 3 KUWUREJO, Kutoarjo, Purworejo, Jawa Tengah','085801327610','1970-01-01','PURWOREJO','JUMI ASTUTI','Laki-Laki',33,0,0,NULL,'2025-03-10 09:29:27','2025-08-27 16:20:18'),(157,6,'AWALUDIN CAHYADI','2023','32232004','9976351808','3306112309970002','wahyusyaiful6@gmail.com','32232004.jpg','$2y$10$GVhPvY/r4gWAjAZOvfwfFu0/QcTZOgVoRIWSw87dZ6jsRvOPtVT66','RT 2 RW 2 Wironatan, Butuh, Purworejo, Jawa Tengah','08222','1970-01-01','PURWOREJO','TARMIYATI','Laki-Laki',33,0,0,NULL,'2025-03-10 09:29:27','2025-08-27 16:20:18'),(158,6,'WAHYU PRASETYO','2023','32232005','9984916740','3306061904980004','wahyupras@gmail.com','32232005.jpg','$2y$10$C198lcSA6L3aPTZZpnYuh.L26QcMVNxXAIqjWgT4Y.OHpmVj8N4uu','RT 2 RW 4 Cangkrep Lor, Purworejo, Purworejo, Jawa Tengah','085228013776','1970-01-01','PURWOREJO','SUSILOWATI','Laki-Laki',33,0,0,NULL,'2025-03-10 09:29:27','2025-08-27 16:20:18'),(159,6,'BEKTI AGUNG NUGROHO','2022','32221001','0037115893','3306120706030001','bektiagung777@gmail.com','32221001.jpg','$2y$10$1O30yE99AlFTWW5hANVDU.BFZkslBGkOhxUcZSIWMjNC3QjSxxVa.','RT 1 RW 4 Kemirilor, Kemiri, Purworejo, Jawa Tengah','08990475629','1970-01-01','PURWOREJO','PENI KASWASIH','Laki-Laki',6,0,0,'2025-09-08 05:57:11','2025-03-10 13:56:55','2025-09-08 05:57:11'),(160,6,'RIZKY NURROCHMAN','2022','32221002','0015461492','3306061605010003','aaa@em.com',NULL,'$2y$10$T5KkdRUztudqng9FspXk/.LrRvHWmG//H9MU2oDkOnVJc7lpMH7Bi','RT 2 RW 9 Sidomulyo, Purworejo, Purworejo, Jawa Tengah','085848935855','1970-01-01','PURWOREJO','RUSMIYATI','Laki-Laki',6,0,0,'2025-09-08 05:57:11','2025-03-10 13:56:55','2025-09-08 05:57:11'),(161,6,'ADHI SETIYO','2022','32221003','0037479029','3306010312030004','aaa@em.com',NULL,'$2y$10$EP.JtfXDvyaIYZiMra7wuOME3oaN15CTpuOPQ/PfP0BDt/Ovw9bs6','RT 3 RW 2 Ketawangrejo, Grabag, Purworejo, Jawa Tengah','081226903848','1970-01-01','PURWOREJO','URIP SRI HANDAYANI','Laki-Laki',6,0,0,'2025-09-08 05:57:11','2025-03-10 13:56:55','2025-09-08 05:57:11'),(162,6,'KURNIA PUJI RAHAYU','2022','32221004','0043057589','3305125011040003','aaa@em.com',NULL,'$2y$10$5qDH8KZuq0BeTzQIi4t1lOvwCZGpMezuCnsKmqPICRvK0DlGDUhqO','RT 3 RW 11 Panjer, Kebumen, Kebumen, Jawa Tengah','083106318168','1970-01-01','KEBUMEN','SUPRIYATI','Perempuan',6,0,1,'2025-09-08 05:57:11','2025-03-10 13:56:55','2025-09-08 05:57:11'),(163,6,'WAHYU SETYO ROMADHON','2022','32221005','0043694007','3306090311030004','aaa@em.com',NULL,'$2y$10$JkccUHti5GQe2rDEexemgOT.bJdtuKZc2Hm9S8arWVOojdRIUFq7O','RT 1 RW 4 Katerban, Kutoarjo, Purworejo, Jawa Tengah','089653938317','1970-01-01','PURWOREJO','SHOLIKHAH','Laki-Laki',6,0,0,'2025-09-08 05:57:11','2025-03-10 13:56:55','2025-09-08 05:57:11'),(164,6,'LESTARI EKA MELANI','2022','32221006','0037372857','3306094810030002','aaa@em.com',NULL,'$2y$10$r3stJqGgzhpp3mv997omzOkgRJG/c1HtLTe2C9.IGIc4xbMpg1T2O','RT 1 RW 2 Lubang Sampang, Butuh, Purworejo, Jawa Tengah','085643397491','1970-01-01','PURWOREJO','SUMARNI','Perempuan',6,0,1,'2025-09-08 05:57:11','2025-03-10 13:56:55','2025-09-08 05:57:11'),(165,6,'NUR KHASANAH','2022','32221007','0038992018','1804165010030001','aaa@em.com',NULL,'$2y$10$LeemkDOO/RopSWkTH43h6ey/BRE/ffDDpgGRebC0RtuQ/32FQVInW','RT 3 RW 1 Tanjunganom, Butuh, Purworejo, Jawa Tengah','082138347821','1970-01-01','PURWOREJO','MURNIATI','Perempuan',6,0,1,'2025-09-08 05:57:11','2025-03-10 13:56:55','2025-09-08 05:57:11'),(166,6,'NISRINA KHAIRUNISA','2022','32221008','3003721012','3306026206040003','aaa@em.com',NULL,'$2y$10$gZNIu5o/TJ1kEaYB4hTLOejhudq5VVsPKAIhTDW9uXDYevzSsWGDu','RT 1 RW 1 Sumberrejo, Ngombol, Purworejo, Jawa Tengah','083861466683','1970-01-01','PURWOREJO','GIMAH','Perempuan',6,0,1,'2025-09-08 05:57:11','2025-03-10 13:56:55','2025-09-08 05:57:11'),(167,6,'VALEND PEBRIANTARA','2022','32221009','0021307949','3309071402029002','aaa@em.com',NULL,'$2y$10$jomrbmd3AaONC7dQpdcUhOGVZH2ZcyzbsOtK7dnjXjv53Hv1OmXUW','RT 1 RW 1 ketiwijayan, Bayan, Purworejo, Jawa Tengah','082137134798','1970-01-01','PURWOKERTO','ISABBEL JS','Laki-Laki',6,0,1,'2025-09-08 05:57:11','2025-03-10 13:56:55','2025-09-08 05:57:11'),(168,6,'MUHAMMAD LENTERA BAWONO JATI','2022','32221010','0045058988','3306121802040001','aaa@em.com','32221010.jpg','$2y$10$7GL3BxWc3PaDJjM6USwUnuF3rwzf/RkJCQolzF7XRwBQjQ1tHAXPC','RT 1 RW 2 loning, Kemiri, Purworejo, Jawa Tengah','085329326777','1970-01-01','PURWOREJO','WINDARTI','Laki-Laki',6,0,0,'2025-09-08 05:57:11','2025-03-10 13:56:55','2025-09-08 05:57:11'),(169,6,'DIMAS PRASETYO','2022','32221011','0042956881','3306070411040001','aaa@em.com',NULL,'$2y$10$vTAO.0uPvGoxinbLk9KUkOyQ3JhhTuoRvSicCCvj1/ewkraZC40ey','RT 1 RW 2 Kliwonan, Banyuurip, Purworejo, Jawa Tengah','083896506121','1970-01-01','PURWOREJO','FENY RAHAYU','Laki-Laki',6,0,0,'2025-09-08 05:57:11','2025-03-10 13:56:55','2025-09-08 05:57:11'),(170,6,'MUCTHAR PRASTYAWAN','2022','32221013','0010184318','3306041604010003','aaa@em.com',NULL,'$2y$10$.iLxfV5K8KlQp06j.QXr8eX8XQVd6XfAnlkd3wLxW8O4/u8GMzM6.','RT 1 RW 5 kemanukan, Bagelen, Purworejo, Jawa Tengah','082328138921','1970-01-01','PURWOREJO','IIM ROCHIMAH','Laki-Laki',6,0,1,'2025-09-08 05:57:11','2025-03-10 13:56:55','2025-09-08 05:57:11'),(171,6,'FARAH TISYA ANINDYA PUTRI','2022','32221014','0005406292','3671135112000003','aaa@em.com',NULL,'$2y$10$DacUGj.ZSerxLT7vEor39exyK6xGh.XsAiD5zwkBtEEGYBx2lWwwO','JL.Inpres XVlll gg.h.bentol no.19 RT 2 RW 7 kledungkradenan, Banyuurip, Purworejo, Jawa Tengah','087781173542','1970-01-01','JAKARTA','RACHMUNITA DIAN NUSWANTARI','Perempuan',6,0,0,'2025-09-08 05:57:11','2025-03-10 13:56:55','2025-09-08 05:57:11'),(172,6,'RAKAN NURAZIS SOPIAN','2022','32221016','0034119137','3306070509030003','aaa@em.com',NULL,'$2y$10$80rb6c2EtWOCXVd7FsgIo.0jHuGuDnDNnrwdG4/iVe0doG2vZDQbO','RT 1 RW 2 tegalrejo, Banyuurip, Purworejo, Jawa Tengah','083829855382','1970-01-01','BOGOR','KUSUMAWATI','Laki-Laki',6,0,1,'2025-09-08 05:57:11','2025-03-10 13:56:55','2025-09-08 05:57:11'),(173,6,'FERI AHMAD BA\'SAN','2022','32221017','0047901175','3306140803040003','aaa@em.com',NULL,'$2y$10$u5kBY3kRzyNEoX7yDz49h.s4JvCcIj6.mt/.YWzEUvXznC1aOjmIO','RT 2 RW 3 mlaran, Gebang, Purworejo, Jawa Tengah','085866980352','1970-01-01','PURWOREJO','SITI FADLIYAH','Laki-Laki',6,0,1,'2025-09-08 05:57:11','2025-03-10 13:56:55','2025-09-08 05:57:11'),(174,6,'ABDUL CHANAN','2022','32221018','0033611467','3306120901040005','aaa@em.com',NULL,'$2y$10$l21mZnfJkn.HtfBFh/r0suaMTmnyYa9sNRPabi7k85D4w5P./ShfC','RT 3 RW 1 Girimulyo, Kemiri, Purworejo, Jawa Tengah','081237465034','1970-01-01','PURWOREJO','SULASMI','Laki-Laki',6,0,0,'2025-09-08 05:57:11','2025-03-10 13:56:55','2025-09-08 05:57:11'),(175,6,'RIVAN GALIH ANDARU','2022','32221019','0045801518','3306090410040001','aaa@em.com',NULL,'$2y$10$B9P1HbAV77qQ0OpsEDj7Xe6ML8Lyggdlj1AzGgomxhCfr8zXYZFBK','RT 1 RW 3 tepus wetan, Kutoarjo, Purworejo, Jawa Tengah','081326551903','1970-01-01','PURWOREJO','SURYANI','Laki-Laki',6,0,1,'2025-09-08 05:57:11','2025-03-10 13:56:56','2025-09-08 05:57:11'),(176,6,'RHESA KRISMAWAN','2022','32221021','0017714191','3306062708010001','aaa@em.com',NULL,'$2y$10$xm609BWgLAedLmI8zew1X.o20ITzW6zg7lcfwiPpqB06Cy8zz5jDi','RT 2 RW 1 Mudal, Purworejo, Purworejo, Jawa Tengah','089648676156','1970-01-01','PURWOREJO','ISWANTI','Laki-Laki',6,0,1,'2025-09-08 05:57:11','2025-03-10 13:56:56','2025-09-08 05:57:11'),(177,6,'OSCAR KRISNANDA','2022','32221022','0037371650','3306060610030001','aaa@em.com',NULL,'$2y$10$IZMoE6Nqch6KZ/L3oKLcQOP09/DRIJZDIYfrU28BxBfKX9tPwt3j6','RT 2 RW 1 Mudal, Purworejo, Purworejo, Jawa Tengah','081229063296','1970-01-01','PURWOREJO','ISWANTI','Laki-Laki',6,0,0,'2025-09-08 05:57:11','2025-03-10 13:56:56','2025-09-08 05:57:11'),(178,6,'RACHMAD ADYANTORO','2022','32221023','0011542390','3306061510010001','aaa@em.com',NULL,'$2y$10$BruN9rQYbSN/KqYET63P5.1DT4Dn5Qj37UyjpvWFb6qGOkkSQLq.C','RT 2 RW 5 Tambakrejo, Purworejo, Purworejo, Jawa Tengah','085725397399','1970-01-01','PURWOREJO','PAINTEN','Laki-Laki',6,0,1,'2025-09-08 05:57:11','2025-03-10 13:56:56','2025-09-08 05:57:11'),(179,19,'KRESNANDO SURI FERDIANSYAH','2022','32221024','0037458704','3306041510040001','aaa@em.com',NULL,'$2y$10$elM0H/L8qEvzKrHDcarcm.LWBNVVUJSNSVBHO4lIxAao0ckrmTqzK','RT 1 RW 2 Hargorojo, Bagelen, Purworejo, Jawa Tengah','081364320759','1970-01-01','PURWOREJO','KRISITANA','Laki-Laki',6,0,0,'2025-09-08 05:57:11','2025-03-10 13:56:56','2025-09-08 05:57:11'),(180,19,'MUHAMMAD DWINARKO BUDI SANTOSO','2022','32221025','0044736374','3306110105040001','aaa@em.com',NULL,'$2y$10$3G.kXFknS48KWd7oGSuHp.Sor/ASfdBxSElwaFclallZ1xW3tScaa','RT 1 RW 1 Gumawangrejo, Pituruh, Purworejo, Jawa Tengah','088239707355','1970-01-01','PURWOREJO','SUGIHARTATI','Laki-Laki',6,0,0,'2025-09-08 05:57:11','2025-03-10 13:56:56','2025-09-08 05:57:11'),(181,19,'NABIL GILANG MUHAMAD FADEL','2022','32221026','3040615829','3306140905040001','aaa@em.com',NULL,'$2y$10$He.uIwmk0f5lodmMzcIks.BwaOJ105cvgOatHF/k8WfnoTIuyp6Ym','RT 2 RW 5 Seren, Gebang, Purworejo, Jawa Tengah','083103109191','1970-01-01','PURWOREJO','SUPRIHATIN','Laki-Laki',6,0,1,'2025-09-08 05:57:11','2025-03-10 13:56:56','2025-09-08 05:57:11'),(182,19,'HENDRAWAN ARDIANSYAH','2022','32221027','0050733361','3306110601050001','aaa@em.com',NULL,'$2y$10$YPNRelXtzop3lJ8QvaI9nuQUzfJ8F60WvRJC.r1s41WXlql0Pmm.W','RT 1 RW 1 Kembangkuning, Pituruh, Purworejo, Jawa Tengah','081225606050','1970-01-01','PURWOREJO','PARIJAH','Laki-Laki',6,0,1,'2025-09-08 05:57:11','2025-03-10 13:56:56','2025-09-08 05:57:11'),(183,19,'MUHAMMAD HILMAN FAZANI','2022','32221028','0043579933','3306060906040004','aaa@em.com',NULL,'$2y$10$cOGra1zvXUo7Sd/PzTNGm.NiMK2U0e80AV.jJE.UXn/zZGoaY.rnW','RT 3 RW 8 Baledono, Purworejo, Purworejo, Jawa Tengah','089528230499','1970-01-01','BREBES','LAELA FAEQOH, SP','Laki-Laki',6,0,0,'2025-09-08 05:57:11','2025-03-10 13:56:56','2025-09-08 05:57:11'),(184,6,'GANDES MULYO WATI','2022','32221029','0033115887','3305096005030001','aaa@em.com',NULL,'$2y$10$s1H0knmU1/CplFvNDkBDs.tRBShzqVc9Le7O86k6UGDav.keGo09G','RT 6 RW 1 Tersobo, Prembun, Kebumen, Jawa Tengah','081804201942','1970-01-01','KEBUMEN','SUPRIYATINAH','Perempuan',6,0,1,'2025-09-08 05:57:11','2025-03-10 13:56:56','2025-09-08 05:57:11'),(185,6,'LAFRAN ASHARI','2022','32221030','0045058319','3306120111040003','aaa@em.com',NULL,'$2y$10$KGBk3io/dVU7h02IU5hW7u7P8aPv7fYJATKffHq898XHoL/v1FeNq','RT 1 RW 1 bedono kluwung, Kemiri, Purworejo, Jawa Tengah','088200574541','1970-01-01','PURWOREJO','SRIWAHYUNI. SPd','Laki-Laki',6,0,1,'2025-09-08 05:57:11','2025-03-10 13:56:56','2025-09-08 05:57:11'),(186,6,'SANDRA YASMINA FAJRI','2022','32221031','0004713917','3206304509000005','aaa@em.com',NULL,'$2y$10$7sXwPbIhGY6TtU6iQIw96eSIdtZORkNatd55mD5NlFt8IWdZ85iOe','RT 2 RW 1 Jayaratu, Sariwangi, Tasikmalaya, Jawa Barat','083106532867','1970-01-01','TASIKMALAYA','TSALIS SULISTINA','Perempuan',6,0,0,'2025-09-08 05:57:11','2025-03-10 13:56:56','2025-09-08 05:57:11'),(187,6,'MUHAMMAD ARIF FAUZI','2022','32221032','9994972430','3306052710990002','aaa@em.com',NULL,'$2y$10$DyyBi.kTlyMCWn/zdZlNeOHL1K17gE7LKpabCzaoAgnGt9PnLBiGG','RT 3 RW 2 Hulosobo, Kaligesing, Purworejo, Jawa Tengah','08222','1970-01-01','PURWOREJO','IDA SULISTYANI, S.pd','Laki-Laki',6,0,1,'2025-09-08 05:57:11','2025-03-10 13:56:56','2025-09-08 05:57:11'),(188,6,'INDRAPRASTA DWINANDA FAHREZA','2022','32222001','0016308428','3306081703020001','aaa@em.com',NULL,'$2y$10$D6FxWA8grsVs.sNotIPRZOcvtD6Zaj8f0IndumEbOI77hHPYL8fu6','RT 3 RW 2 jrakah, Bayan, Purworejo, Jawa Tengah','082221001883','1970-01-01','PURWOREJO','SITI NURFAIDAH','Laki-Laki',7,0,0,'2025-09-08 05:57:23','2025-03-10 13:57:36','2025-09-08 05:57:23'),(189,6,'WAHYU PUTRA CAHYADI','2022','32222005','0039751231','3671011701030006','aaa@em.com',NULL,'$2y$10$KY2GSVwPe.GpBqSEkw9ste3FOhCtjowzld2PqbMOCe/SSYzUDd/mS','RT 3 RW 6 kaligono, Kaligesing, Purworejo, Jawa Tengah','081215895608','1970-01-01','GUNUNG KIDUL','SANTI','Laki-Laki',7,0,0,'2025-09-08 05:57:23','2025-03-10 13:57:36','2025-09-08 05:57:23'),(190,6,'ADITYA AJI PANGESTU','2022','32222006','3034659614','3306012206030001','aaa@em.com',NULL,'$2y$10$8Lahgk5uXVwLICdCPKEFjutndsy0mpdFOE9sFDcNgq/VC3VvUcu2u','RT 1 RW 2 harjobinangun, Grabag, Purworejo, Jawa Tengah','085156663534','1970-01-01','PURWOREJO','CHOMSATUN PURWANTI','Laki-Laki',7,0,0,'2025-09-08 05:57:23','2025-03-10 13:57:36','2025-09-08 05:57:23'),(191,6,'VIRDA ANANDA PRATAMA','2022','32222008','0044851102','3306120307040001','aaa@em.com',NULL,'$2y$10$KtBuCEvuf5pwSPjMDFRUNu6YMSRTbmXOIG2kEWD3nZftTldNlUpV.','RT 2 RW 4 Kemiri Lor, Kemiri, Purworejo, Jawa Tengah','085215101061','1970-01-01','PURWOREJO','SARINI','Laki-Laki',7,0,1,'2025-09-08 05:57:23','2025-03-10 13:57:36','2025-09-08 05:57:23'),(192,6,'AREF WAHYU SAPUTRO','2022','32222009','0027134577','3304051111020004','aaa@em.com','32222009.jpg','$2y$10$xS6TyJsYbq4sVzOK3902Ee0Wnix0Wuyo1VmWHAQsvsDAp0g28ij3G','RT 1 RW 3 Kiangkongrejo, Kutoarjo, Purworejo, Jawa Tengah','085331568211','1970-01-01','BANJARNEGARA','RETNO WIDIANI','Laki-Laki',7,0,0,'2025-09-08 05:57:23','2025-03-10 13:57:36','2025-09-08 05:57:23'),(193,6,'IBNU SOFYAN','2022','32222010','9970783092','3306093009970002','aaa@em.com',NULL,'$2y$10$bMxwb7JLm4Kxlv18IrGS2.aunFZ86eI.0jS/EYagNFAxGly4pJNPO','RT 3 RW 1 Pacor, Kutoarjo, Purworejo, Jawa Tengah','08222','1970-01-01','PURWOREJO','MUTMAINAH','Laki-Laki',7,0,1,'2025-09-08 05:57:23','2025-03-10 13:57:36','2025-09-08 05:57:23'),(194,NULL,'IBNU AGUNG HIKMAWAN','2022','32222012','0024218832','3306151906020001','aaa@em.com',NULL,'$2y$10$A4QqzQlZZSckCW5z9UsXf.knJcya7FBPA2xIw08Ka8qlQ/4IF01Na','RT 2 RW 2 Karang rejo, Loano, Purworejo, Jawa Tengah','081390641253','1970-01-01','PURWOREJO','LILIK TASMINI','Laki-Laki',7,0,1,'2025-03-10 14:35:50','2025-03-10 13:57:37','2025-03-10 14:35:50'),(195,7,'IQBAL ARDIYONO','2023','42231001','0045474859','3306021208081498','iqbalardiyono16@gmail.com',NULL,'$2y$10$PCVy/WJp3XyDrX9mKxluw.2XzmUTytJDnm23MJBw8tNBpmzMVbBa2','RT 2 RW 1 Awuawu, Ngombol, Purworejo, Jawa Tengah','082299443712','1970-01-01','PURWOREJO','SARINI MAHMUDA','Laki-Laki',35,0,0,NULL,'2025-03-10 15:01:22','2025-09-08 09:55:05'),(196,7,'MUHAMMAD PANGLIPURING TYAS','2023','42231002','0006877087','2171070909009001','mtyas789@gmail.com',NULL,'$2y$10$X5XBk.YEB5hrbwD66JygZ.NGwwI/YH84vW4Uied3lVLhCrbkvrjEe','RT 2 RW 9 Duriangkang, Sei Beduk, Batam, Kepulauan Riau','085263179745','1970-01-01','BATAM','KHAMIYAH','Laki-Laki',35,0,1,NULL,'2025-03-10 15:01:22','2025-08-27 16:22:18'),(197,7,'AMELIA TRIE SYAHIDAH','2023','42231003','0059909702','3304014705050007','ameliatrie13@gmail.com',NULL,'$2y$10$br9P/zQ0Kq.WLs7FQtKPZuwU6303DY.EUziFF52g.02h8bkNEqos6','RT 1 RW 4 Kaligesing, Kutoarjo, Purworejo, Jawa Tengah','089505155707','1970-01-01','BANJARNEGARA','USRIYAH','Perempuan',35,0,0,NULL,'2025-03-10 15:01:22','2025-08-27 16:22:18'),(198,7,'DWI MULYANINGSIH','2023','42231004','0063898267','3306085210060005','dwim121005@gmail.com',NULL,'$2y$10$u0R0/z6dK1B8FmhcdW/9MulAxYGjObMdTTrf0Xygfoh/7DNfw0kfu','RT 2 RW 3 Bandung Kidul, Bayan, Purworejo, Jawa Tengah','089604165773','1970-01-01','PURWOREJO','FATIMAH','Perempuan',35,0,0,NULL,'2025-03-10 15:01:22','2025-08-27 16:22:18'),(199,7,'VALYA MARSHELA','2023','42231005','0043697721','3306095905040001','valyamarshela19@gmail.com',NULL,'$2y$10$2JFfHL/YQ7oyWvcKe/gyN.btzAH2QkpcOc00s.Z4RfdvfPE4QLwK.','RT 1 RW 1 Kemadu Lor, Kutoarjo, Purworejo, Jawa Tengah','081228638440','1970-01-01','PURWOREJO','SUTARMI','Perempuan',35,0,0,NULL,'2025-03-10 15:01:22','2025-08-27 16:22:18'),(200,7,'ROHMAN NUR HIDAYAT','2023','42231008','0043619736','3306080905040001','r954man@gmail.com',NULL,'$2y$10$4Fp/NYousNZ6TEfKpDjt0enhBRADfRxocSAAViFNbxpynAqS44PuS','RT 1 RW 1 Tangkisan, Bayan, Purworejo, Jawa Tengah','083896061104','1970-01-01','PURWOREJO','ATMIYAH','Laki-Laki',35,0,0,NULL,'2025-03-10 15:01:22','2025-08-27 16:22:18'),(201,7,'RANNYA KUSUMAYANTI','2023','42231006','0067802063','3215036002060006','rannyakusumayanti0@gmail.com',NULL,'$2y$10$6iywdGbXGp1qQhtkxEr5Ge5AgA2FwxK8HKDwkuy.0PXxLy1r5W1ce','RT 6 RW 5 Sirnabaya, Teluk Jambe Timur, Karawang, Jawa Barat','085329658501','1970-01-01','PURWOREJO','HENNY SUGIYANTI','Perempuan',35,0,0,NULL,'2025-03-10 15:01:22','2025-08-27 16:22:18'),(202,7,'ZEIN AFFAN AULIA','2023','42231007','0052168395','3306096561050001','zeinaffanaulia@gmail.com',NULL,'$2y$10$Cxn21QkoCQCkkD57WZxPWO1cce5rHugU1jXVeAZyNIwmeDlJhaxcK','RT 4 RW 1 Wirun, Kutoarjo, Purworejo, Jawa Tengah','081226904520','1970-01-01','BANYUMAS','RODAHTUN','Perempuan',35,0,0,NULL,'2025-03-10 15:01:23','2025-08-27 16:22:18'),(203,7,'HASAN NUDIN','2023','42231009','0045613398','3306131210040004','hasanpondok34@gmail.com',NULL,'$2y$10$ozDfKhc1WrvdV9.z.E7BieFud2RbxMlQlg/iVGhhbKIXcm3YeYe9e','RT 3 RW 4 Brunosari, Bruno, Purworejo, Jawa Tengah','085955039993','1970-01-01','PURWOREJO','SITI MARFUNGAH','Laki-Laki',35,0,0,NULL,'2025-03-10 15:01:23','2025-08-27 16:22:18'),(204,7,'MUHAMMAD FARHANSAILA','2023','42231010','0037279158','3306081712030001','farhansaila15@gmail.com',NULL,'$2y$10$vCfPm/0FDBP4Ccz1yDefPOcB2iza4afI0JXwX91BNAgdNvSgXWAFy','RT 1 RW 3 Bayan, Bayan, Purworejo, Jawa Tengah','085712237479','1970-01-01','PURWOREJO','TRI ERI SUSANTI','Laki-Laki',35,0,0,NULL,'2025-03-10 15:01:23','2025-08-27 16:22:18'),(205,7,'KHOIRUNNISSA GUNAWAN','2023','42231011','0050799024','3306095206050001','nissacantic999@gmail.com',NULL,'$2y$10$tCrlyvLPVw/33SQcbwLOy.xEX8VR.cQHmF/fK.0oNeAvoqvc.EI8O','RT 2 RW 1 Kutoarjo, Kutoarjo, Purworejo, Jawa Tengah','085875550602','1970-01-01','PURWOREJO','SITI SUWARNI','Perempuan',35,0,1,NULL,'2025-03-10 15:01:23','2025-08-27 16:22:18'),(206,6,'Sulaiman','2025','32251001','00000000000000','3306136209060002','Sulaiman@gmail.com',NULL,'$2y$10$0lsgrNWDN/IfVAwnm76IEeDd5mMZIxT5hVpJ2V1yykspBv3GCB.b2','Jl. Wismoaji No.08 Kutoarjo, Kab. Purworejo','081566678211','2000-07-10','PURWOREJO','Siyam Lestari','Laki-Laki',1,1,0,'2025-03-17 08:35:53','2025-03-10 20:22:03','2025-03-17 08:35:53'),(207,7,'MAS YUDHISTIRA SATRIO PRAYITNO','2024','42241001','0059113375','3306090608050001','mzyudhistira508@gmail.com',NULL,'$2y$10$UrrelWuVJeUH0wdQDlQUPuGhn7HUTGqPXbqy6P3iVSfGmEy15GKOC','Jl s parman no 09 RT 0 RW 0 Wirotaman, Kutoarjo, Purworejo, Jawa Tengah','085868426599','1970-01-01','Purworejo','Dian Muskitri Dewi','Laki-Laki',34,0,0,NULL,'2025-03-11 11:49:39','2025-08-27 16:22:09'),(208,7,'HERI PRASETYO','2024','42241002','0044876514','3306100512040002','putrageseng123@gmail.com',NULL,'$2y$10$72vK.yxLWJnb5GbpGmnY0un6V3OodGfMJ1FdulcKk3BiCi6yrYFHC','LKSA Nurul Muttaqin Kemiri RT 2 RW 3 kemiri, kemiri, Purworejo, Jawa Tengah','089541559298','1970-01-01','Purworejo','Musrofah','Laki-Laki',34,0,0,NULL,'2025-03-11 11:49:39','2025-08-27 16:22:09'),(209,7,'FIRTIANI RASYID','2024','42241003','0045166171','5313065510040001','fitriroma54@gmail.com',NULL,'$2y$10$g.kdHtdkRsIqAtNCH0bRGuP6JcWR8USEJQqjthEUfLns.YjhwV2/q','RT 0 RW 0 Roma, Roma, Lembata, Nusa Tenggara Timur','082297833840','1970-01-01','Roma','Siti Safira Bti Tamal','Perempuan',34,0,0,NULL,'2025-03-11 11:49:39','2025-08-27 16:22:09'),(210,7,'NUR ALIFIAH','2024','42241004','0069056800','5313065207060002','nurafifahlembata@gmail.com',NULL,'$2y$10$rBXmkCjmEl/FT0dhBfwen.wO8bppYZVWuFxQedwZsuO/PcIJIId1O','RT 0 RW 0 Roma, Roma, Lembata, Nusa Tenggara Timur','081392121594','1970-01-01','LEMBATA','SITI HAMIDA','Perempuan',34,0,0,NULL,'2025-03-11 11:49:39','2025-08-27 16:22:09'),(211,7,'SITI LAILATUL MUNADIROH','2024','42241005','0069118635','3306136209060002','laelatulmunadirah@gmail.com',NULL,'$2y$10$rZ1hYI84jN3ozGhMZ3vRAeoSGACJMYUmWxcWLMYCyAIzxxgvatzFa','RT 0 RW 0 pakisarum, Bruno, Purworejo, Jawa Tengah','082324517005','1970-01-01','Purworejo','Rowiyah','Perempuan',34,0,0,NULL,'2025-03-11 11:49:39','2025-08-27 16:22:09'),(212,7,'MUHAMMAD AZKA','2024','42241006','0059520005','3306151307050001','azkamuhammad869@gmail.com',NULL,'$2y$10$6F0qqzM7l0NTf.5ZGiy4duCApcKg5nB13Lh7HXBqRU7AJRNj2AXQG','RT 2 RW 5 Banyuasin, Loano, Purworejo, Jawa Tengah','082265023210','1970-01-01','Purworejo','SITI ROHMAH','Laki-Laki',34,0,0,NULL,'2025-03-11 11:49:39','2025-08-27 16:22:09'),(213,7,'FATHAN MUBAROK','2024','42241007','0043694282','3306092505040001','nurk94394@gmail.com',NULL,'$2y$10$0w.5owPEdvik69QY2sZKM.1875nlht6wmAmv.7keqLLehGijxSgiW','RT 4 RW 1 Kaligesing, Kutoarjo, Purworejo, Jawa Tengah','085712173728','1970-01-01','Purworejo','Nur Kholifah','Laki-Laki',34,0,0,NULL,'2025-03-11 11:49:39','2025-08-27 16:22:09'),(214,7,'ARYA SAPUTRA','2024','42241008','0062137014','3306050407060001','arya.saputrak05@gmail.com',NULL,'$2y$10$OuSjgklsS9lhYOFPzoC0Z.9gFo/mjq3twhZ2497ee0wWcsHfMdDBS','RT 3 RW 1 Kaligesing, Kutoarjo, Purworejo, Jawa Tengah','085141649385','1970-01-01','Purworejo','Sri Nuryati','Laki-Laki',34,0,1,NULL,'2025-03-11 11:49:39','2025-08-27 16:22:09'),(215,7,'NURUL HIDAYAH','2024','42241009','0036632074','1807015301030004','nurulhidayah@gmail.com',NULL,'$2y$10$SnX2f3wjKPIZfcFIE3GCI.sSQEss240U2LSSpI7sXA1x.MlAqrSqi','RT 11 RW 5 Mataram Marga, Sukadana, Lampung Timur, Lampung','08812845987','1970-01-01','PUKEM MATARAM MARGA','TUMIYATI','Perempuan',34,0,0,NULL,'2025-03-11 11:49:39','2025-08-27 16:22:09'),(216,7,'LAULA MADANI','2024','42241010','0017732884','3306095412010003','madanilaula@gmail.com',NULL,'$2y$10$pe5/VZjQPN6Sq.NvpXtb1eAHi9UI9xZmJaovj4RHdXod/RYIVl.fW','RT 2 RW 1 PRINGGOWIJAYAN, Kutoarjo, Purworejo, Jawa Tengah','08999426020','1970-01-01','PURWOREJO','SURAHMIYATI','Perempuan',34,0,0,NULL,'2025-03-11 11:49:39','2025-08-27 16:22:09'),(217,7,'SALMAN AL FARIZY','2024','42241011','0034633523','1404042102030001','salman@gmail.com',NULL,'$2y$10$iUM0l21znZwPdc3.suqDP.x1KscS3hwtCSNoSuAtcgRfjDyIMRWYO','Jl. M. Boyar LR. Kalimas No. 02 RT 3 RW 9 Tembilahan, Indragiri Hilir, Indragiri Hilir, Riau','081222','1970-01-01','TEMBILAHAN','NURLEHA','Perempuan',34,0,0,NULL,'2025-03-11 11:49:39','2025-08-27 16:22:09'),(218,7,'HUSAIN ABDULLAH','2024','42241012','9998917017','3174011103990005','salman@gmail.com',NULL,'$2y$10$Ex1ri1K9DLM.YUq4Rg8UFu2CorIRvmqVBL7gA7tp231cpeE0Q5hyC','Jln. Manggarai Utara I No. H. 11 RT 7 RW 1 Manggarai, Tebet, Jakarta Selatan, Jakarta','085643428246','1970-01-01','JAKARTA','IRA DINI','Laki-Laki',34,0,0,NULL,'2025-03-11 11:49:39','2025-08-27 16:22:09'),(219,7,'MAULIDHA NUR BAITI','2024','42241013','0051778806','3306127004050001','maulidhanurbaiti@gmail.com',NULL,'$2y$10$0xsyePMQQUROMFF047Ae8.fvbPC5pdWIfSUn5wzHmIBORfbPPlKEO','RT 2 RW 1 KALIGLAGAH,, Kemiri, Purworejo, Jawa Tengah','082241835189','1970-01-01','PURWOREJO','LANCARINASIH','Perempuan',34,0,0,NULL,'2025-03-11 11:49:39','2025-08-27 16:22:09'),(220,7,'MARCELINA WAHYUNINGSIH','2024','42241014','0053878222','3306116403050001','marcelinaw@gmail.com',NULL,'$2y$10$VDyjcewYQOyNB6aAiuCrJuVMnK6ie.osRikAvnaW/xM0a5mU3hE/m','RT 1 RW 3 Kendalrejo, Kemiri, Purworejo, Jawa Tengah','081390640982','1970-01-01','PURWOREJO','SULISTYOWATI','Perempuan',34,0,0,NULL,'2025-03-11 11:49:39','2025-08-27 16:22:09'),(221,6,'FALLAH RAIHAN MARSA','2024','41241001','0016409514','3306060712010003','raihanmarsa712@gmail.com',NULL,'$2y$10$vo3mDlDd8kHY68HCQKEQ4.j48Ovtz648sfr5RtpgXai6KUEwfh66C','RT 4 RW 14 Purworejo, Purworejo, Purworejo, Jawa Tengah','087724983069','1970-01-01','PURWOREJO, 7 December 2001','SITI ALIMAH','Laki-Laki',25,0,1,NULL,'2025-03-12 10:16:59','2025-08-27 16:22:53'),(222,6,'MUKHAMAD YUCCA HARDIANSYAH','2024','41241003','0049596895','3323023012040001','syekhleng@gmail.com',NULL,'$2y$10$wGMwDCZpUCLSVZlkptH.W.glE5Y5hEEFJ2Vem71GKsdt9hJxhJOsK','RT 3 RW 4 Jragan, Tembarak, Temanggung, Jawa Tengah','081344304116','1970-01-01','TEMANGGUNG, 30 December 2004','YAIS DWIYANI','Laki-Laki',25,0,0,NULL,'2025-03-12 10:17:00','2025-09-08 10:44:15'),(223,6,'RIZAL FATO FANI','2023','41231001','0058417838','3306032607050001','masrizalth@gmail.com',NULL,'$2y$10$WyJDOqOa91DxLurvihn8m.6R1X9asjbsjQ58hWLNZj0SFhGtVaw6u','RT 2 RW 1 Nampurejo, Purwodadi, Purworejo, Jawa Tengah','085962852092','1970-01-01','PURWOREJO, 26 July 2005','NGADIYAH','Laki-Laki',24,0,0,NULL,'2025-03-12 10:17:20','2025-08-27 16:23:08'),(224,6,'DIAZ PERMANA SHIDIQ','2023','41231002','0047103465','3306072110040003','diazpermana@gmail.com',NULL,'$2y$10$8jBegn0SdbWXi0V4BsKLrOJrxT6LZt6bMW/af.Dx8eHdiZM36aoP.','RT 2 RW 6 Kledungkradenan, Banyuurip, Purworejo, Jawa Tengah','089540359309','1970-01-01','PURWOREJO, 21 October 2004','DIAN SUPRAPTININGSIH','Laki-Laki',24,0,1,NULL,'2025-03-12 10:17:20','2025-08-27 16:23:08'),(225,6,'NAJIB ASKIYA','2023','41231003','9986237062','3306110706980002','najibazkiya35@gmail.com',NULL,'$2y$10$jydZrdgBJVH0Tq13mxPNNOgd21hxnQ6B/RNW9ujSIhvEH.wNkbBRW','RT 1 RW 2 Megulunglor, Pituruh, Purworejo, Jawa Tengah','081215097391','1970-01-01','PURWOREJO, 7 June 1998','SITI ROCHIMAH','Laki-Laki',24,0,0,NULL,'2025-03-12 10:17:20','2025-08-27 16:23:08'),(226,6,'RESHA FAGARI','2023','41231006','4120313007','3306070212920003','reshafagari@gmail.com',NULL,'$2y$10$mm8iXOpGm1FZuTnYxEVYv.kHLy5pxeRbI.nGZT8dgKy779QP7yeT6','RT 3 RW 1 Bajangrejo, Banyuurip, Purworejo, Jawa Tengah','085713120117','1970-01-01','JAKARTA, 2 December 1992','SUSMINAH','Laki-Laki',24,0,1,NULL,'2025-03-12 10:17:20','2025-08-27 16:23:08'),(227,6,'RAFI ARDIANSYA','2023','41231007','0043696558','3306061008040002','rafiardiansya@gmail.com',NULL,'$2y$10$Xo61eukzuqLSARBVHOWs7.4yGwK8d.mxQDYpXKpL4ZTo4fu4zOayO','Letjend Soeprapto RT 1 RW 2 Mranti, Purworejo, Purworejo, Jawa Tengah','083831863468','1970-01-01','PURWOREJO, 10 August 2004','SUHARNI','Laki-Laki',24,0,0,NULL,'2025-03-12 10:17:20','2025-08-27 16:23:08'),(228,6,'AHMAD LUTFI KHAKIM','2023','41232005','9956546745','3306110205950002','ahmadlutfi@gmail.com',NULL,'$2y$10$duc7TqF9UgsKvAaR3QS1luIJ40lR4Y2PE2KhuLrT34UtmIDwWtOtC','RT 1 RW 2 MEGULUNG LOR, Pituruh, Purworejo, Jawa Tengah','085743152995','1970-01-01','PURWOREJO, 2 May 1995','ANI WARROH','Laki-Laki',24,0,1,NULL,'2025-03-12 10:17:20','2025-08-27 16:23:08'),(229,6,'FADLLUN NUR CHOLIS','2022','41221001','0042915979','3306033107040000','aa@email.com',NULL,'$2y$10$1Jym6/eFC8COe2FtB.HcseWreZJufHqVdEgdvhP4tNgcWf50RiIsu','RT 2 RW 1 Nampurejo, Purwodadi, Purworejo, Jawa Tengah','0859106686769','1970-01-01','PURWOREJO, 31 July 2004','SUMARTIN','Laki-Laki',23,0,0,NULL,'2025-03-12 10:17:38','2025-08-27 16:23:27'),(230,6,'SEFADUMARHOZHONI SAI KAMADUTA','2022','41221002','0025738041','3306060506020006','aa@email.com',NULL,'$2y$10$T45lQzNQyPbilIwiaR7qWu1cfKTv2cAHC/NyfgCMkqVePjRN6lBDm','JL. MTSN NO.1 RT 6 RW 8 baledono, Purworejo, Purworejo, Jawa Tengah','088221828123','1970-01-01','PURWOREJO, 5 April 2002','SUMARTIN','Laki-Laki',23,0,0,NULL,'2025-03-12 10:17:38','2025-08-27 16:23:27'),(231,6,'DWI KUNCORO','2022','41221003','0043694228','3306092505040002','aa@email.com',NULL,'$2y$10$.7GWU.90Ohw7CRkOlz9nXuLydUdwUlO8BpZWvx3eJlznKYIiDAFpu','RT 2 RW 2 wirun, Kutoarjo, Purworejo, Jawa Tengah','088200599922','1970-01-01','PURWOREJO, 26 May 2004','SUTINAH','Laki-Laki',23,0,0,NULL,'2025-03-12 10:17:38','2025-08-27 16:23:27'),(232,6,'ADITYA BAGUS SATRIA','2022','41221004','0010953903','3306090906501000','aa@email.com',NULL,'$2y$10$vWeMRScgFyL6uVtsy2yf6eRpwrGwNEEnx71P5VdPHqpMK3ZKpQ75C','RT 1 RW 4 Tunggorono, Kutoarjo, Purworejo, Jawa Tengah','081328186632','1970-01-01','PURWOREJO, 9 May 2001','SRI LESTARI','Laki-Laki',23,0,0,NULL,'2025-03-12 10:17:38','2025-08-27 16:23:27'),(233,NULL,'ANGGI SETYAWAN','2022','41221006','0004301504','3306091905000004','aa@email.com',NULL,'$2y$10$sQCq/oMR5euE6TKT8qEj.ukb1k7/YEGzgzrvEjcNA9Ap4yOIEB/bO','RT 3 RW 5 Kutoarjo, Kutoarjo, Purworejo, Jawa Tengah','0822','1970-01-01','PURWOREJO, 19 May 2000','RUSMINI','Laki-Laki',20,0,1,'2025-03-12 11:32:50','2025-03-12 10:17:38','2025-03-12 11:32:50'),(234,6,'AURA WENING PRAHASTUTI','2022','41221007','0026539184','3318126912020001','aa@email.com',NULL,'$2y$10$m73cG/dFz1g/b2NXi9svte5dI7zOeGywaEsKlWKurIYvCC6OxXVuK','RT 2 RW 2 Katerban, Kutoarjo, Purworejo, Jawa Tengah','085740303921','1970-01-01','PURWOREJO, 29 December 2002','PUJI ASTUTI','Perempuan',23,0,0,NULL,'2025-03-12 10:17:38','2025-08-27 16:23:27'),(235,NULL,'MUHAMMAD FARUK NAWAWI','2024','32241001','0045130564','3306130509040002','nawawifaruq99@gmail.com',NULL,'$2y$10$NYjXoXsPcaltp/HVz6PGU.zJxhvJWfqXs/wI3ZPE/AVNIWJWCciWi','RT 2 RW 5 Brunosari, Bruno, Purworejo, Jawa Tengah','085869162784','1970-01-01','Purworejo','Baikuniyah','Laki-Laki',30,0,1,NULL,'2025-08-28 08:59:48','2025-08-28 08:59:48'),(236,NULL,'NADHIF SETYA MUFADA','2024','32241002','0059298517','3306091409050001','nadhifmufada09@gmail.com',NULL,'$2y$10$yzfIbh3vW8NgfPWC.HNivOWdSUrtMXevo0Q2qQZiCC537OQR0g3ee','RT 2 RW 4 Karangwuluh, Kutoarjo, Purworejo, Jawa Tengah','083865442688','1970-01-01','Purworejo','Faridawati','Perempuan',30,0,1,NULL,'2025-08-28 08:59:48','2025-08-28 08:59:48'),(237,NULL,'MUHAMMAD RIFAI AL FAIDZI','2024','32241003','0065255260','3306030409060003','yomamidsha2@gmail.com',NULL,'$2y$10$uR.D9mFsFlWiOFdNxAtQOumf2jQFKiqWZA.Hwf.LGeVhhjxTSKkKW','Jalan Mban Dalem RT 1 RW 1 Bongkot, Purwodadi, Purworejo, Jawa Tengah','088215512183','1970-01-01','Tangerang','NURJANAH','Laki-Laki',30,0,1,NULL,'2025-08-28 08:59:48','2025-08-28 08:59:48'),(238,NULL,'KAYIS BINTANG SAPUTRA','2024','32241004','0052922619','3305231607050001','kayisbintangsaputra@gmail.com',NULL,'$2y$10$UcQz2ieTYlXWxT3PWLJNte8Rr6l9W/.5q1FctLWLy7WSC8IN9zMUq','RT 3 RW 3 Mrentul, Bonorowo, Kebumen, Jawa Tengah','081329382932','1970-01-01','Kebumen','Sri Yuniasih','Laki-Laki',30,0,1,NULL,'2025-08-28 08:59:48','2025-08-28 08:59:48'),(239,NULL,'ADINDA REVITA HAYYU','2024','32241005','0054403667','3201075205050007','adindarevitahayyu@gmail.com',NULL,'$2y$10$Q/AejtQxl/OvikerxXOll.9Ljcpe4rKcoICkf/zcg3pfhROXqyLRG','RT 2 RW 3 Kaliwatubumi, Butuh, Purworejo, Jawa Tengah','089638676945','1970-01-01','PURWOREJO','SRI ARYATI','Perempuan',30,0,1,NULL,'2025-08-28 08:59:48','2025-08-28 08:59:48'),(240,NULL,'PASKALIS TRIGAMA ROSARIO','2024','32241006','0066987559','3401111705060001','trigamapaskalis@gmail.com',NULL,'$2y$10$EzMjYKGsvveLlgA.lcoXp.2CjmZv.X0GTlb2ztnujYzkTeg4SDUKm','RT 70 RW 35 PAGERHARJO, Samigaluh, Kulonprogo, Yogyakarta','089603759762','1970-01-01','KULON PROGO','PASCALIA PAINAH','Laki-Laki',30,0,1,NULL,'2025-08-28 08:59:48','2025-08-28 08:59:48'),(241,NULL,'SITI AULIA PUTRI','2024','32241007','0047073708','3306136108040004','putrisitiaulia2@gmail.com',NULL,'$2y$10$L8a7y791FgZSRfPMYRcGcuMsnkIiYy0eaMa/Fs/KwgsHTMurX8.BK','RT 1 RW 3 GOWONG, Bruno, Purworejo, Jawa Tengah','081249398606','1970-01-01','BEKASI','SADIYAH','Perempuan',30,0,1,NULL,'2025-08-28 08:59:48','2025-08-28 08:59:48'),(242,NULL,'RIFQI INZAGHI MUKHTAR','2024','32241008','0043711559','3306070107040004','r.inzaghi@gmail.com',NULL,'$2y$10$5GpWPwC3T2RH6r6y/qiDm.gUQ3K9AcLcdodo9wnHBocTsnoAA0Fb2','RT 1 RW 4 BORO KULON, Banyuurip, Purworejo, Jawa Tengah','088221330960','1970-01-01','PURWOREJO','UMI KARTINI','Laki-Laki',30,0,1,NULL,'2025-08-28 08:59:48','2025-08-28 08:59:48'),(243,NULL,'TIO WAHYU RAMADHAN','2024','32241009','0055510651','3306112110050001','tiowahyu330@gmail.com',NULL,'$2y$10$TWKEFGpEM.4iyHTadoKvM.ktLp0tuXaEh3GXFlRi4tx9nV76ZbC5S','RT 2 RW 5 PITURUH, PITURUH, Purworejo, Jawa Tengah','089542981882','1970-01-01','PURWOREJO','ROSIYAM','Laki-Laki',30,0,1,NULL,'2025-08-28 08:59:48','2025-08-28 08:59:48'),(244,NULL,'ROMALAZ FEBRYAN RAHARJA','2024','32241010','0022180768','3306091707090000','romalaz@gmail.com',NULL,'$2y$10$4CrDzqSPtOpdUBofZU8GRuwcn/t5BD22ImsnkNhhNWTEwPtNoa2Hm','Jl. Senepo Selatan RT 1 RW 4 Kutoarjo, Kutoarjo, Purworejo, Jawa Tengah','088200651547','1970-01-01','PURWOREJO','SRI YATI S','Laki-Laki',30,0,1,NULL,'2025-08-28 08:59:48','2025-08-28 08:59:48'),(245,NULL,'NIKEN AYU PRAMUDITA','2024','32241011','0043694105','3306086104040001','aniken241@gmail.com',NULL,'$2y$10$lKPf3zibFKQAmy3E12U2X.e5g2lbbSB5CmwAjytLIGe7huMn7fl6W','RT 1 RW 2 Jatingarang, Bayan, Purworejo, Jawa Tengah','089648553944','1970-01-01','JAKARTA','SUDIYATI','Perempuan',30,0,1,NULL,'2025-08-28 08:59:48','2025-08-28 08:59:48'),(246,NULL,'KHOLID MASHURI','2024','32241012','0069211749','3306091503060001','kholidmasruri2@gmail.com',NULL,'$2y$10$AiEUKgjk5gEDkoEYQ/40IOjQ1FJLISCM5uscA.FqN0PtNhUIJgp/i','RT 2 RW 2 PACOR, Kutoarjo, Purworejo, Jawa Tengah','089505184707','1970-01-01','PURWOREJO','SULASMI','Laki-Laki',30,0,1,NULL,'2025-08-28 08:59:48','2025-08-28 08:59:48'),(247,NULL,'FACHRY HAKEEM AL MUZAKKI','2024','32241013','0064659142','3306151604060001','fachryhakeemalm@gmail.com',NULL,'$2y$10$VUhr1NBNUaG6VZ0Sz5qP3uhTXmqIgOR1uANnENmaULB8q5MmEdGsC','RT 2 RW 1 MARON, Loano, Purworejo, Jawa Tengah','081229905942','1970-01-01','PURWOREJO','BETTY NURWIDIYATI','Laki-Laki',30,0,1,NULL,'2025-08-28 08:59:48','2025-08-28 08:59:48'),(248,NULL,'FAISAL AMIN','2024','32241014','0052403502','3306150606050001','fslamn512@gmail.com',NULL,'$2y$10$tEPOLOLoea9UGLaB516szuujMTIk94pNrmjjdaG6tCq4iN9gs2sP.','RT 1 RW 8 LOANO, Loano, Purworejo, Jawa Tengah','082329478408','1970-01-01','PURWOREJO','UMARDIYAH','Laki-Laki',30,0,1,NULL,'2025-08-28 08:59:48','2025-08-28 08:59:48'),(249,NULL,'INDRA PRASETIYA','2024','32241015','0011514958','3306102405010003','indra-p@gmail.com',NULL,'$2y$10$S3lqoVGKZiGGKZAkaghsMO91CTgq0UNNOh8yLTotkPb5HqcqKyomu','RT 3 RW 4 Wareng, Butuh, Purworejo, Jawa Tengah','089608277451','1970-01-01','PURWOREJO','TUKINEM','Laki-Laki',30,0,1,NULL,'2025-08-28 08:59:48','2025-08-28 08:59:48'),(250,NULL,'NURUL KHAMIDAH','2024','32241016','0051732542','3306105403050001','nkhamidah@gmail.com',NULL,'$2y$10$HKrTGmzn6sKoFuwp86WUw.1/mbJilHHRjOwYe1HkELG8EpJ8U3arW','RT 3 RW 3 KETUG, Butuh, Purworejo, Jawa Tengah','085640574403','1970-01-01','PURWOREJO','BUDIMAH','Perempuan',30,0,1,NULL,'2025-08-28 08:59:48','2025-08-28 08:59:48'),(251,NULL,'YUSUF NAUFAL YAFI\'','2024','32241017','0062885948','3306012106060003','yusufn@gmail.com',NULL,'$2y$10$92qJbxTlH8O7yyXy/I8AR.uaQaqn5QvD5lGE41jVvJ6ujahl2b7A6','RT 3 RW 1 Pogung Juru Tengah, Bayan, Purworejo, Jawa Tengah','085918042750','1970-01-01','PURWOREJO','WARNINGSIH','Laki-Laki',30,0,1,NULL,'2025-08-28 08:59:49','2025-08-28 08:59:49'),(252,NULL,'FACHRUDIN SEPTIAN NOGROHO','2024','32242001','0063545930','3306112609060001','fachrudin@gmail.com',NULL,'$2y$10$IpvYJD7etyePRGfJDqu.euKlggdUVJdRUrXRMCKuDhIFkcit8gmKK','RT 1 RW 1 Pangkalan, PITURUH, Purworejo, Jawa Tengah','089673710602','1970-01-01','PURWOREJO','EVI PUSPITOSARI','Laki-Laki',31,0,1,NULL,'2025-08-28 09:00:07','2025-08-28 09:00:07'),(253,NULL,'TAMANAUNA ERHA KUSUMANTORO','2024','32242002','0051252958','3306016906050001','tamanauna@gmail.com',NULL,'$2y$10$CRdxTMJViInOssQwZix8QOimwYZbIC6ONNr0oOM1kmQnFiII3wQKy','RT 1 RW 5 HARJOBINANGUN, Grabag, Purworejo, Jawa Tengah','082325409417','1970-01-01','PURWOREJO','RUSTI HIDAYATI','Perempuan',31,0,1,NULL,'2025-08-28 09:00:07','2025-08-28 09:00:07'),(254,NULL,'NUR FATHIHATUL RAHMA','2024','32242003','0017819124','3216055101010008','fatihatulrn@gmail.com',NULL,'$2y$10$6fEIPijUhM2hZQqNh2pM/u2OyGXohft4yERzm9PkM6qBr.dyGska2','RT 2 RW 1 MEGULUNG LOR, PITURUH, Purworejo, Jawa Tengah','085893466479','1970-01-01','BEKASI','PAIJAH','Perempuan',31,0,1,NULL,'2025-08-28 09:00:07','2025-08-28 09:00:07'),(255,NULL,'MOCH RIZAL RAMADHAN','2024','32242004','0031578352','3306010511030004','rizalramadhan3140@gmail.com',NULL,'$2y$10$QxFNiNUJFH1YXfUYUkBBzORppdldxSxQnpvReF9S0ubpQprr/p51a','RT 3 RW 2 KEBURUHAN, Ngombol, Purworejo, Jawa Tengah','087778694251','1970-01-01','PURWOREJO','SUWARNI','Laki-Laki',31,0,1,NULL,'2025-08-28 09:00:08','2025-08-28 09:00:08'),(256,6,'DWI MULYADI','2024','32242005','0024177556','3306141905020002','mulyadidwi16@gmail.com',NULL,'$2y$10$Q8tAZXspG8zbUaXzr6QMLeK69MHoojgw2Ptu9uguS5t5N2fG.hfdK','RT 2 RW 1 GEBANG, Gebang, Purworejo, Jawa Tengah','081326985548','1970-01-01','PURWOREJO','SRI HARTINI','Laki-Laki',31,0,1,NULL,'2025-08-28 09:00:08','2025-09-07 20:50:48'),(257,NULL,'ROYA FIRMAN GANI','2024','32242006','3052096969','1608131312050001','royafb@gmail.com',NULL,'$2y$10$ePyLJ6ipRnaSlHBZLLYuDeCBcuVGRsIiPJBUfuIAWmSr73iIBJani','RT 19 RW 5 MADANG SUKU III, MADANG SUKU III, Ogan Komering Ulu Timur, Sumatera Selatan','085379688090','1970-01-01','BANDUNG','DIAH WIDOWATI','Laki-Laki',31,0,1,NULL,'2025-08-28 09:00:08','2025-08-28 09:00:08'),(258,NULL,'ERRIN KUKUH SUDARYANTO','2024','32243001','9986575599','3306111306980002','errinkukuh@gmail.com',NULL,'$2y$10$fTunS0jPBjAwQtLnY3MhNeDh66b.a1Y0xX7zA6B6c9dJrFEZtdFoy','RT 1 RW 2 MEGULUNG KIDUL, PITURUH, Purworejo, Jawa Tengah','082242248938','1970-01-01','PURWOREJO','WAHYUNING R.','Laki-Laki',31,0,1,NULL,'2025-08-28 09:00:08','2025-08-28 09:00:08');
/*!40000 ALTER TABLE `mahasiswas` ENABLE KEYS */;
UNLOCK TABLES;

--
-- Table structure for table `matkuls`
--

DROP TABLE IF EXISTS `matkuls`;
/*!40101 SET @saved_cs_client     = @@character_set_client */;
/*!50503 SET character_set_client = utf8mb4 */;
CREATE TABLE `matkuls` (
  `id` bigint unsigned NOT NULL AUTO_INCREMENT,
  `prodi_id` bigint unsigned NOT NULL,
  `semester_id` bigint unsigned NOT NULL,
  `nama_matkul` varchar(255) COLLATE utf8mb4_unicode_ci NOT NULL,
  `alias` varchar(255) COLLATE utf8mb4_unicode_ci NOT NULL,
  `kode` varchar(255) COLLATE utf8mb4_unicode_ci NOT NULL,
  `teori` int DEFAULT NULL,
  `praktek` int DEFAULT NULL,
  `deleted_at` timestamp NULL DEFAULT NULL,
  `created_at` timestamp NULL DEFAULT NULL,
  `updated_at` timestamp NULL DEFAULT NULL,
  PRIMARY KEY (`id`),
  KEY `matkuls_prodi_id_foreign` (`prodi_id`),
  KEY `matkuls_semester_id_foreign` (`semester_id`),
  CONSTRAINT `matkuls_prodi_id_foreign` FOREIGN KEY (`prodi_id`) REFERENCES `prodi` (`id`),
  CONSTRAINT `matkuls_semester_id_foreign` FOREIGN KEY (`semester_id`) REFERENCES `semesters` (`id`)
) ENGINE=InnoDB AUTO_INCREMENT=242 DEFAULT CHARSET=utf8mb4 COLLATE=utf8mb4_unicode_ci;
/*!40101 SET character_set_client = @saved_cs_client */;

--
-- Dumping data for table `matkuls`
--

LOCK TABLES `matkuls` WRITE;
/*!40000 ALTER TABLE `matkuls` DISABLE KEYS */;
INSERT INTO `matkuls` VALUES (12,3,9,'Penjualan','Sales','AB3122',2,NULL,NULL,'2025-02-05 09:16:04','2025-02-05 09:16:04'),(13,3,9,'Studi Kelayakan Bisnis','Business Feasibility Study','AB3241',3,NULL,NULL,'2025-02-05 09:18:26','2025-02-05 09:18:26'),(14,3,9,'Praktikum Korespondensi Bisnis Indonesia','Indonesian Business Correspondence Practikum','AB4128',3,NULL,NULL,'2025-02-05 09:19:45','2025-02-05 09:19:45'),(15,1,9,'Grafika Komputer','Computer Graphics','TIK425',3,NULL,NULL,'2025-02-05 18:46:47','2025-02-05 18:46:47'),(16,1,9,'Aplikasi Server','Server Application','TIK532',4,NULL,NULL,'2025-02-05 18:47:42','2025-02-05 18:47:42'),(17,1,9,'Desain Web','Web Design','TIK212',3,NULL,NULL,'2025-02-05 18:48:22','2025-02-05 18:48:22'),(18,1,9,'Aljabar Linier dan Matrik','Linear and Matrix Aljabar','TIK207',3,NULL,NULL,'2025-02-05 18:49:28','2025-02-05 18:49:28'),(19,1,9,'Konsep Basis Data','Database Concept','TIK209',2,NULL,NULL,'2025-02-05 18:50:07','2025-02-05 18:50:07'),(20,1,9,'Struktur Data & Algoritma','Data Structures & Algorithms','TIK210',3,NULL,NULL,'2025-02-05 18:50:52','2025-02-05 18:50:52'),(21,1,9,'Proyek 1','Project 1','TIK213',3,NULL,NULL,'2025-02-05 18:51:44','2025-02-05 18:51:55'),(22,1,4,'Rekayasa Perangkat Lunak','Software engineering','TIK528',3,NULL,NULL,'2025-02-05 18:52:59','2025-02-05 18:54:04'),(23,1,4,'Keamanan Sistem Komputer','Computer System Security','TIK319',3,NULL,NULL,'2025-02-05 18:54:48','2025-02-05 18:54:48'),(24,1,4,'Interaksi Manusia dan Komputer','Human and Computer Interaction','TIK102',2,NULL,NULL,'2025-02-05 18:56:44','2025-02-05 19:20:07'),(25,1,4,'Pemrograman Mobile Aplikasi','Mobile Application Programming','TIK428',4,NULL,NULL,'2025-02-05 18:57:29','2025-02-05 18:57:29'),(26,1,4,'Sistem Terdistribusi','Distributed Systems','TIK431',2,NULL,NULL,'2025-02-05 18:58:15','2025-02-05 18:58:15'),(27,1,4,'Pemrograman Web II','Web Programming II','TIK429',4,NULL,NULL,'2025-02-05 18:58:53','2025-02-05 18:58:53'),(28,1,4,'Proyek 2','Project 2','TIK430',3,NULL,NULL,'2025-02-05 19:00:07','2025-02-05 19:00:07'),(29,1,6,'Pendidikan Agama','Religious education','PT1101',2,NULL,NULL,'2025-02-05 19:01:03','2025-02-05 19:01:03'),(30,1,6,'Pendidikan Kewarganegaraan','Civic education','PT1103',2,NULL,NULL,'2025-02-05 19:01:49','2025-02-05 19:01:49'),(31,1,6,'Bahasa Inggris','English','PT1105',2,NULL,NULL,'2025-02-05 19:02:42','2025-02-05 19:02:42'),(32,1,6,'Etika Profesi dan Bisnis','Professional and Business Ethics','PT1107',2,NULL,NULL,'2025-02-05 19:03:21','2025-02-05 19:03:21'),(33,1,6,'Budi Pekerti','Character','PT1110',2,NULL,NULL,'2025-02-05 19:05:29','2025-02-05 19:05:29'),(34,1,6,'Tugas Akhir','Tugas Akhir','PT1109',4,NULL,NULL,'2025-02-05 19:06:17','2025-02-05 19:06:17'),(35,5,9,'Pendidikan Kewarganegaraan','Civic education','PT1103',2,NULL,NULL,'2025-02-05 19:07:37','2025-02-05 19:07:37'),(36,5,9,'Pendidikan Agama','Religious education','PT1101',2,NULL,NULL,'2025-02-05 19:08:16','2025-02-05 19:08:16'),(37,5,9,'Pemodelan Perangkat Lunak','Software Modeling','RPLK201',3,NULL,NULL,'2025-02-05 19:09:03','2025-02-05 19:09:13'),(38,5,9,'Kalkulus','Calculus','RPLK202',2,NULL,NULL,'2025-02-05 19:09:51','2025-02-05 19:09:51'),(39,5,9,'Manajemen Sistem Basis Data','Database System Management','RPLK203',3,NULL,NULL,'2025-02-05 19:10:41','2025-02-05 19:10:41'),(40,5,9,'Pemrograman Berorientasi Objek','Object Oriented Programming','RPLK204',3,NULL,NULL,'2025-02-05 19:11:12','2025-02-05 19:11:12'),(41,5,9,'Struktur Data & Algoritma','Data Structures & Algorithms','RPLK205',3,NULL,NULL,'2025-02-05 19:11:58','2025-02-05 19:11:58'),(42,5,9,'Desain Web','Web Design','RPLK206',3,NULL,NULL,'2025-02-05 19:12:23','2025-02-05 19:12:23'),(43,5,4,'Pengujian & Penjaminan Kualitas Perangkat','Device Testing & Quality Assurance','RPLK401',3,NULL,NULL,'2025-02-05 19:14:23','2025-02-05 19:14:23'),(44,5,4,'Proyek 1','Project 1','RPLK402',3,NULL,NULL,'2025-02-05 19:14:46','2025-02-05 19:14:46'),(45,5,4,'Pemrograman Web 2','Web Programming II','RPLK403',3,NULL,NULL,'2025-02-05 19:16:14','2025-02-05 19:16:14'),(46,5,4,'Grafika Komputer','Computer Graphics','RPLK404',3,NULL,NULL,'2025-02-05 19:16:47','2025-02-05 19:16:47'),(47,5,4,'Interaksi Manusia dan Komputer','Human and Computer Interaction','RPLK405',2,NULL,NULL,'2025-02-05 19:19:40','2025-02-05 19:19:40'),(48,5,4,'Jaringan Komputer 2','Computer Network 2','RPLK406',3,NULL,NULL,'2025-02-05 19:20:49','2025-02-05 19:20:59'),(49,5,4,'Pemrograman Mobile  2','Mobile Programming 2','RPLK407',3,NULL,NULL,'2025-02-05 19:21:36','2025-02-05 19:21:36'),(50,5,6,'Natural Language Processing','Natural Language Processing','RPLK601',3,NULL,NULL,'2025-02-05 19:23:14','2025-02-05 19:23:14'),(51,5,6,'Proyek 3 (framework)','Project 3 (framework)','RPLK602',4,NULL,NULL,'2025-02-05 19:24:07','2025-02-05 19:24:07'),(52,5,6,'Metodologi Penelitian','Research methodology','RPLI601',2,NULL,NULL,'2025-02-05 19:25:02','2025-02-05 19:25:02'),(53,5,6,'Sistem Terdistribusi','Distributed Systems','RPLK604',3,NULL,NULL,'2025-02-05 19:25:41','2025-02-05 19:25:41'),(54,5,6,'Internet Of Things','Internet Of Things','RPLK605',3,NULL,NULL,'2025-02-05 19:26:16','2025-02-05 19:26:16'),(55,5,6,'Proyek Akhir 1','Proyek Akhir 1','RPLK606',4,NULL,NULL,'2025-02-05 19:26:46','2025-02-05 19:26:55'),(56,3,9,'Praktikum Aplikombis II (Desain Grafis)','Praktikum Aplikombis II (Desain Grafis)','AB4245',3,NULL,NULL,'2025-02-05 19:32:52','2025-02-05 19:32:52'),(57,3,9,'Praktikum Pemasaran Digital','Praktikum Pemasaran Digital','AB4249',3,NULL,NULL,'2025-02-05 19:34:20','2025-02-05 19:34:20'),(58,3,9,'Praktikum Korespondensi Bahasa Inggris','Praktikum Korespondensi Bahasa Inggris','AB4251',3,NULL,NULL,'2025-02-05 19:35:09','2025-02-05 19:35:09'),(59,3,9,'Proyek Bisnis I','Proyek Bisnis I','AB5253',3,NULL,NULL,'2025-02-05 19:35:29','2025-02-05 19:35:29'),(60,3,4,'Praktikum Aplikombis V (Ms. Access)','Praktikum Aplikombis V (Ms. Access)','AB4248',3,NULL,NULL,'2025-02-05 19:39:31','2025-02-05 19:39:31'),(61,3,4,'Pengantar Perbankan','Pengantar Perbankan','AB2240',2,NULL,NULL,'2025-02-05 19:40:03','2025-02-05 19:40:03'),(62,3,4,'Manajemen Pelayanan','Manajemen Pelayanan','AB3110',2,NULL,NULL,'2025-02-05 19:40:45','2025-02-05 19:40:45'),(63,3,4,'Manajemen Perkantoran','Manajemen Perkantoran','AB3111',2,NULL,NULL,'2025-02-05 19:41:14','2025-02-05 19:41:14'),(64,3,4,'Manajemen SDM','Manajemen SDM','AB3113',3,NULL,NULL,'2025-02-05 19:41:44','2025-02-05 19:41:44'),(65,3,4,'Metodologi Penelitian','Metodologi Penelitian','AB3115',2,NULL,NULL,'2025-02-05 19:42:12','2025-02-05 19:42:12'),(66,3,4,'Praktikum Kesekretarisan','Praktikum Kesekretarisan','AB4250',2,NULL,NULL,'2025-02-05 19:42:40','2025-02-05 19:42:40'),(67,3,4,'Proyek Bisnis II','Proyek Bisnis II','AB5254',3,NULL,NULL,'2025-02-05 19:43:06','2025-02-05 19:43:06'),(68,3,6,'Pendidikan Agama','Pendidikan Agama','PT1101',2,NULL,NULL,'2025-02-05 19:43:57','2025-02-05 19:43:57'),(69,3,6,'Pendidikan Kewarganegaraan','Pendidikan Kewarganegaraan','PT1103',2,NULL,NULL,'2025-02-05 19:44:25','2025-02-05 19:44:25'),(70,3,6,'Bahasa Inggris','Bahasa Inggris','PT1105',2,NULL,NULL,'2025-02-05 19:45:02','2025-02-05 19:45:02'),(71,3,6,'Etika Profesi dan Bisnis','Etika Profesi dan Bisnis','PT1107',2,NULL,NULL,'2025-02-05 19:46:15','2025-02-05 19:46:15'),(72,3,6,'Tugas Akhir','Tugas Akhir','PT1109',4,NULL,NULL,'2025-02-05 19:47:11','2025-02-05 19:47:11'),(73,3,6,'Budi Pekerti','Budi Pekerti','PT1110',2,NULL,NULL,'2025-02-05 19:47:53','2025-02-05 19:47:53'),(74,2,9,'Bahasa Inggris Bisnis II','Bahasa Inggris Bisnis II','AK3313',2,NULL,NULL,'2025-02-05 19:58:01','2025-02-05 19:58:01'),(75,2,9,'Pengantar Akuntansi II','Pengantar Akuntansi II','AK3205',3,NULL,NULL,'2025-02-05 19:58:20','2025-02-05 19:58:20'),(76,2,9,'Perpajakan II','Perpajakan II','AK2314',3,NULL,NULL,'2025-02-05 19:58:51','2025-02-05 19:58:51'),(77,2,9,'Akuntansi Biaya','Akuntansi Biaya','AK3312',3,NULL,NULL,'2025-02-05 19:59:19','2025-02-05 19:59:19'),(78,2,9,'Anggaran Perusahaan','Anggaran Perusahaan','AK3321',3,NULL,NULL,'2025-02-05 19:59:47','2025-02-05 19:59:47'),(79,2,9,'Praktikum Aplikasi Komputer Database','Praktikum Aplikasi Komputer Database','AK4206',3,NULL,NULL,'2025-02-05 20:00:16','2025-02-05 20:00:16'),(80,2,9,'Praktikum Pengantar Akuntansi','Praktikum Pengantar Akuntansi','AK4315',2,NULL,NULL,'2025-02-05 20:01:19','2025-02-05 20:01:19'),(81,2,4,'Akuntansi Keuangan Menengah II','Akuntansi Keuangan Menengah II','AK2422',3,NULL,NULL,'2025-02-05 20:15:35','2025-02-05 20:15:35'),(82,2,4,'Akuntansi Keuangan Lanjutan','Akuntansi Keuangan Lanjutan','AK3419',3,NULL,NULL,'2025-02-05 20:16:28','2025-02-05 20:16:28'),(83,2,4,'Sistem Informasi Akuntansi','Sistem Informasi Akuntansi','AK3320',2,NULL,NULL,'2025-02-05 20:17:44','2025-02-05 20:19:09'),(84,2,4,'Auditing','Auditing','AK3530',3,NULL,NULL,'2025-02-05 20:19:29','2025-02-05 20:19:29'),(85,2,4,'Pengantar Perbankan','Pengantar Perbankan','AK2416',2,NULL,NULL,'2025-02-05 20:20:32','2025-02-05 20:20:32'),(86,2,4,'Metodologi Tugas Akhir','Metodologi Tugas Akhir','AK3426',2,NULL,NULL,'2025-02-05 20:21:25','2025-02-05 20:21:25'),(87,2,4,'Praktikum Perpajakan','Praktikum Perpajakan','AK4525',2,NULL,NULL,'2025-02-05 20:21:52','2025-02-05 20:21:52'),(88,2,4,'Praktikum Komputer Akuntansi III','Praktikum Komputer Akuntansi III','AK4636',3,NULL,NULL,'2025-02-05 20:22:19','2025-02-05 20:22:19'),(89,2,6,'Pendidikan Agama','Pendidikan Agama','PT1101',2,NULL,NULL,'2025-02-05 20:39:05','2025-02-05 20:39:05'),(90,2,6,'Pendidikan Kewarganegaraan','Pendidikan Kewarganegaraan','PT1103',2,NULL,NULL,'2025-02-05 20:39:36','2025-02-05 20:39:36'),(91,2,6,'Etika Profesi dan Bisnis','Etika Profesi dan Bisnis','PT1107',2,NULL,NULL,'2025-02-05 20:40:57','2025-02-05 20:40:57'),(92,2,6,'Bahasa Inggris','Bahasa Inggris','PT1105',2,NULL,NULL,'2025-02-05 20:41:27','2025-02-05 20:41:27'),(93,2,6,'Tugas Akhir','Tugas Akhir','PT1109',4,NULL,NULL,'2025-02-05 20:41:54','2025-02-05 20:41:54'),(94,2,6,'Budi Pekerti','Budi Pekerti','PT1110',2,NULL,NULL,'2025-02-05 20:42:21','2025-02-05 20:42:21'),(95,4,9,'Pendidikan Agama','Pendidikan Agama','PT1101',2,NULL,NULL,'2025-02-05 20:50:17','2025-02-05 20:50:17'),(96,4,9,'Pendidikan Kewarganegaraan','Pendidikan Kewarganegaraan','PT1103',2,NULL,NULL,'2025-02-05 20:50:54','2025-02-05 20:50:54'),(97,4,9,'Bahasa Inggris Bisnis I','Bahasa Inggris Bisnis I','BD2206',2,NULL,NULL,'2025-02-05 20:51:26','2025-02-05 20:51:26'),(98,4,9,'Statistika','Statistika','BD2207',3,NULL,NULL,'2025-02-05 20:52:00','2025-02-05 20:52:00'),(99,4,9,'Dasar Pemrograman','Dasar Pemrograman','BD2208',3,NULL,NULL,'2025-02-05 20:52:31','2025-02-05 20:52:31'),(100,4,9,'Manajemen Basis Data','Manajemen Basis Data','BD2209',3,NULL,NULL,'2025-02-05 20:53:26','2025-02-05 20:53:26'),(101,4,9,'Pengantar Bisnis Digital','Pengantar Bisnis Digital','BD2210',2,NULL,NULL,'2025-02-05 20:54:01','2025-02-05 20:54:01'),(102,4,9,'Perilaku Konsumen','Perilaku Konsumen','BD2211',3,NULL,NULL,'2025-02-05 20:54:45','2025-02-05 20:54:45'),(103,4,4,'E-Commerce','E-Commerce','BD4401',3,NULL,NULL,'2025-02-07 08:42:51','2025-02-07 08:42:51'),(104,4,4,'Fintech (Financial Teknologi)','Fintech (Financial Teknologi)','BD4402',3,NULL,NULL,'2025-02-07 08:43:20','2025-02-07 08:43:20'),(105,4,4,'Data Security Management','Data Security Management','BD4403',3,NULL,NULL,'2025-02-07 08:43:43','2025-02-07 08:43:43'),(106,4,4,'Pemrograman Aplikasi Mobile','Pemrograman Aplikasi Mobile','BD4404',3,NULL,NULL,'2025-02-07 08:44:12','2025-02-07 08:44:12'),(107,4,4,'Analisis dan Desain Sistem Bisnis Digital','Analisis dan Desain Sistem Bisnis Digital','BD4405',3,NULL,NULL,'2025-02-07 08:44:40','2025-02-07 08:44:40'),(108,4,4,'Etika Bisnis','Etika Bisnis','PT1107',2,NULL,NULL,'2025-02-07 08:45:14','2025-02-07 08:45:14'),(109,4,4,'Kewirausahaan','Kewirausahaan','PT1106',3,NULL,NULL,'2025-02-07 08:45:41','2025-02-07 08:45:41'),(116,3,12,'Kewirausahaan','-','PT1106',1,2,NULL,'2025-08-27 15:03:58','2025-08-27 15:03:58'),(117,3,12,'Matematika Bisnis','Matematika Bisnis','AB2101',1,1,NULL,'2025-08-27 15:04:47','2025-08-27 15:04:47'),(118,3,12,'Pengantar Manajemen','Pengantar Manajemen','AB2102',2,1,NULL,'2025-08-27 15:05:18','2025-08-27 15:05:18'),(119,3,12,'Pengantar Akuntansi','Pengantar Akuntansi','AB2103',1,1,NULL,'2025-08-27 15:05:42','2025-08-27 15:05:42'),(120,3,12,'Pengantar Bisnis','Pengantar Bisnis','AB2105',2,0,NULL,'2025-08-27 15:06:07','2025-08-27 15:06:07'),(121,3,12,'Manajemen Pemasaran','Manajemen Pemasaran','AB3109',1,2,NULL,'2025-08-27 15:06:40','2025-08-27 15:06:40'),(122,3,12,'Praktikum Aplikombis I','Praktikum Aplikombis I','AB4139',3,0,NULL,'2025-08-27 15:07:02','2025-08-27 15:07:02'),(123,3,12,'Perpajakan','Perpajakan','AB2108',2,1,NULL,'2025-08-27 15:07:25','2025-08-27 15:07:25'),(124,3,13,'Manajemen Produksi Terapan','Manajemen Produksi Terapan','AB3123',2,1,NULL,'2025-08-27 16:13:20','2025-08-27 16:13:20'),(125,3,13,'Manajemen Keuangan','Manajemen Keuangan','AB3114',1,2,NULL,'2025-08-27 16:13:43','2025-08-27 16:13:43'),(126,3,13,'Perilaku Konsumen','Perilaku Konsumen','AB3117',2,0,NULL,'2025-08-27 16:14:07','2025-08-27 16:14:07'),(127,3,13,'Public Relations','Public Relations','AB3242',1,2,NULL,'2025-08-27 16:14:27','2025-08-27 16:14:27'),(128,3,13,'Manajemen Kearsipan','Manajemen Kearsipan','AB3243',1,1,NULL,'2025-08-27 16:14:46','2025-08-27 16:14:46'),(129,3,13,'Praktikum Aplikombis III (Desain Web)','Praktikum Aplikombis III (Desain Web)','AB4246',0,2,NULL,'2025-08-27 16:15:11','2025-08-27 16:15:11'),(130,3,13,'Praktikum Aplikombis IV (MYOB)','Praktikum Aplikombis IV (MYOB)','AB4247',0,3,NULL,'2025-08-27 16:15:31','2025-08-27 16:15:31'),(131,3,13,'Praktikum Bahasa Inggris Komunikasi Bisnis','Praktikum Bahasa Inggris Komunikasi Bisnis','AB4252',0,3,NULL,'2025-08-27 16:15:52','2025-08-27 16:15:52'),(132,3,14,'Bisnis Internasional','Bisnis Internasional','AB3120',1,1,NULL,'2025-08-27 16:16:56','2025-08-27 16:16:56'),(133,3,14,'Pengantar Ilmu Ekonomi','Pengantar Ilmu Ekonomi','AB2104',2,0,NULL,'2025-08-27 16:17:21','2025-08-27 16:17:21'),(134,3,14,'Sistem Informasi Manajemen','Sistem Informasi Manajemen','AB3126',1,2,NULL,'2025-08-27 16:17:42','2025-08-27 16:17:42'),(135,3,14,'Manajemen Strategik','Manajemen Strategik','AB3244',1,2,NULL,'2025-08-27 16:18:09','2025-08-27 16:18:09'),(136,3,14,'Praktikum Perkantoran','Praktikum Perkantoran','AB3134',0,2,NULL,'2025-08-27 16:18:27','2025-08-27 16:18:27'),(137,3,14,'Pendidikan Pancasila','Pendidikan Pancasila','PT1102',2,0,NULL,'2025-08-27 16:18:45','2025-08-27 16:18:45'),(138,3,14,'Bahasa Indonesia','Bahasa Indonesia','PT1104',1,1,NULL,'2025-08-27 16:19:02','2025-08-27 16:19:02'),(139,3,14,'Praktek Kerja Lapangan (Proyek Bisnis III)','Praktek Kerja Lapangan (Proyek Bisnis III)','PT1108',0,3,NULL,'2025-08-27 16:19:20','2025-08-27 16:19:20'),(140,2,13,'Bahasa Indonesia','Bahasa Indonesia','PT1104',1,1,NULL,'2025-08-27 16:25:32','2025-08-27 16:25:32'),(141,2,14,'Pendidikan Pancasila','Pendidikan Pancasila','PT1102',2,0,NULL,'2025-08-27 16:25:59','2025-08-27 16:25:59'),(142,2,14,'Pengantar Ilmu Ekonomi','Pengantar Ilmu Ekonomi','AK2104',2,0,NULL,'2025-08-27 16:26:19','2025-08-27 16:26:19'),(143,2,14,'Akuntansi Manajemen','Akuntansi Manajemen','AK3438',2,1,NULL,'2025-08-27 16:26:37','2025-08-27 16:26:37'),(144,2,14,'Analisa Laporan Keuangan','Analisa Laporan Keuangan','AK3635',2,1,NULL,'2025-08-27 16:26:58','2025-08-27 16:26:58'),(145,2,14,'Praktikum Akuntansi Keu. Menengah','Praktikum Akuntansi Keu. Menengah','AK4528',0,2,NULL,'2025-08-27 16:27:17','2025-08-27 16:27:17'),(146,2,14,'Praktikum Akuntansi Lanjutan','Praktikum Akuntansi Lanjutan','AK4527',0,2,NULL,'2025-08-27 16:27:36','2025-08-27 16:27:36'),(147,2,14,'Praktikum Auditing','Praktikum Auditing','AK4634',0,2,NULL,'2025-08-27 16:27:55','2025-08-27 16:27:55'),(148,2,14,'PKL','PKL','PT1108',0,3,NULL,'2025-08-27 16:28:16','2025-08-27 16:28:16'),(149,2,13,'Bahasa Inggris Bisnis III','Bahasa Inggris Bisnis III','AK3418',1,1,NULL,'2025-08-27 16:37:11','2025-08-27 16:37:11'),(150,2,13,'Akuntansi Keuangan Menengah I','Akuntansi Keuangan Menengah I','AK3311',2,1,NULL,'2025-08-27 16:37:32','2025-08-27 16:37:32'),(151,2,13,'Manajemen Keuangan','Manajemen Keuangan','AK3524',2,1,NULL,'2025-08-27 16:37:51','2025-08-27 16:37:51'),(152,2,13,'Akuntansi Perpajakan','Akuntansi Perpajakan','AK3437',1,1,NULL,'2025-08-27 16:38:15','2025-08-27 16:38:15'),(153,2,13,'Akuntansi Pemerintah','Akuntansi Pemerintah','AK3534',1,2,NULL,'2025-08-27 16:38:34','2025-08-27 16:38:34'),(154,2,13,'Praktikum Akuntansi Biaya','Praktikum Akuntansi Biaya','AK4429',0,2,NULL,'2025-08-27 16:38:52','2025-08-27 16:38:52'),(155,2,13,'Praktikum Anggaran Perusahaan','Praktikum Anggaran Perusahaan','AK4432',0,2,NULL,'2025-08-27 16:39:08','2025-08-27 16:39:08'),(156,2,13,'Praktikum Komputer Akuntansi II (Myob)','Praktikum Komputer Akuntansi II (Myob)','AK4531',0,3,NULL,'2025-08-27 16:39:24','2025-08-27 16:39:24'),(157,1,12,'Organisasi dan Arsitektur Komputer','Computer Organization and Architecture','TIK101',2,NULL,NULL,'2025-08-28 04:49:17','2025-08-28 04:49:17'),(158,1,12,'Jaringan Komputer','Computer network','TIK107',0,4,NULL,'2025-08-28 04:50:33','2025-08-28 04:50:33'),(159,1,12,'Teori Jaringan Dasar','Basic Network Theory','TIK108',2,NULL,NULL,'2025-08-28 04:52:35','2025-08-28 04:52:35'),(160,1,12,'Kalkulus','Calculus','TIK106',2,NULL,NULL,'2025-08-28 04:53:24','2025-08-28 04:53:24'),(161,1,12,'Pengelolaan Instalasi Komputer','Computer Installation Management','TIK214',0,3,NULL,'2025-08-28 04:54:59','2025-08-28 04:54:59'),(162,1,12,'Pemrograman Dasar','Basic Programming','TIK103',0,3,NULL,'2025-08-28 04:55:49','2025-08-28 04:55:49'),(163,1,12,'Matematika Diskrit','Discrete Mathematics','TIK206',2,0,NULL,'2025-08-28 04:56:34','2025-08-28 04:56:34'),(164,1,12,'Sistem Operasi','Operating system','TIK105',0,3,NULL,'2025-08-28 04:57:19','2025-08-28 04:57:19'),(165,1,13,'Analisis dan Perancangan Sistem','System Analysis and Design','TIK421',2,0,NULL,'2025-08-28 04:58:47','2025-08-28 04:58:47'),(166,1,13,'Metode Numerik','Numerical Methods','TIK314',2,0,NULL,'2025-08-28 04:59:32','2025-08-28 04:59:32'),(167,1,13,'Pemrograman Berorientasi Objek','Object-Oriented Programming','TIK422',0,3,NULL,'2025-08-28 05:00:28','2025-08-28 05:00:28'),(168,1,13,'Manajemen Basis Data','Database Management','TIK317',1,3,NULL,'2025-08-28 05:01:27','2025-08-28 05:01:27'),(169,1,14,'Pemrograman Terstuktur','Structured Programming','TIK318',0,3,'2025-08-28 05:05:00','2025-08-28 05:02:22','2025-08-28 05:05:00'),(170,1,13,'Pemrograman Web I','Web Programming I','TIK321',0,4,NULL,'2025-08-28 05:03:26','2025-08-28 05:03:26'),(171,1,13,'Pemrograman Terstuktur','Structured Programming','TIK318',0,3,NULL,'2025-08-28 05:04:34','2025-08-28 05:04:34'),(172,1,14,'Kewirausahaan','Entrepreneurship','PT1106',1,2,NULL,'2025-08-28 05:05:57','2025-08-28 05:05:57'),(173,1,14,'Bahasa Indonesia','Indonesian','PT1104',2,0,NULL,'2025-08-28 05:06:38','2025-08-28 05:07:12'),(174,1,14,'Pemrograman Berbasis Framework','Framework-Based Programming','TIK534',0,4,NULL,'2025-08-28 05:08:14','2025-08-28 05:08:14'),(175,1,14,'Statistika dan Probabilitas','Statistics and Probability','TIK316',2,0,NULL,'2025-08-28 05:09:06','2025-08-28 05:09:06'),(176,1,14,'Pendidikan Pancasila','Pancasila Education','PT1102',2,0,NULL,'2025-08-28 05:09:49','2025-08-28 05:09:49'),(177,1,14,'Manajemen Proyek Sistem Informasi','Information Systems Project Management','TIK535',2,0,NULL,'2025-08-28 05:10:41','2025-08-28 05:10:41'),(178,1,14,'Praktek Kerja Lapangan','-','PT1110',0,3,NULL,'2025-08-28 05:11:47','2025-08-28 05:11:47'),(179,1,14,'Bahasa Inggris Informatika','English Informatics','TIK536',2,1,NULL,'2025-08-28 05:12:24','2025-08-28 05:12:24'),(180,5,12,'Bahasa Indonesia','Indonesian','PT1104',1,1,NULL,'2025-08-28 05:15:07','2025-08-28 05:15:07'),(181,5,12,'Pendidikan Pancasila','Pendidikan Pancasila','PT1102',2,0,NULL,'2025-08-28 05:15:43','2025-08-28 05:15:43'),(182,5,12,'Matematika Diskrit','Discrete Mathematics','RPLK101',2,0,NULL,'2025-08-28 05:16:45','2025-08-28 05:16:45'),(183,5,12,'Teori Jaringan Dasar','Basic Network Theory','RPLK103',2,0,NULL,'2025-08-28 05:17:35','2025-08-28 05:17:35'),(184,5,12,'Pemrograman Dasar','Basic Programming','RPLK104',0,3,NULL,'2025-08-28 05:18:39','2025-08-28 05:18:39'),(185,5,12,'Sistem Basis Data','Database Systems','RPLK105',0,3,NULL,'2025-08-28 05:19:28','2025-08-28 05:19:28'),(186,5,12,'Bahasa Inggris','English','PT1105',1,1,NULL,'2025-08-28 05:20:15','2025-08-28 05:20:15'),(187,5,12,'Arsitektur Organisasi Komputer','Computer Organizational Architecture','RPLK106',2,0,NULL,'2025-08-28 05:21:03','2025-08-28 05:21:03'),(188,5,13,'Pemrograman Mobile','Mobile Programming','RPLK301',0,3,NULL,'2025-08-28 05:23:31','2025-08-28 05:23:31'),(189,5,13,'Metode Numerik','Numerical Methods','RPLK302',2,0,NULL,'2025-08-28 05:24:15','2025-08-28 05:24:15'),(190,5,13,'Aljabar Linier dan Matrik','Linear Algebra and Matrices','RPLK303',2,0,NULL,'2025-08-28 05:25:04','2025-08-28 05:25:04'),(191,5,13,'Pemrograman Web','Web Programming','RPLK304',0,3,NULL,'2025-08-28 05:25:53','2025-08-28 05:25:53'),(192,5,13,'Jaringan Komputer 1','Computer Network 1','RPLK305',0,3,NULL,'2025-08-28 05:26:37','2025-08-28 05:26:37'),(193,5,13,'Analisis & Desain Perangkat Lunak','Software Analysis & Design','RPLK306',1,2,NULL,'2025-08-28 05:27:29','2025-08-28 05:27:29'),(194,5,13,'Sistem Operasi','Operating system','RPLK307',0,3,NULL,'2025-08-28 05:28:04','2025-08-28 05:28:04'),(195,5,14,'Probabilitas & Statistika','Probability & Statistics','RPLK501',2,0,NULL,'2025-08-28 05:29:26','2025-08-28 05:29:26'),(196,5,14,'Manajemen Proyek Perangkat Lunak','Software Project Management','PLK502',1,2,NULL,'2025-08-28 05:30:24','2025-08-28 05:30:24'),(197,5,14,'Proyek 2','Project 2','RPLK503',0,3,NULL,'2025-08-28 05:31:10','2025-08-28 05:31:10'),(198,5,14,'Konstruksi & Evolusi Perangkat Lunak','Software Construction & Evolution','RPLK504',1,2,NULL,'2025-08-28 05:31:56','2025-08-28 05:31:56'),(199,5,14,'Artificial Intelligence','Artificial Intelligence','RPLK505',1,2,NULL,'2025-08-28 05:32:29','2025-08-28 05:32:29'),(200,5,14,'Workshop Pemrograman Framework 1','Workshop Pemrograman Framework 1','RPLK506',0,3,NULL,'2025-08-28 05:33:20','2025-08-28 05:33:20'),(201,5,14,'Workshop Pemrograman Mobile','Workshop Pemrograman Mobile','RPLK507',0,3,NULL,'2025-08-28 05:33:49','2025-08-28 05:33:49'),(202,5,15,'Kewirausahaan','Entrepreneurship','PT1106',1,2,NULL,'2025-08-28 05:35:05','2025-08-28 05:35:05'),(203,5,15,'Bahasa Inggris Scientific','Scientific English','RPLK701',2,0,NULL,'2025-08-28 05:35:57','2025-08-28 05:35:57'),(204,5,15,'Program Kerja Praktik','Program Kerja Praktik','RPLK702',0,3,NULL,'2025-08-28 05:36:38','2025-08-28 05:36:38'),(205,5,15,'Computer Vision','Computer Vision','RPLK705',1,2,NULL,'2025-08-28 05:37:18','2025-08-28 05:37:18'),(206,5,15,'Workshop Pemrograman Framework 2','Workshop Pemrograman Framework 2','RPLK703',0,3,NULL,'2025-08-28 05:37:54','2025-08-28 05:37:54'),(207,5,15,'Keamanan Sistem Komputer','Computer System Security','RPLK704',2,0,NULL,'2025-08-28 05:38:37','2025-08-28 05:38:37'),(208,5,15,'Budi Pekerti','Character','PT1110',2,0,NULL,'2025-08-28 05:43:32','2025-08-28 05:43:32'),(209,5,8,'Tugas Akhir','Tugas Akhir','RPLK801',0,6,NULL,'2025-08-28 05:45:15','2025-08-28 05:45:15'),(210,5,8,'Etika Profesi dan Bisnis','Professional and Business Ethics','PT1107',2,0,NULL,'2025-08-28 05:46:11','2025-08-28 05:46:11'),(211,5,8,'Bahasa Inggris Profesional','Professional English','RPLK802',1,1,NULL,'2025-08-28 05:46:51','2025-08-28 05:46:51'),(212,2,12,'Pengantar Manajemen','Introduction to Management','AK2107',2,0,NULL,'2025-08-28 06:19:04','2025-08-28 06:19:04'),(213,2,12,'Pengantar Bisnis','Introduction to Business','AK2108',1,1,NULL,'2025-08-28 06:20:31','2025-08-28 06:23:01'),(214,2,12,'Bahasa Inggris Bisnis I','Business English I','AK3210',1,1,NULL,'2025-08-28 06:21:30','2025-08-28 06:21:30'),(215,2,12,'Matematika Bisnis','Business Mathematics','AK2101',1,1,NULL,'2025-08-28 06:22:49','2025-08-28 06:22:49'),(216,2,12,'Pengantar Akuntansi I','Introduction to Accounting I','AK2102',2,1,NULL,'2025-08-28 06:23:44','2025-08-28 06:23:44'),(217,2,12,'Perpajakan 1','Perpajakan 1','AK2209',2,1,NULL,'2025-08-28 06:24:42','2025-08-28 06:24:42'),(218,2,12,'Praktikum Komputer Akuntansi 1','Accounting Computer Practicum 1','AK4103',0,3,NULL,'2025-08-28 06:25:30','2025-08-28 06:25:30'),(219,2,12,'Kewirausahaan','Entrepreneurship','PT1106',1,2,NULL,'2025-08-28 06:26:16','2025-08-28 06:26:16'),(220,4,12,'Bahasa Indonesia','Indonesian','PT1104',2,0,NULL,'2025-08-28 08:38:45','2025-08-28 08:38:45'),(221,4,12,'Pendidikan Pancasila','Pendidikan Pancasila','PT1102',2,0,NULL,'2025-08-28 08:39:17','2025-08-28 08:39:17'),(222,4,12,'Bahasa Inggris','English','PT1105',1,1,NULL,'2025-08-28 08:40:05','2025-08-28 08:40:05'),(223,4,12,'Pengantar Manajemen','Pengantar Manajemen','BD2104',2,1,NULL,'2025-08-28 08:40:45','2025-08-28 08:40:45'),(224,4,12,'Pengantar Ilmu Ekonomi','Pengantar Ilmu Ekonomi','BD2105',2,1,NULL,'2025-08-28 08:41:32','2025-08-28 08:41:32'),(225,4,12,'Pengantar Akuntansi','Pengantar Akuntansi','BD2102',2,1,NULL,'2025-08-28 08:42:04','2025-08-28 08:43:00'),(226,4,12,'Matematika Bisnis','Matematika Bisnis','BD2103',1,1,NULL,'2025-08-28 08:42:47','2025-08-28 08:43:14'),(227,4,12,'Pengantar Bisnis','Pengantar Bisnis','BD2101',2,1,NULL,'2025-08-28 08:43:40','2025-08-28 08:43:40'),(228,4,13,'Sistem Informasi Manajemen','Sistem Informasi Manajemen','BD3301',1,2,NULL,'2025-08-28 10:34:11','2025-08-28 10:34:11'),(229,4,13,'Manajemen Keuangan','Manajemen Keuangan','BD3201',1,2,NULL,'2025-08-28 10:34:37','2025-08-28 10:34:37'),(230,4,13,'Digital Marketing','Digital Marketing','BD3202',1,2,NULL,'2025-08-28 10:36:03','2025-08-28 10:36:03'),(231,4,13,'Web Programming','Web Programming','BD3206',1,2,NULL,'2025-08-28 10:36:34','2025-08-28 10:36:34'),(232,4,13,'Desain Web','Desain Web','BD3205',1,2,NULL,'2025-08-28 10:36:57','2025-08-28 10:36:57'),(233,4,13,'Manajemen Sumber Daya Manusia','Manajemen Sumber Daya Manusia','BD3203',2,1,NULL,'2025-08-28 10:37:16','2025-08-28 10:37:16'),(234,4,13,'Bisnis Star Up','Bisnis Star Up','BD3204',1,1,NULL,'2025-08-28 10:37:35','2025-08-28 10:37:35'),(235,4,14,'Customer Relationship Management','Customer Relationship Management','BD5501',3,0,NULL,'2025-08-28 11:54:29','2025-08-28 11:54:29'),(236,4,14,'UI/UX Design','UI/UX Design','BD5502',4,0,NULL,'2025-08-28 11:54:51','2025-08-28 11:54:51'),(237,4,14,'Metodologi Penelitian Bisnis','Metodologi Penelitian Bisnis','BD5505',3,0,NULL,'2025-08-28 11:55:19','2025-08-28 11:55:19'),(238,4,14,'Business Intellegence','Business Intellegence','BD5503',3,0,NULL,'2025-08-28 11:55:38','2025-08-28 11:56:00'),(239,4,14,'Manajemen Resiko','Manajemen Resiko','BD5504',3,0,NULL,'2025-08-28 11:56:20','2025-08-28 11:56:20'),(240,4,14,'Leadership','Leadership','PT1108',2,0,NULL,'2025-08-28 11:56:40','2025-08-28 11:56:40'),(241,4,14,'Cloud Computing','Cloud Computing','BD5506',2,0,NULL,'2025-08-28 11:56:59','2025-08-28 11:56:59');
/*!40000 ALTER TABLE `matkuls` ENABLE KEYS */;
UNLOCK TABLES;

--
-- Table structure for table `messages`
--

DROP TABLE IF EXISTS `messages`;
/*!40101 SET @saved_cs_client     = @@character_set_client */;
/*!50503 SET character_set_client = utf8mb4 */;
CREATE TABLE `messages` (
  `id` bigint unsigned NOT NULL AUTO_INCREMENT,
  `parent_id` bigint unsigned DEFAULT NULL,
  `sender_type` varchar(255) COLLATE utf8mb4_unicode_ci NOT NULL,
  `sender_id` bigint unsigned NOT NULL,
  `receiver_type` varchar(255) COLLATE utf8mb4_unicode_ci NOT NULL,
  `receiver_id` bigint unsigned NOT NULL,
  `matkul_id` bigint unsigned NOT NULL,
  `message` text COLLATE utf8mb4_unicode_ci NOT NULL,
  `sent_at` timestamp NOT NULL,
  `jadwal_id` bigint unsigned NOT NULL,
  `kelas_id` bigint unsigned NOT NULL,
  `read` tinyint(1) NOT NULL DEFAULT '0',
  `read_at` timestamp NULL DEFAULT NULL,
  `created_at` timestamp NULL DEFAULT NULL,
  `updated_at` timestamp NULL DEFAULT NULL,
  PRIMARY KEY (`id`),
  KEY `messages_sender_type_sender_id_index` (`sender_type`,`sender_id`),
  KEY `messages_receiver_type_receiver_id_index` (`receiver_type`,`receiver_id`),
  KEY `messages_matkul_id_foreign` (`matkul_id`),
  KEY `messages_jadwal_id_foreign` (`jadwal_id`),
  KEY `messages_kelas_id_foreign` (`kelas_id`),
  KEY `messages_parent_id_foreign` (`parent_id`),
  CONSTRAINT `messages_jadwal_id_foreign` FOREIGN KEY (`jadwal_id`) REFERENCES `jadwals` (`id`),
  CONSTRAINT `messages_kelas_id_foreign` FOREIGN KEY (`kelas_id`) REFERENCES `kelas` (`id`),
  CONSTRAINT `messages_matkul_id_foreign` FOREIGN KEY (`matkul_id`) REFERENCES `matkuls` (`id`),
  CONSTRAINT `messages_parent_id_foreign` FOREIGN KEY (`parent_id`) REFERENCES `messages` (`id`) ON DELETE CASCADE
) ENGINE=InnoDB DEFAULT CHARSET=utf8mb4 COLLATE=utf8mb4_unicode_ci;
/*!40101 SET character_set_client = @saved_cs_client */;

--
-- Dumping data for table `messages`
--

LOCK TABLES `messages` WRITE;
/*!40000 ALTER TABLE `messages` DISABLE KEYS */;
/*!40000 ALTER TABLE `messages` ENABLE KEYS */;
UNLOCK TABLES;

--
-- Table structure for table `migrations`
--

DROP TABLE IF EXISTS `migrations`;
/*!40101 SET @saved_cs_client     = @@character_set_client */;
/*!50503 SET character_set_client = utf8mb4 */;
CREATE TABLE `migrations` (
  `id` int unsigned NOT NULL AUTO_INCREMENT,
  `migration` varchar(255) COLLATE utf8mb4_unicode_ci NOT NULL,
  `batch` int NOT NULL,
  PRIMARY KEY (`id`)
) ENGINE=InnoDB AUTO_INCREMENT=51 DEFAULT CHARSET=utf8mb4 COLLATE=utf8mb4_unicode_ci;
/*!40101 SET character_set_client = @saved_cs_client */;

--
-- Dumping data for table `migrations`
--

LOCK TABLES `migrations` WRITE;
/*!40000 ALTER TABLE `migrations` DISABLE KEYS */;
INSERT INTO `migrations` VALUES (1,'2014_10_12_000000_create_users_table',1),(2,'2014_10_12_100000_create_password_reset_tokens_table',1),(3,'2019_08_19_000000_create_failed_jobs_table',1),(4,'2019_12_14_000001_create_personal_access_tokens_table',1),(5,'2024_09_19_073741_create_prodis_table',1),(6,'2024_09_19_073742_create_semesters_table',1),(7,'2024_09_19_073743_create_kelas_table',1),(8,'2024_09_20_134054_create_ruangans_table',1),(9,'2024_09_21_065851_create_tahun_akademiks_table',1),(10,'2024_09_23_064149_create_dosens_table',1),(11,'2024_09_23_142359_kaprodi',1),(12,'2024_09_24_073943_create_wadirs_table',1),(13,'2024_09_24_082956_create_direkturs_table',1),(14,'2024_09_25_023956_create_mahasiswas_table',1),(15,'2024_09_25_042900_create_matkuls_table',1),(16,'2024_09_26_080025_create_jadwals_table',1),(17,'2024_09_27_021624_create_absens_table',1),(18,'2024_09_27_055003_create_resumes_table',1),(19,'2024_09_27_073500_create_kontraks_table',1),(20,'2024_10_07_111252_create_pengajuan_rekaps_table',1),(21,'2024_10_08_112616_create_pengajuan_rekap_beritas_table',1),(22,'2024_10_09_100746_create_pengajuan_rekapkontraks_table',1),(23,'2024_10_10_142655_create_tugas_table',1),(24,'2024_10_11_100629_create_uas_table',1),(25,'2024_10_11_221209_create_uts_table',1),(26,'2024_10_12_142550_create_etikas_table',1),(27,'2024_10_12_210128_create_aktifs_table',1),(28,'2024_10_16_153822_create_pengajuan_rekap_nilais_table',1),(29,'2024_11_23_213604_create_nilai_hurufs_table',1),(30,'2024_11_26_210347_admin',1),(31,'2024_12_03_080117_create_pembayarans_table',1),(32,'2024_12_03_132912_create_krs_table',1),(33,'2024_12_09_213211_create_messages_table',1),(34,'2024_12_14_113324_create_notifications_table',1),(35,'2024_12_19_140251_add_parent_id_to_messages_table',1),(36,'2025_02_14_204804_create_permohonan_surats_table',2),(37,'2025_02_17_202706_create_informasi_landing_pages_table',2),(38,'2025_02_21_105652_add_tahun_masuk_to_mahasiswa_table',3),(39,'2025_02_22_130800_add_dosen_id_to_direkturs_table',4),(40,'2025_02_22_142520_add_dosen_id_to_wadirs_table',4),(41,'2025_02_22_145257_add_dosen_id_to_kaprodi_table',4),(42,'2025_02_26_220507_create_jobs_table',5),(43,'2025_02_27_112656_add_profile_picture_to_mahasiswas',6),(44,'2025_02_27_112657_add_profile_picture_to_mahasiswas',7),(45,'2025_02_27_115609_add_no_telephone_to_admin_table',8),(46,'2025_02_14_204805_create_permohonan_surats_table',9),(47,'2025_03_07_095702_create_settings_table',10),(48,'2025_03_20_152418_create_request_edit_presensis_table',11),(49,'2025_04_22_185409_create_pegawais_table',12),(50,'2025_04_22_204749_create_jadwal_ujians_table',13);
/*!40000 ALTER TABLE `migrations` ENABLE KEYS */;
UNLOCK TABLES;

--
-- Table structure for table `nilai_hurufs`
--

DROP TABLE IF EXISTS `nilai_hurufs`;
/*!40101 SET @saved_cs_client     = @@character_set_client */;
/*!50503 SET character_set_client = utf8mb4 */;
CREATE TABLE `nilai_hurufs` (
  `id` bigint unsigned NOT NULL AUTO_INCREMENT,
  `mahasiswa_id` bigint unsigned NOT NULL,
  `kelas_id` bigint unsigned NOT NULL,
  `matkul_id` bigint unsigned NOT NULL,
  `semester_id` bigint unsigned NOT NULL,
  `nilai_total` double NOT NULL,
  `nilai_huruf` varchar(255) COLLATE utf8mb4_unicode_ci NOT NULL,
  `created_at` timestamp NULL DEFAULT NULL,
  `updated_at` timestamp NULL DEFAULT NULL,
  PRIMARY KEY (`id`),
  KEY `nilai_hurufs_mahasiswa_id_foreign` (`mahasiswa_id`),
  KEY `nilai_hurufs_kelas_id_foreign` (`kelas_id`),
  KEY `nilai_hurufs_matkul_id_foreign` (`matkul_id`),
  KEY `nilai_hurufs_semester_id_foreign` (`semester_id`),
  CONSTRAINT `nilai_hurufs_kelas_id_foreign` FOREIGN KEY (`kelas_id`) REFERENCES `kelas` (`id`),
  CONSTRAINT `nilai_hurufs_mahasiswa_id_foreign` FOREIGN KEY (`mahasiswa_id`) REFERENCES `mahasiswas` (`id`),
  CONSTRAINT `nilai_hurufs_matkul_id_foreign` FOREIGN KEY (`matkul_id`) REFERENCES `matkuls` (`id`),
  CONSTRAINT `nilai_hurufs_semester_id_foreign` FOREIGN KEY (`semester_id`) REFERENCES `semesters` (`id`)
) ENGINE=InnoDB DEFAULT CHARSET=utf8mb4 COLLATE=utf8mb4_unicode_ci;
/*!40101 SET character_set_client = @saved_cs_client */;

--
-- Dumping data for table `nilai_hurufs`
--

LOCK TABLES `nilai_hurufs` WRITE;
/*!40000 ALTER TABLE `nilai_hurufs` DISABLE KEYS */;
/*!40000 ALTER TABLE `nilai_hurufs` ENABLE KEYS */;
UNLOCK TABLES;

--
-- Table structure for table `notifications`
--

DROP TABLE IF EXISTS `notifications`;
/*!40101 SET @saved_cs_client     = @@character_set_client */;
/*!50503 SET character_set_client = utf8mb4 */;
CREATE TABLE `notifications` (
  `id` char(36) COLLATE utf8mb4_unicode_ci NOT NULL,
  `type` varchar(255) COLLATE utf8mb4_unicode_ci NOT NULL,
  `notifiable_type` varchar(255) COLLATE utf8mb4_unicode_ci NOT NULL,
  `notifiable_id` bigint unsigned NOT NULL,
  `data` text COLLATE utf8mb4_unicode_ci NOT NULL,
  `read_at` timestamp NULL DEFAULT NULL,
  `created_at` timestamp NULL DEFAULT NULL,
  `updated_at` timestamp NULL DEFAULT NULL,
  PRIMARY KEY (`id`),
  KEY `notifications_notifiable_type_notifiable_id_index` (`notifiable_type`,`notifiable_id`)
) ENGINE=InnoDB DEFAULT CHARSET=utf8mb4 COLLATE=utf8mb4_unicode_ci;
/*!40101 SET character_set_client = @saved_cs_client */;

--
-- Dumping data for table `notifications`
--

LOCK TABLES `notifications` WRITE;
/*!40000 ALTER TABLE `notifications` DISABLE KEYS */;
INSERT INTO `notifications` VALUES ('00ec38cc-1e13-4e62-a5ec-688af43f204c','App\\Notifications\\PengajuanKontrakNotification','App\\Models\\Kaprodi',3,'{\"notification_type\":\"kontrak\",\"message_content\":\"Segera Verifikasi Data Kontrak Perkuliahan\",\"title\":\"Pengajuan Rekap Kontrak Perkuliahan\",\"name\":\"Damar Eko Cahyono, S.T., S.Kom, M.M.\",\"matkul\":\"Aplikasi Server\",\"class\":\"TI 2B\"}','2025-03-13 13:02:41','2025-03-13 12:58:00','2025-03-13 13:02:41'),('013c15aa-56df-4af8-9617-04215ead40bf','App\\Notifications\\PembayaranNotification','App\\Models\\Admin',1,'{\"notification_type\":\"pembayaran\",\"title\":\"Konfirmasi Pembayaran Diperlukan\",\"message_content\":\"Menunggu Konfirmasi\",\"name\":\"MUHAMMAD \' IZZUDDIN NADHIF\",\"class\":\"AB 4A\",\"prodi\":\"Administrasi Bisnis\",\"pembayaran_id\":35,\"status\":0,\"keterangan\":null}','2025-03-15 14:28:38','2025-03-14 20:06:56','2025-03-15 14:28:38'),('02961d2c-3e34-47cd-b270-4e4a0dd4a4f7','App\\Notifications\\PembayaranNotification','App\\Models\\Mahasiswa',72,'{\"notification_type\":\"pembayaran\",\"title\":\"Pembayaran Berhasil Diterima\",\"message_content\":\"Segera lakukan Pengajuan Krs\",\"pembayaran_id\":24,\"status\":\"1\",\"keterangan\":\"Sudah\"}','2025-03-14 11:46:10','2025-03-14 11:42:37','2025-03-14 11:46:10'),('02e53703-d4e2-4317-88a1-54d7a4cc50ff','App\\Notifications\\KRSNotification','App\\Models\\Dosen',6,'{\"title\":\"Pengajuan KRS\",\"message_content\":\"Harap Periksa dan Segera Verifikasi KRS\",\"name\":\"ROMALAZ FEBRYAN RAHARJA\",\"kelas\":\"TI 2A\",\"prodi\":\"Teknik Informatika\",\"notification_type\":\"krs\"}','2025-03-18 12:20:04','2025-03-18 12:19:39','2025-03-18 12:20:04'),('036fdd91-1098-440c-a95c-998a92da5f98','App\\Notifications\\PembayaranNotification','App\\Models\\Admin',1,'{\"notification_type\":\"pembayaran\",\"title\":\"Konfirmasi Pembayaran Diperlukan\",\"message_content\":\"Menunggu Konfirmasi\",\"name\":\"SITI LAILATUL MUNADIROH\",\"class\":\"BD 2A\",\"prodi\":\"Bisnis Digital\",\"pembayaran_id\":6,\"status\":0,\"keterangan\":null}','2025-03-13 11:31:42','2025-03-13 11:16:42','2025-03-13 11:31:42'),('03f76687-cd54-4209-b72a-b8500fd24015','App\\Notifications\\KRSNotification','App\\Models\\Admin',1,'{\"title\":\"Pengajuan KRS\",\"message_content\":\"KRS Berhasil Diverifikasi\",\"name\":\"MAULIDHA NUR BAITI\",\"kelas\":\"BD 2A\",\"prodi\":\"Bisnis Digital\",\"notification_type\":\"krs\"}','2025-03-18 12:13:27','2025-03-18 11:17:48','2025-03-18 12:13:27'),('058f776d-d684-42da-9059-1a282931d441','App\\Notifications\\PembayaranNotification','App\\Models\\Mahasiswa',47,'{\"notification_type\":\"pembayaran\",\"title\":\"Pembayaran Berhasil Diterima\",\"message_content\":\"Segera lakukan Pengajuan Krs\",\"pembayaran_id\":20,\"status\":\"1\",\"keterangan\":\"Sudah\"}',NULL,'2025-03-14 11:44:17','2025-03-14 11:44:17'),('071bad2b-0b31-4f35-b1fc-557a408cd63d','App\\Notifications\\PembayaranNotification','App\\Models\\Admin',1,'{\"notification_type\":\"pembayaran\",\"title\":\"Konfirmasi Pembayaran Diperlukan\",\"message_content\":\"Menunggu Konfirmasi\",\"name\":\"Sulaiman\",\"class\":\"TI 1A\",\"prodi\":\"Teknik Informatika\",\"pembayaran_id\":2,\"status\":0,\"keterangan\":null}','2025-03-10 20:50:34','2025-03-10 20:39:54','2025-03-10 20:50:34'),('08004006-23e1-41a4-802e-305cfeab77d1','App\\Notifications\\PembayaranNotification','App\\Models\\Mahasiswa',202,'{\"notification_type\":\"pembayaran\",\"title\":\"Pembayaran Berhasil Diterima\",\"message_content\":\"Segera lakukan Pengajuan Krs\",\"pembayaran_id\":43,\"status\":\"1\",\"keterangan\":\"Sudah\"}',NULL,'2025-03-16 20:24:33','2025-03-16 20:24:33'),('09abd788-3ea2-46ef-b688-1b3bdab0b2cd','App\\Notifications\\PengajuanKontrakNotification','App\\Models\\Direktur',1,'{\"notification_type\":\"kontrak\",\"message_content\":\"Segera Verifikasi Data Kontrak Perkuliahan\",\"title\":\"Pengajuan Rekap Kontrak Perkuliahan\",\"name\":\"Damar Eko Cahyono, S.T., S.Kom, M.M.\",\"matkul\":\"Proyek 1\",\"class\":\"TI 2B\"}',NULL,'2025-03-17 03:06:27','2025-03-17 03:06:27'),('0a016f78-6cee-4d40-9998-bc92b3b0fc98','App\\Notifications\\PengajuanKontrakNotification','App\\Models\\Dosen',8,'{\"notification_type\":\"kontrak\",\"message_content\":\"Verifikasi Data Kontrak Berhasil\",\"title\":\"Pengajuan Rekap Kontrak Perkuliahan \",\"name\":\"Supriono, S.E., M.Si., AK., CFA\",\"matkul\":\"Auditing\",\"class\":\"AK 4B\"}','2025-05-27 08:35:13','2025-03-17 14:10:28','2025-05-27 08:35:13'),('0a235a38-c622-43fd-88f2-5922285180b4','App\\Notifications\\KRSNotification','App\\Models\\Mahasiswa',199,'{\"title\":\"Pengajuan KRS\",\"message_content\":\"KRS Berhasil Diverifikasi\",\"name\":\"VALYA MARSHELA\",\"kelas\":\"BD 4A\",\"prodi\":\"Bisnis Digital\",\"notification_type\":\"krs\"}',NULL,'2025-04-10 16:28:04','2025-04-10 16:28:04'),('0adc501a-ab29-43a2-b0ce-48de05c58e59','App\\Notifications\\PengajuanKontrakNotification','App\\Models\\Wadir',1,'{\"notification_type\":\"kontrak\",\"message_content\":\"Segera Verifikasi Data Kontrak Perkuliahan\",\"title\":\"Pengajuan Rekap Kontrak Perkuliahan\",\"name\":\"Damar Eko Cahyono, S.T., S.Kom, M.M.\",\"matkul\":\"Proyek 2\",\"class\":\"TI 4A\"}',NULL,'2025-03-17 03:06:31','2025-03-17 03:06:31'),('0b0ec2a8-94d2-4ba1-abef-e3658dbde077','App\\Notifications\\KRSNotification','App\\Models\\Mahasiswa',211,'{\"title\":\"Pengajuan KRS\",\"message_content\":\"KRS Berhasil Diverifikasi\",\"name\":\"SITI LAILATUL MUNADIROH\",\"kelas\":\"BD 2A\",\"prodi\":\"Bisnis Digital\",\"notification_type\":\"krs\"}',NULL,'2025-03-13 11:51:15','2025-03-13 11:51:15'),('0b4a3f48-0c21-4e44-be1f-8d27c7958697','App\\Notifications\\PembayaranNotification','App\\Models\\Admin',1,'{\"notification_type\":\"pembayaran\",\"title\":\"Konfirmasi Pembayaran Diperlukan\",\"message_content\":\"Menunggu Konfirmasi\",\"name\":\"NUR ALIFIAH\",\"class\":\"BD 2A\",\"prodi\":\"Bisnis Digital\",\"pembayaran_id\":11,\"status\":0,\"keterangan\":null}','2025-03-13 12:45:54','2025-03-13 11:59:17','2025-03-13 12:45:54'),('0b5066bc-cebc-4e26-9256-9e04e89e6e08','App\\Notifications\\KRSNotification','App\\Models\\Dosen',6,'{\"title\":\"Pengajuan KRS\",\"message_content\":\"Harap Periksa dan Segera Verifikasi KRS\",\"name\":\"RIZAL FATO FANI\",\"kelas\":\"TRPL 4A\",\"prodi\":\"Teknologi Rekayasa Perangkat Lunak\",\"notification_type\":\"krs\"}','2025-03-14 12:54:17','2025-03-14 12:51:42','2025-03-14 12:54:17'),('0bfebe47-9d65-4d19-bf5d-8bbd5f23aa9a','App\\Notifications\\PengajuanKontrakNotification','App\\Models\\Dosen',6,'{\"notification_type\":\"kontrak\",\"message_content\":\"Verifikasi Data Kontrak Berhasil\",\"title\":\"Pengajuan Rekap Kontrak Perkuliahan \",\"name\":\"Damar Eko Cahyono, S.T., S.Kom, M.M.\",\"matkul\":\"Proyek 2\",\"class\":\"TI 4A\"}','2025-03-17 14:13:36','2025-03-17 14:05:20','2025-03-17 14:13:36'),('0c5f7347-ea30-47a8-9c89-8022401a28d8','App\\Notifications\\PembayaranNotification','App\\Models\\Admin',1,'{\"notification_type\":\"pembayaran\",\"title\":\"Konfirmasi Pembayaran Diperlukan\",\"message_content\":\"Menunggu Konfirmasi\",\"name\":\"PASKALIS TRIGAMA ROSARIO\",\"class\":\"TI 2A\",\"prodi\":\"Teknik Informatika\",\"pembayaran_id\":16,\"status\":0,\"keterangan\":null}','2025-03-14 11:44:33','2025-03-13 20:01:27','2025-03-14 11:44:33'),('0c81ce28-bdb1-4995-ae4a-2c99471ad019','App\\Notifications\\KRSNotification','App\\Models\\Mahasiswa',156,'{\"title\":\"Pengajuan KRS\",\"message_content\":\"KRS Berhasil Diverifikasi\",\"name\":\"DONI ALAMSYAH\",\"kelas\":\"TI 4B\",\"prodi\":\"Teknik Informatika\",\"notification_type\":\"krs\"}','2025-03-17 12:27:30','2025-03-12 19:33:34','2025-03-17 12:27:30'),('0da85ec9-5962-49bd-ba5c-5551fd5edbc1','App\\Notifications\\KRSNotification','App\\Models\\Admin',1,'{\"title\":\"Pengajuan KRS\",\"message_content\":\"KRS Berhasil Diverifikasi\",\"name\":\"Sulaiman\",\"kelas\":\"TI 1A\",\"prodi\":\"Teknik Informatika\",\"notification_type\":\"krs\"}','2025-03-11 15:41:36','2025-03-10 20:53:16','2025-03-11 15:41:36'),('0e733130-d79c-4655-b88b-7a0c5efec95c','App\\Notifications\\PembayaranNotification','App\\Models\\Mahasiswa',211,'{\"notification_type\":\"pembayaran\",\"title\":\"Pembayaran Berhasil Diterima\",\"message_content\":\"Segera lakukan Pengajuan Krs\",\"pembayaran_id\":6,\"status\":\"1\",\"keterangan\":\"Sudah\"}',NULL,'2025-03-13 11:28:59','2025-03-13 11:28:59'),('0fa80a24-bbcd-443d-88e3-6b7e3b47c362','App\\Notifications\\PengajuanKontrakNotification','App\\Models\\Wadir',1,'{\"notification_type\":\"kontrak\",\"message_content\":\"Segera Verifikasi Data Kontrak Perkuliahan\",\"title\":\"Pengajuan Rekap Kontrak Perkuliahan\",\"name\":\"Novita Purnaningsih, S.S., M.A.\",\"matkul\":\"Praktikum Korespondensi Bisnis Indonesia\",\"class\":\"AB 2A\"}',NULL,'2025-03-21 00:42:51','2025-03-21 00:42:51'),('0ff1c506-33b0-40db-8f77-da4ede753b85','App\\Notifications\\KRSNotification','App\\Models\\Mahasiswa',142,'{\"title\":\"Pengajuan KRS\",\"message_content\":\"KRS Berhasil Diverifikasi\",\"name\":\"LIANA MAULIDYA\",\"kelas\":\"TI 4A\",\"prodi\":\"Teknik Informatika\",\"notification_type\":\"krs\"}','2025-05-06 10:05:25','2025-03-14 12:40:23','2025-05-06 10:05:25'),('106557c8-0e4a-4b11-95c2-314fc6457085','App\\Notifications\\KRSNotification','App\\Models\\Dosen',8,'{\"title\":\"Pengajuan KRS\",\"message_content\":\"Harap Periksa dan Segera Verifikasi KRS\",\"name\":\"FIRMAN SIGIT NUGROHO\",\"kelas\":\"AK 6A\",\"prodi\":\"Akuntansi\",\"notification_type\":\"krs\"}','2025-05-27 08:26:44','2025-03-17 09:44:57','2025-05-27 08:26:44'),('10d5489d-1fc7-4ef5-b979-805f88247d1a','App\\Notifications\\PembayaranNotification','App\\Models\\Admin',1,'{\"notification_type\":\"pembayaran\",\"title\":\"Konfirmasi Pembayaran Diperlukan\",\"message_content\":\"Menunggu Konfirmasi\",\"name\":\"CITRA PUSPITA AMELIA\",\"class\":\"AB 4A\",\"prodi\":\"Administrasi Bisnis\",\"pembayaran_id\":38,\"status\":0,\"keterangan\":null}','2025-03-15 14:28:38','2025-03-14 21:58:28','2025-03-15 14:28:38'),('114dcda3-7aa2-4094-8713-5a8a77ead6cc','App\\Notifications\\KRSNotification','App\\Models\\Mahasiswa',152,'{\"title\":\"Pengajuan KRS\",\"message_content\":\"KRS Berhasil Diverifikasi\",\"name\":\"AHMAD NUR ROMADHON\",\"kelas\":\"TI 4A\",\"prodi\":\"Teknik Informatika\",\"notification_type\":\"krs\"}',NULL,'2025-09-09 18:15:50','2025-09-09 18:15:50'),('1191cd99-9464-4304-942d-7695327284d4','App\\Notifications\\KRSNotification','App\\Models\\Admin',1,'{\"title\":\"Pengajuan KRS\",\"message_content\":\"KRS Berhasil Diverifikasi\",\"name\":\"FAJAR BAYU TIMUR\",\"kelas\":\"TI 4A\",\"prodi\":\"Teknik Informatika\",\"notification_type\":\"krs\"}','2025-03-18 06:46:11','2025-03-18 04:41:30','2025-03-18 06:46:11'),('13bd0abb-e90f-4ac2-a50c-5d91103e2a9f','App\\Notifications\\KRSNotification','App\\Models\\Dosen',6,'{\"title\":\"Pengajuan KRS\",\"message_content\":\"Harap Periksa dan Segera Verifikasi KRS\",\"name\":\"NAJIB ASKIYA\",\"kelas\":\"TRPL 4A\",\"prodi\":\"Teknologi Rekayasa Perangkat Lunak\",\"notification_type\":\"krs\"}','2025-03-18 11:30:29','2025-03-18 10:55:52','2025-03-18 11:30:29'),('13bfaf69-c10a-4851-ab2b-06bca7367f36','App\\Notifications\\KRSNotification','App\\Models\\Dosen',5,'{\"title\":\"Pengajuan KRS\",\"message_content\":\"Harap Periksa dan Segera Verifikasi KRS\",\"name\":\"LUDYANA WAHYU KARTIKA WARNI\",\"kelas\":\"AK 4B\",\"prodi\":\"Akuntansi\",\"notification_type\":\"krs\"}',NULL,'2025-03-14 12:52:31','2025-03-14 12:52:31'),('13e1cf56-0698-4699-b7d8-fe00418b4de2','App\\Notifications\\PembayaranNotification','App\\Models\\Mahasiswa',209,'{\"notification_type\":\"pembayaran\",\"title\":\"Pembayaran Berhasil Diterima\",\"message_content\":\"Segera lakukan Pengajuan Krs\",\"pembayaran_id\":12,\"status\":\"1\",\"keterangan\":\"Sudah\"}','2025-03-13 16:04:20','2025-03-13 12:43:26','2025-03-13 16:04:20'),('13f42eeb-366d-44c0-95dd-7c4995c59b6d','App\\Notifications\\PembayaranNotification','App\\Models\\Admin',1,'{\"notification_type\":\"pembayaran\",\"title\":\"Konfirmasi Pembayaran Diperlukan\",\"message_content\":\"Menunggu Konfirmasi\",\"name\":\"AZIZURROHMAN\",\"class\":\"AK 3A\",\"prodi\":\"Akuntansi\",\"pembayaran_id\":85,\"status\":0,\"keterangan\":null}','2025-09-10 10:36:25','2025-09-10 10:35:08','2025-09-10 10:36:25'),('1485735c-fc13-4842-a1e5-71771f9432eb','App\\Notifications\\PembayaranNotification','App\\Models\\Mahasiswa',115,'{\"notification_type\":\"pembayaran\",\"title\":\"Pembayaran Berhasil Diterima\",\"message_content\":\"Segera lakukan Pengajuan Krs\",\"pembayaran_id\":72,\"status\":\"1\",\"keterangan\":\"Sudah\"}',NULL,'2025-04-16 16:31:06','2025-04-16 16:31:06'),('14920f88-0d46-4623-8893-ccb966596a48','App\\Notifications\\PembayaranNotification','App\\Models\\Mahasiswa',32,'{\"notification_type\":\"pembayaran\",\"title\":\"Pembayaran Berhasil Diterima\",\"message_content\":\"Segera lakukan Pengajuan Krs\",\"pembayaran_id\":38,\"status\":\"1\",\"keterangan\":\"Sudah\"}','2025-06-26 19:03:51','2025-03-15 14:28:01','2025-06-26 19:03:51'),('1526df34-6e2d-4ac3-8883-954b25c9908e','App\\Notifications\\PembayaranNotification','App\\Models\\Mahasiswa',142,'{\"notification_type\":\"pembayaran\",\"title\":\"Pembayaran Berhasil Diterima\",\"message_content\":\"Segera lakukan Pengajuan Krs\",\"pembayaran_id\":23,\"status\":\"1\",\"keterangan\":\"Sudah\"}','2025-05-06 10:05:25','2025-03-14 11:42:46','2025-05-06 10:05:25'),('15fab080-1da5-4465-bb0d-b9ee2693803b','App\\Notifications\\PengajuanKontrakNotification','App\\Models\\Dosen',22,'{\"notification_type\":\"kontrak\",\"message_content\":\"Verifikasi Data Kontrak Berhasil\",\"title\":\"Pengajuan Rekap Kontrak Perkuliahan \",\"name\":\"Danis Imam Bachtiar, S.E., M.M.\",\"matkul\":\"Manajemen SDM\",\"class\":\"AB 4A\"}',NULL,'2025-07-01 11:04:35','2025-07-01 11:04:35'),('162304b4-25e9-414b-812a-f6a7f984b531','App\\Notifications\\PembayaranNotification','App\\Models\\Mahasiswa',220,'{\"notification_type\":\"pembayaran\",\"title\":\"Pembayaran Berhasil Diterima\",\"message_content\":\"Segera lakukan Pengajuan Krs\",\"pembayaran_id\":9,\"status\":\"1\",\"keterangan\":\"Sudah\"}','2025-03-14 10:51:24','2025-03-13 12:45:38','2025-03-14 10:51:24'),('1633dd19-a0a4-46ce-af78-09fba3e62f8d','App\\Notifications\\PembayaranNotification','App\\Models\\Admin',1,'{\"notification_type\":\"pembayaran\",\"title\":\"Konfirmasi Pembayaran Diperlukan\",\"message_content\":\"Menunggu Konfirmasi\",\"name\":\"MUHAMMAD FARUK NAWAWI\",\"class\":\"TI 2A\",\"prodi\":\"Teknik Informatika\",\"pembayaran_id\":1,\"status\":0,\"keterangan\":null}','2025-03-07 13:37:54','2025-03-07 13:36:19','2025-03-07 13:37:54'),('1782ea6c-7d0f-4c7e-8f45-955a57b356fe','App\\Notifications\\PengajuanKontrakNotification','App\\Models\\Dosen',14,'{\"notification_type\":\"kontrak\",\"message_content\":\"Verifikasi Data Kontrak Berhasil\",\"title\":\"Pengajuan Rekap Kontrak Perkuliahan \",\"name\":\"Desi Innanti Wicaya Ningrum, M.Pd.\",\"matkul\":\"Bahasa Inggris Bisnis I\",\"class\":\"BD 2A\"}',NULL,'2025-03-18 11:14:01','2025-03-18 11:14:01'),('17d0e364-26b0-4cd4-bcdd-7071241f5936','App\\Notifications\\PembayaranNotification','App\\Models\\Mahasiswa',81,'{\"notification_type\":\"pembayaran\",\"title\":\"Pembayaran Berhasil Diterima\",\"message_content\":\"Segera lakukan Pengajuan Krs\",\"pembayaran_id\":40,\"status\":\"1\",\"keterangan\":\"Sudah\"}',NULL,'2025-03-15 14:27:48','2025-03-15 14:27:48'),('18dd54a0-df99-431b-9337-4ed004aa3073','App\\Notifications\\PengajuanKontrakNotification','App\\Models\\Wadir',1,'{\"notification_type\":\"kontrak\",\"message_content\":\"Segera Verifikasi Data Kontrak Perkuliahan\",\"title\":\"Pengajuan Rekap Kontrak Perkuliahan\",\"name\":\"Damar Eko Cahyono, S.T., S.Kom, M.M.\",\"matkul\":\"Jaringan Komputer 2\",\"class\":\"TRPL 4A\"}',NULL,'2025-03-13 12:59:09','2025-03-13 12:59:09'),('19fde136-4da8-45db-b966-57e8b1422d24','App\\Notifications\\PengajuanKontrakNotification','App\\Models\\Wadir',1,'{\"notification_type\":\"kontrak\",\"message_content\":\"Segera Verifikasi Data Kontrak Perkuliahan\",\"title\":\"Pengajuan Rekap Kontrak Perkuliahan\",\"name\":\"Damar Eko Cahyono, S.T., S.Kom, M.M.\",\"matkul\":\"Aplikasi Server\",\"class\":\"TI 2B\"}',NULL,'2025-03-13 12:58:00','2025-03-13 12:58:00'),('1ad7d4d4-7764-4980-a59a-680d45accce5','App\\Notifications\\KRSNotification','App\\Models\\Dosen',6,'{\"title\":\"Pengajuan KRS\",\"message_content\":\"Harap Periksa dan Segera Verifikasi KRS\",\"name\":\"ADINDA REVITA HAYYU\",\"kelas\":\"TI 2A\",\"prodi\":\"Teknik Informatika\",\"notification_type\":\"krs\"}','2025-03-14 12:40:47','2025-03-14 11:57:32','2025-03-14 12:40:47'),('1b05974c-a44e-4911-9dd9-8a9892e9323b','App\\Notifications\\PembayaranNotification','App\\Models\\Admin',1,'{\"notification_type\":\"pembayaran\",\"title\":\"Konfirmasi Pembayaran Diperlukan\",\"message_content\":\"Menunggu Konfirmasi\",\"name\":\"MAULIDHA NUR BAITI\",\"class\":\"BD 2A\",\"prodi\":\"Bisnis Digital\",\"pembayaran_id\":10,\"status\":0,\"keterangan\":null}','2025-03-13 12:45:54','2025-03-13 11:59:11','2025-03-13 12:45:54'),('1b946b0b-7613-43ac-a413-aa7b3a6cf18a','App\\Notifications\\PembayaranNotification','App\\Models\\Admin',1,'{\"notification_type\":\"pembayaran\",\"title\":\"Konfirmasi Pembayaran Diperlukan\",\"message_content\":\"Menunggu Konfirmasi\",\"name\":\"NAJIB ASKIYA\",\"class\":\"TRPL 4A\",\"prodi\":\"Teknologi Rekayasa Perangkat Lunak\",\"pembayaran_id\":53,\"status\":0,\"keterangan\":null}','2025-03-18 04:40:23','2025-03-17 22:12:55','2025-03-18 04:40:23'),('1cbf3af1-fab6-417e-973a-dcc3f602e8ad','App\\Notifications\\PengajuanKontrakNotification','App\\Models\\Kaprodi',3,'{\"notification_type\":\"kontrak\",\"message_content\":\"Segera Verifikasi Data Kontrak Perkuliahan\",\"title\":\"Pengajuan Rekap Kontrak Perkuliahan\",\"name\":\"Damar Eko Cahyono, S.T., S.Kom, M.M.\",\"matkul\":\"Proyek 1\",\"class\":\"TI 2A\"}','2025-03-17 03:09:38','2025-03-17 03:00:22','2025-03-17 03:09:38'),('1d54f331-dc18-462d-80a7-ec20d41f0272','App\\Notifications\\PengajuanKontrakNotification','App\\Models\\Direktur',1,'{\"notification_type\":\"kontrak\",\"message_content\":\"Segera Verifikasi Data Kontrak Perkuliahan\",\"title\":\"Pengajuan Rekap Kontrak Perkuliahan\",\"name\":\"Damar Eko Cahyono, S.T., S.Kom, M.M.\",\"matkul\":\"Proyek 1\",\"class\":\"TRPL 4A\"}',NULL,'2025-03-17 03:00:40','2025-03-17 03:00:40'),('1def15ed-c61a-4991-a421-42c8f1145892','App\\Notifications\\PengajuanKontrakNotification','App\\Models\\Direktur',1,'{\"notification_type\":\"kontrak\",\"message_content\":\"Segera Verifikasi Data Kontrak Perkuliahan\",\"title\":\"Pengajuan Rekap Kontrak Perkuliahan\",\"name\":\"Supriono, S.E., M.Si., AK., CFA\",\"matkul\":\"Auditing\",\"class\":\"AK 4A\"}',NULL,'2025-05-27 08:34:11','2025-05-27 08:34:11'),('1e06bd1e-b355-4376-a568-4bda4c049aa6','App\\Notifications\\PembayaranNotification','App\\Models\\Mahasiswa',106,'{\"notification_type\":\"pembayaran\",\"title\":\"Pembayaran Berhasil Diterima\",\"message_content\":\"Segera lakukan Pengajuan Krs\",\"pembayaran_id\":17,\"status\":\"1\",\"keterangan\":\"Sudah\"}','2025-03-18 12:15:08','2025-03-14 09:50:29','2025-03-18 12:15:08'),('1f57215b-1210-4c4c-8690-6c33432d6904','App\\Notifications\\KRSNotification','App\\Models\\Dosen',6,'{\"title\":\"Pengajuan KRS\",\"message_content\":\"Harap Periksa dan Segera Verifikasi KRS\",\"name\":\"RIYAN NUR HIDAYAT\",\"kelas\":\"TI 4A\",\"prodi\":\"Teknik Informatika\",\"notification_type\":\"krs\"}','2025-03-18 04:41:49','2025-03-17 16:17:38','2025-03-18 04:41:49'),('1f640321-3fdb-4cf0-937b-85558491cb39','App\\Notifications\\PengajuanKontrakNotification','App\\Models\\Direktur',1,'{\"notification_type\":\"kontrak\",\"message_content\":\"Segera Verifikasi Data Kontrak Perkuliahan\",\"title\":\"Pengajuan Rekap Kontrak Perkuliahan\",\"name\":\"Taufik Ismail. S.Kom.\",\"matkul\":\"Internet Of Things\",\"class\":\"TRPL 6A\"}',NULL,'2025-02-25 08:23:51','2025-02-25 08:23:51'),('1ff2451f-d814-4c08-87f3-edfdce516bd7','App\\Notifications\\PembayaranNotification','App\\Models\\Admin',1,'{\"notification_type\":\"pembayaran\",\"title\":\"Konfirmasi Pembayaran Diperlukan\",\"message_content\":\"Menunggu Konfirmasi\",\"name\":\"ANIS BULAN ARDIANSARI\",\"class\":\"AK 6A\",\"prodi\":\"Akuntansi\",\"pembayaran_id\":25,\"status\":0,\"keterangan\":null}','2025-03-14 11:44:33','2025-03-14 11:40:23','2025-03-14 11:44:33'),('2061aba8-ab87-48cd-9af9-ec700e9cdd8e','App\\Notifications\\PembayaranNotification','App\\Models\\Mahasiswa',161,'{\"notification_type\":\"pembayaran\",\"title\":\"Pembayaran Berhasil Diterima\",\"message_content\":\"Segera lakukan Pengajuan Krs\",\"pembayaran_id\":41,\"status\":\"1\",\"keterangan\":\"Sudah\"}','2025-03-24 13:26:07','2025-03-15 14:27:43','2025-03-24 13:26:07'),('20a8db14-cffb-4bd0-8f90-2bd089b92d46','App\\Notifications\\PembayaranNotification','App\\Models\\Admin',1,'{\"notification_type\":\"pembayaran\",\"title\":\"Konfirmasi Pembayaran Diperlukan\",\"message_content\":\"Menunggu Konfirmasi\",\"name\":\"IQBAL ARDIYONO\",\"class\":\"BD 5A\",\"prodi\":\"Bisnis Digital\",\"pembayaran_id\":75,\"status\":0,\"keterangan\":null}','2025-09-08 10:52:25','2025-09-08 09:59:45','2025-09-08 10:52:25'),('21e1d6cb-5ca0-4fe5-bcd7-1579af533fbf','App\\Notifications\\PembayaranNotification','App\\Models\\Admin',1,'{\"notification_type\":\"pembayaran\",\"title\":\"Konfirmasi Pembayaran Diperlukan\",\"message_content\":\"Menunggu Konfirmasi\",\"name\":\"FATIN KHOIRUNISA\",\"class\":\"AB 4A\",\"prodi\":\"Administrasi Bisnis\",\"pembayaran_id\":37,\"status\":0,\"keterangan\":null}','2025-03-15 14:28:38','2025-03-14 20:37:42','2025-03-15 14:28:38'),('2263ba45-b80c-4808-a9f9-9562bd5a8e84','App\\Notifications\\PembayaranNotification','App\\Models\\Mahasiswa',227,'{\"notification_type\":\"pembayaran\",\"title\":\"Pembayaran Berhasil Diterima\",\"message_content\":\"Segera lakukan Pengajuan Krs\",\"pembayaran_id\":84,\"status\":\"1\",\"keterangan\":\"Sudah\"}',NULL,'2025-09-10 09:39:50','2025-09-10 09:39:50'),('249990f0-95cb-4d7e-bb62-b611ccebe717','App\\Notifications\\PembayaranNotification','App\\Models\\Mahasiswa',22,'{\"notification_type\":\"pembayaran\",\"title\":\"Pembayaran Berhasil Diterima\",\"message_content\":\"Segera lakukan Pengajuan Krs\",\"pembayaran_id\":79,\"status\":\"1\",\"keterangan\":\"Sudah\"}',NULL,'2025-09-09 10:12:58','2025-09-09 10:12:58'),('2635f1f1-6d4b-45f9-82d2-763fe60b9010','App\\Notifications\\PengajuanKontrakNotification','App\\Models\\Direktur',1,'{\"notification_type\":\"kontrak\",\"message_content\":\"Segera Verifikasi Data Kontrak Perkuliahan\",\"title\":\"Pengajuan Rekap Kontrak Perkuliahan\",\"name\":\"Damar Eko Cahyono, S.T., S.Kom, M.M.\",\"matkul\":\"Proyek 1\",\"class\":\"TI 2A\"}',NULL,'2025-03-17 03:00:22','2025-03-17 03:00:22'),('26451d01-fcc6-4225-82ec-0d55b9643a32','App\\Notifications\\KRSNotification','App\\Models\\Dosen',6,'{\"title\":\"Pengajuan KRS\",\"message_content\":\"Harap Periksa dan Segera Verifikasi KRS\",\"name\":\"LIANA MAULIDYA\",\"kelas\":\"TI 4A\",\"prodi\":\"Teknik Informatika\",\"notification_type\":\"krs\"}','2025-03-14 12:40:47','2025-03-14 11:58:57','2025-03-14 12:40:47'),('26c076c0-8ba6-412c-9add-8dd9d7fdfb96','App\\Notifications\\KRSNotification','App\\Models\\Dosen',7,'{\"title\":\"Pengajuan KRS\",\"message_content\":\"Harap Periksa dan Segera Verifikasi KRS\",\"name\":\"MUHAMMAD AZKA\",\"kelas\":\"BD 2A\",\"prodi\":\"Bisnis Digital\",\"notification_type\":\"krs\"}','2025-03-18 11:16:27','2025-03-17 09:39:23','2025-03-18 11:16:27'),('26c8f0d0-994b-4ced-aa81-7ce12da1d300','App\\Notifications\\PembayaranNotification','App\\Models\\Mahasiswa',33,'{\"notification_type\":\"pembayaran\",\"title\":\"Pembayaran Berhasil Diterima\",\"message_content\":\"Segera lakukan Pengajuan Krs\",\"pembayaran_id\":36,\"status\":\"1\",\"keterangan\":\"Sudah\"}','2025-07-04 19:29:02','2025-03-15 14:28:21','2025-07-04 19:29:02'),('26d15745-5a52-43c3-b242-461f3f8fceb5','App\\Notifications\\PengajuanKontrakNotification','App\\Models\\Kaprodi',4,'{\"notification_type\":\"kontrak\",\"message_content\":\"Segera Verifikasi Data Kontrak Perkuliahan\",\"title\":\"Pengajuan Rekap Kontrak Perkuliahan\",\"name\":\"Danis Imam Bachtiar, S.E., M.M.\",\"matkul\":\"Penjualan\",\"class\":\"AB 2A\"}',NULL,'2025-03-19 11:38:58','2025-03-19 11:38:58'),('28bb2384-dd6c-49f0-8a1b-1d53635b111c','App\\Notifications\\KRSNotification','App\\Models\\Mahasiswa',144,'{\"title\":\"Pengajuan KRS\",\"message_content\":\"KRS Berhasil Diverifikasi\",\"name\":\"RIYAN NUR HIDAYAT\",\"kelas\":\"TI 4A\",\"prodi\":\"Teknik Informatika\",\"notification_type\":\"krs\"}',NULL,'2025-03-18 04:41:41','2025-03-18 04:41:41'),('29a16255-5be4-468e-a06a-f1f055295af4','App\\Notifications\\PengajuanKontrakNotification','App\\Models\\Direktur',1,'{\"notification_type\":\"kontrak\",\"message_content\":\"Segera Verifikasi Data Kontrak Perkuliahan\",\"title\":\"Pengajuan Rekap Kontrak Perkuliahan\",\"name\":\"Damar Eko Cahyono, S.T., S.Kom, M.M.\",\"matkul\":\"Proyek 2\",\"class\":\"TI 4A\"}',NULL,'2025-03-17 03:06:31','2025-03-17 03:06:31'),('2a155e9c-ef62-41b4-922f-9a43b20930f4','App\\Notifications\\PembayaranNotification','App\\Models\\Mahasiswa',104,'{\"notification_type\":\"pembayaran\",\"title\":\"Pembayaran Berhasil Diterima\",\"message_content\":\"Segera lakukan Pengajuan Krs\",\"pembayaran_id\":19,\"status\":\"1\",\"keterangan\":\"Sudah\"}','2025-03-18 12:15:48','2025-03-14 12:49:14','2025-03-18 12:15:48'),('2a1d984e-2576-4df7-b165-384049fe6e21','App\\Notifications\\KRSNotification','App\\Models\\Dosen',21,'{\"title\":\"Pengajuan KRS\",\"message_content\":\"Harap Periksa dan Segera Verifikasi KRS\",\"name\":\"MUHAMMAD \' IZZUDDIN NADHIF\",\"kelas\":\"AB 5A\",\"prodi\":\"Administrasi Bisnis\",\"notification_type\":\"krs\"}',NULL,'2025-09-09 14:03:28','2025-09-09 14:03:28'),('2ab4a5f8-346b-4ee8-b388-1c4b75431308','App\\Notifications\\KRSNotification','App\\Models\\Dosen',7,'{\"title\":\"Pengajuan KRS\",\"message_content\":\"Harap Periksa dan Segera Verifikasi KRS\",\"name\":\"AMELIA TRIE SYAHIDAH\",\"kelas\":\"BD 4A\",\"prodi\":\"Bisnis Digital\",\"notification_type\":\"krs\"}',NULL,'2025-03-25 01:01:36','2025-03-25 01:01:36'),('2bac1c8f-fab4-4e09-bc4d-87f54dd92d29','App\\Notifications\\PembayaranNotification','App\\Models\\Mahasiswa',94,'{\"notification_type\":\"pembayaran\",\"title\":\"Pembayaran Berhasil Diterima\",\"message_content\":\"Segera lakukan Pengajuan Krs\",\"pembayaran_id\":21,\"status\":\"1\",\"keterangan\":\"Sudah\"}',NULL,'2025-03-14 11:43:42','2025-03-14 11:43:42'),('2cf97027-c51c-4f62-9642-68e2ba2876da','App\\Notifications\\PembayaranNotification','App\\Models\\Mahasiswa',85,'{\"notification_type\":\"pembayaran\",\"title\":\"Pembayaran Berhasil Diterima\",\"message_content\":\"Segera lakukan Pengajuan Krs\",\"pembayaran_id\":25,\"status\":\"1\",\"keterangan\":\"Sudah\"}','2025-03-14 11:44:25','2025-03-14 11:42:26','2025-03-14 11:44:25'),('2d5e2497-bcdb-4ac1-9292-478cdfad5b71','App\\Notifications\\PembayaranNotification','App\\Models\\Admin',1,'{\"notification_type\":\"pembayaran\",\"title\":\"Konfirmasi Pembayaran Diperlukan\",\"message_content\":\"Menunggu Konfirmasi\",\"name\":\"WAHYU PRASETYO\",\"class\":\"TI 4B\",\"prodi\":\"Teknik Informatika\",\"pembayaran_id\":48,\"status\":0,\"keterangan\":null}','2025-03-17 13:46:26','2025-03-17 12:46:51','2025-03-17 13:46:26'),('2d751873-e1ed-43c8-acd9-d4ce9bcc09ae','App\\Notifications\\PembayaranNotification','App\\Models\\Mahasiswa',41,'{\"notification_type\":\"pembayaran\",\"title\":\"Pembayaran Berhasil Diterima\",\"message_content\":\"Segera lakukan Pengajuan Krs\",\"pembayaran_id\":78,\"status\":\"1\",\"keterangan\":\"Sudah\"}','2025-09-09 18:22:10','2025-09-09 10:14:08','2025-09-09 18:22:10'),('2dfbe7ad-1f6c-4017-9ab3-fc4b68a99165','App\\Notifications\\PembayaranNotification','App\\Models\\Mahasiswa',223,'{\"notification_type\":\"pembayaran\",\"title\":\"Pembayaran Berhasil Diterima\",\"message_content\":\"Segera lakukan Pengajuan Krs\",\"pembayaran_id\":29,\"status\":\"1\",\"keterangan\":\"Sudah\"}','2025-03-14 12:51:24','2025-03-14 12:48:50','2025-03-14 12:51:24'),('2e0eced7-1256-4ca0-8db9-b801cae5ba5f','App\\Notifications\\PembayaranNotification','App\\Models\\Admin',1,'{\"notification_type\":\"pembayaran\",\"title\":\"Konfirmasi Pembayaran Diperlukan\",\"message_content\":\"Menunggu Konfirmasi\",\"name\":\"DONI ALAMSYAH\",\"class\":\"TI 4B\",\"prodi\":\"Teknik Informatika\",\"pembayaran_id\":3,\"status\":0,\"keterangan\":null}','2025-03-12 14:43:12','2025-03-12 12:25:34','2025-03-12 14:43:12'),('2e9b6b75-d6fd-4c61-8f35-9c7c98320729','App\\Notifications\\PembayaranNotification','App\\Models\\Mahasiswa',99,'{\"notification_type\":\"pembayaran\",\"title\":\"Pembayaran Berhasil Diterima\",\"message_content\":\"Segera lakukan Pengajuan Krs\",\"pembayaran_id\":65,\"status\":\"1\",\"keterangan\":\"Sudah\"}',NULL,'2025-03-20 19:59:34','2025-03-20 19:59:34'),('30072fa0-5b5c-4556-ba86-ca3ebfb96fe3','App\\Notifications\\KRSNotification','App\\Models\\Admin',1,'{\"title\":\"Pengajuan KRS\",\"message_content\":\"KRS Berhasil Diverifikasi\",\"name\":\"RIMA CAHYANINGRUM\",\"kelas\":\"TI 4A\",\"prodi\":\"Teknik Informatika\",\"notification_type\":\"krs\"}','2025-03-14 14:50:39','2025-03-14 13:18:34','2025-03-14 14:50:39'),('309969f5-5ea0-4a85-ae84-e38d25c5b3d7','App\\Notifications\\KRSNotification','App\\Models\\Admin',1,'{\"title\":\"Pengajuan KRS\",\"message_content\":\"KRS Berhasil Diverifikasi\",\"name\":\"HERI PRASETYO\",\"kelas\":\"BD 2A\",\"prodi\":\"Bisnis Digital\",\"notification_type\":\"krs\"}','2025-03-18 12:13:27','2025-03-18 11:17:00','2025-03-18 12:13:27'),('30bd3ad1-89e6-438e-9511-6424874f35e4','App\\Notifications\\KRSNotification','App\\Models\\Mahasiswa',209,'{\"title\":\"Pengajuan KRS\",\"message_content\":\"KRS Berhasil Diverifikasi\",\"name\":\"FIRTIANI RASYID\",\"kelas\":\"BD 2A\",\"prodi\":\"Bisnis Digital\",\"notification_type\":\"krs\"}',NULL,'2025-03-18 11:17:59','2025-03-18 11:17:59'),('30cdd826-4953-4b47-a2cb-1b7a6e019aad','App\\Notifications\\PembayaranNotification','App\\Models\\Mahasiswa',102,'{\"notification_type\":\"pembayaran\",\"title\":\"Pembayaran Berhasil Diterima\",\"message_content\":\"Segera lakukan Pengajuan Krs\",\"pembayaran_id\":49,\"status\":\"1\",\"keterangan\":\"Sudah\"}',NULL,'2025-03-18 04:40:13','2025-03-18 04:40:13'),('318cc60f-bece-4f31-bc8c-487fab9c8069','App\\Notifications\\PengajuanKontrakNotification','App\\Models\\Dosen',6,'{\"notification_type\":\"kontrak\",\"message_content\":\"Verifikasi Data Kontrak Berhasil\",\"title\":\"Pengajuan Rekap Kontrak Perkuliahan \",\"name\":\"Damar Eko Cahyono, S.T., S.Kom, M.M.\",\"matkul\":\"Proyek 1\",\"class\":\"TI 2A\"}','2025-03-17 14:13:36','2025-03-17 14:11:59','2025-03-17 14:13:36'),('31ba5326-5301-4883-b664-f181d2e18187','App\\Notifications\\PembayaranNotification','App\\Models\\Admin',1,'{\"notification_type\":\"pembayaran\",\"title\":\"Konfirmasi Pembayaran Diperlukan\",\"message_content\":\"Menunggu Konfirmasi\",\"name\":\"FIRTIANI RASYID\",\"class\":\"BD 2A\",\"prodi\":\"Bisnis Digital\",\"pembayaran_id\":12,\"status\":0,\"keterangan\":null}','2025-03-13 12:45:54','2025-03-13 12:26:09','2025-03-13 12:45:54'),('32cfc8f4-d34b-4129-b91f-7fc8e75756c8','App\\Notifications\\PembayaranNotification','App\\Models\\Mahasiswa',197,'{\"notification_type\":\"pembayaran\",\"title\":\"Pembayaran Berhasil Diterima\",\"message_content\":\"Segera lakukan Pengajuan Krs\",\"pembayaran_id\":68,\"status\":\"1\",\"keterangan\":\"Sudah\"}',NULL,'2025-03-24 05:18:41','2025-03-24 05:18:41'),('32d65534-132e-447c-b823-6008f2c503df','App\\Notifications\\PembayaranNotification','App\\Models\\Admin',1,'{\"notification_type\":\"pembayaran\",\"title\":\"Konfirmasi Pembayaran Diperlukan\",\"message_content\":\"Menunggu Konfirmasi\",\"name\":\"NURUL HIDAYAH\",\"class\":\"BD 2A\",\"prodi\":\"Bisnis Digital\",\"pembayaran_id\":8,\"status\":0,\"keterangan\":null}','2025-03-13 12:45:54','2025-03-13 11:44:12','2025-03-13 12:45:54'),('333d9cbd-7bf2-4438-8cc9-9713068678a6','App\\Notifications\\KRSNotification','App\\Models\\Dosen',21,'{\"title\":\"Pengajuan KRS\",\"message_content\":\"Harap Periksa dan Segera Verifikasi KRS\",\"name\":\"SA\'DIYAH PUJI MULYANI\",\"kelas\":\"AB 6A\",\"prodi\":\"Administrasi Bisnis\",\"notification_type\":\"krs\"}',NULL,'2025-03-19 11:25:21','2025-03-19 11:25:21'),('3383a36d-7b26-4dc1-950a-29360ba679c9','App\\Notifications\\PembayaranNotification','App\\Models\\Admin',1,'{\"notification_type\":\"pembayaran\",\"title\":\"Konfirmasi Pembayaran Diperlukan\",\"message_content\":\"Menunggu Konfirmasi\",\"name\":\"KHOLID MASHURI\",\"class\":\"TI 2A\",\"prodi\":\"Teknik Informatika\",\"pembayaran_id\":19,\"status\":0,\"keterangan\":null}','2025-03-14 11:44:33','2025-03-14 11:03:34','2025-03-14 11:44:33'),('33f9ea3f-4ed7-4339-8673-18d4362158ca','App\\Notifications\\PembayaranNotification','App\\Models\\Mahasiswa',31,'{\"notification_type\":\"pembayaran\",\"title\":\"Pembayaran Berhasil Diterima\",\"message_content\":\"Segera lakukan Pengajuan Krs\",\"pembayaran_id\":46,\"status\":\"1\",\"keterangan\":\"Sudah\"}','2025-06-27 06:05:52','2025-03-17 08:27:11','2025-06-27 06:05:52'),('352d9340-731b-450c-ad5a-63b1112a48ea','App\\Notifications\\PembayaranNotification','App\\Models\\Mahasiswa',23,'{\"notification_type\":\"pembayaran\",\"title\":\"Pembayaran Berhasil Diterima\",\"message_content\":\"Segera lakukan Pengajuan Krs\",\"pembayaran_id\":28,\"status\":\"1\",\"keterangan\":\"Sudah\"}','2025-04-17 07:33:12','2025-03-14 12:48:56','2025-04-17 07:33:12'),('35e1b98d-1cb6-40b7-930a-780aa1980927','App\\Notifications\\PembayaranNotification','App\\Models\\Admin',1,'{\"notification_type\":\"pembayaran\",\"title\":\"Konfirmasi Pembayaran Diperlukan\",\"message_content\":\"Menunggu Konfirmasi\",\"name\":\"AMELIA TRIE SYAHIDAH\",\"class\":\"BD 4A\",\"prodi\":\"Bisnis Digital\",\"pembayaran_id\":68,\"status\":0,\"keterangan\":null}','2025-03-24 05:19:09','2025-03-22 00:01:06','2025-03-24 05:19:09'),('36d5b4de-e3fd-40a1-8ae1-40a5353fa527','App\\Notifications\\PembayaranNotification','App\\Models\\Admin',1,'{\"notification_type\":\"pembayaran\",\"title\":\"Konfirmasi Pembayaran Diperlukan\",\"message_content\":\"Menunggu Konfirmasi\",\"name\":\"OSCAR KRISNANDA\",\"class\":\"TI 6A\",\"prodi\":\"Teknik Informatika\",\"pembayaran_id\":52,\"status\":0,\"keterangan\":null}','2025-03-18 04:40:23','2025-03-17 19:54:35','2025-03-18 04:40:23'),('36e2c66b-c149-4102-9289-cc4b4eb18b6d','App\\Notifications\\KRSNotification','App\\Models\\Mahasiswa',141,'{\"title\":\"Pengajuan KRS\",\"message_content\":\"KRS Berhasil Diverifikasi\",\"name\":\"DHIMAS RAHMAT ARI YULIANTO\",\"kelas\":\"TI 5A\",\"prodi\":\"Teknik Informatika\",\"notification_type\":\"krs\"}',NULL,'2025-09-09 18:15:55','2025-09-09 18:15:55'),('37852c0f-eea9-4496-98d0-263f8fc4ea04','App\\Notifications\\PembayaranNotification','App\\Models\\Admin',1,'{\"notification_type\":\"pembayaran\",\"title\":\"Konfirmasi Pembayaran Diperlukan\",\"message_content\":\"Menunggu Konfirmasi\",\"name\":\"KAYIS BINTANG SAPUTRA\",\"class\":\"TI 2A\",\"prodi\":\"Teknik Informatika\",\"pembayaran_id\":54,\"status\":0,\"keterangan\":null}','2025-03-18 12:20:53','2025-03-18 12:16:16','2025-03-18 12:20:53'),('38139eb0-590c-4b4f-9777-94470a4d7cb7','App\\Notifications\\KRSNotification','App\\Models\\Admin',1,'{\"title\":\"Pengajuan KRS\",\"message_content\":\"KRS Berhasil Diverifikasi\",\"name\":\"AMELIA TRIE SYAHIDAH\",\"kelas\":\"BD 4A\",\"prodi\":\"Bisnis Digital\",\"notification_type\":\"krs\"}','2025-04-12 10:31:28','2025-04-10 16:27:59','2025-04-12 10:31:28'),('384178df-2755-4086-b4fc-60dba9313070','App\\Notifications\\PembayaranNotification','App\\Models\\Admin',1,'{\"notification_type\":\"pembayaran\",\"title\":\"Konfirmasi Pembayaran Diperlukan\",\"message_content\":\"Menunggu Konfirmasi\",\"name\":\"NICHOLAS SEBASTIAN\",\"class\":\"AB 3A\",\"prodi\":\"Administrasi Bisnis\",\"pembayaran_id\":79,\"status\":0,\"keterangan\":null}','2025-09-09 10:14:16','2025-09-08 18:29:00','2025-09-09 10:14:16'),('386a88c9-bdf0-45df-a7b3-a974a62c91ae','App\\Notifications\\KRSNotification','App\\Models\\Admin',1,'{\"title\":\"Pengajuan KRS\",\"message_content\":\"KRS Berhasil Diverifikasi\",\"name\":\"AHMAD NUR ROMADHON\",\"kelas\":\"TI 4A\",\"prodi\":\"Teknik Informatika\",\"notification_type\":\"krs\"}','2025-09-10 09:40:03','2025-09-09 18:15:50','2025-09-10 09:40:03'),('388d784e-a7cb-4e2c-985f-2df6f188226f','App\\Notifications\\KRSNotification','App\\Models\\Admin',1,'{\"title\":\"Pengajuan KRS\",\"message_content\":\"KRS Berhasil Diverifikasi\",\"name\":\"SITI LAILATUL MUNADIROH\",\"kelas\":\"BD 2A\",\"prodi\":\"Bisnis Digital\",\"notification_type\":\"krs\"}','2025-03-13 12:45:54','2025-03-13 11:51:15','2025-03-13 12:45:54'),('38a82788-95ed-4b85-9292-b37a93cd2921','App\\Notifications\\PengajuanKontrakNotification','App\\Models\\Direktur',1,'{\"notification_type\":\"kontrak\",\"message_content\":\"Segera Verifikasi Data Kontrak Perkuliahan\",\"title\":\"Pengajuan Rekap Kontrak Perkuliahan\",\"name\":\"Damar Eko Cahyono, S.T., S.Kom, M.M.\",\"matkul\":\"Proyek Akhir 1\",\"class\":\"TRPL 6A\"}',NULL,'2025-03-17 02:58:57','2025-03-17 02:58:57'),('3952fbee-5aa6-4b2d-810f-3e0e2ef17783','App\\Notifications\\PembayaranNotification','App\\Models\\Mahasiswa',225,'{\"notification_type\":\"pembayaran\",\"title\":\"Pembayaran Berhasil Diterima\",\"message_content\":\"Segera lakukan Pengajuan Krs\",\"pembayaran_id\":53,\"status\":\"1\",\"keterangan\":\"Sudah\"}',NULL,'2025-03-18 04:39:29','2025-03-18 04:39:29'),('396724fe-66ff-4d53-a9e1-477a78949279','App\\Notifications\\PembayaranNotification','App\\Models\\Mahasiswa',107,'{\"notification_type\":\"pembayaran\",\"title\":\"Pembayaran Berhasil Diterima\",\"message_content\":\"Segera lakukan Pengajuan Krs\",\"pembayaran_id\":55,\"status\":\"1\",\"keterangan\":\"Sudah\"}','2025-03-18 12:51:29','2025-03-18 12:22:42','2025-03-18 12:51:29'),('3968f387-3a5a-4d84-bb07-28b69ad4e3ce','App\\Notifications\\PembayaranNotification','App\\Models\\Admin',1,'{\"notification_type\":\"pembayaran\",\"title\":\"Konfirmasi Pembayaran Diperlukan\",\"message_content\":\"Menunggu Konfirmasi\",\"name\":\"MUHAMMAD FARHANSAILA\",\"class\":\"BD 4A\",\"prodi\":\"Bisnis Digital\",\"pembayaran_id\":64,\"status\":0,\"keterangan\":null}','2025-03-20 20:00:02','2025-03-20 16:02:26','2025-03-20 20:00:02'),('3c48c025-76a3-457a-8b2d-fd785fe6e3cf','App\\Notifications\\PembayaranNotification','App\\Models\\Admin',1,'{\"notification_type\":\"pembayaran\",\"title\":\"Konfirmasi Pembayaran Diperlukan\",\"message_content\":\"Menunggu Konfirmasi\",\"name\":\"ZEIN AFFAN AULIA\",\"class\":\"BD 4A\",\"prodi\":\"Bisnis Digital\",\"pembayaran_id\":43,\"status\":0,\"keterangan\":null}','2025-03-16 20:24:41','2025-03-16 13:49:03','2025-03-16 20:24:41'),('3ca04017-c34e-48b8-8d02-0c2eb8b5c3b9','App\\Notifications\\PembayaranNotification','App\\Models\\Mahasiswa',45,'{\"notification_type\":\"pembayaran\",\"title\":\"Pembayaran Berhasil Diterima\",\"message_content\":\"Segera lakukan Pengajuan Krs\",\"pembayaran_id\":70,\"status\":\"1\",\"keterangan\":\"Sudah\"}','2025-07-14 21:41:19','2025-03-28 06:22:51','2025-07-14 21:41:19'),('3ca9d53b-dbf3-47e2-a637-a8d3f77acd47','App\\Notifications\\PembayaranNotification','App\\Models\\Mahasiswa',157,'{\"notification_type\":\"pembayaran\",\"title\":\"Pembayaran Berhasil Diterima\",\"message_content\":\"Segera lakukan Pengajuan Krs\",\"pembayaran_id\":62,\"status\":\"1\",\"keterangan\":\"Sudah\"}','2025-07-16 09:29:05','2025-03-20 11:24:06','2025-07-16 09:29:05'),('3cfaee21-3f79-469f-8edb-89df7340fa15','App\\Notifications\\PembayaranNotification','App\\Models\\Admin',1,'{\"notification_type\":\"pembayaran\",\"title\":\"Konfirmasi Pembayaran Diperlukan\",\"message_content\":\"Menunggu Konfirmasi\",\"name\":\"LIANA MAULIDYA\",\"class\":\"TI 4A\",\"prodi\":\"Teknik Informatika\",\"pembayaran_id\":23,\"status\":0,\"keterangan\":null}','2025-03-14 11:44:33','2025-03-14 11:23:06','2025-03-14 11:44:33'),('3d205dfa-851b-4d45-9a5f-8c1e10269d29','App\\Notifications\\KRSNotification','App\\Models\\Mahasiswa',102,'{\"title\":\"Pengajuan KRS\",\"message_content\":\"KRS Berhasil Diverifikasi\",\"name\":\"ROMALAZ FEBRYAN RAHARJA\",\"kelas\":\"TI 2A\",\"prodi\":\"Teknik Informatika\",\"notification_type\":\"krs\"}',NULL,'2025-03-18 12:19:59','2025-03-18 12:19:59'),('3dc40116-a2f9-4e21-b161-20d94993f704','App\\Notifications\\PembayaranNotification','App\\Models\\Mahasiswa',117,'{\"notification_type\":\"pembayaran\",\"title\":\"Pembayaran Berhasil Diterima\",\"message_content\":\"Segera lakukan Pengajuan Krs\",\"pembayaran_id\":30,\"status\":\"1\",\"keterangan\":\"Sudah\"}',NULL,'2025-03-14 14:48:00','2025-03-14 14:48:00'),('3f0b850a-cdda-4ff9-bf12-341643cfcbd6','App\\Notifications\\PembayaranNotification','App\\Models\\Mahasiswa',152,'{\"notification_type\":\"pembayaran\",\"title\":\"Pembayaran Berhasil Diterima\",\"message_content\":\"Segera lakukan Pengajuan Krs\",\"pembayaran_id\":50,\"status\":\"1\",\"keterangan\":\"Sudah\"}','2025-03-20 23:17:10','2025-03-18 04:40:02','2025-03-20 23:17:10'),('3f5de2d2-8a73-446d-bc8e-bc3a4949cf07','App\\Notifications\\KRSNotification','App\\Models\\Mahasiswa',97,'{\"title\":\"Pengajuan KRS\",\"message_content\":\"KRS Berhasil Diverifikasi\",\"name\":\"ADINDA REVITA HAYYU\",\"kelas\":\"TI 2A\",\"prodi\":\"Teknik Informatika\",\"notification_type\":\"krs\"}',NULL,'2025-03-14 12:40:30','2025-03-14 12:40:30'),('3fa565fd-b5a1-4f33-9a65-619714330daa','App\\Notifications\\PembayaranNotification','App\\Models\\Mahasiswa',206,'{\"notification_type\":\"pembayaran\",\"title\":\"Pembayaran Berhasil Diterima\",\"message_content\":\"Segera lakukan Pengajuan Krs\",\"pembayaran_id\":2,\"status\":\"1\",\"keterangan\":\"Sudah\"}','2025-03-11 15:42:41','2025-03-10 20:45:13','2025-03-11 15:42:41'),('413482c7-4ca8-4304-bdfb-2bab1f170e3d','App\\Notifications\\KRSNotification','App\\Models\\Mahasiswa',100,'{\"title\":\"Pengajuan KRS\",\"message_content\":\"KRS Berhasil Diverifikasi\",\"name\":\"RIFQI INZAGHI MUKHTAR\",\"kelas\":\"TI 2A\",\"prodi\":\"Teknik Informatika\",\"notification_type\":\"krs\"}',NULL,'2025-03-18 12:15:36','2025-03-18 12:15:36'),('41e125ca-2eb7-46fd-a18a-7d58639fd23f','App\\Notifications\\PembayaranNotification','App\\Models\\Admin',1,'{\"notification_type\":\"pembayaran\",\"title\":\"Konfirmasi Pembayaran Diperlukan\",\"message_content\":\"Menunggu Konfirmasi\",\"name\":\"PASKALIS TRIGAMA ROSARIO\",\"class\":\"TI 2A\",\"prodi\":\"Teknik Informatika\",\"pembayaran_id\":15,\"status\":0,\"keterangan\":null}','2025-03-14 11:44:33','2025-03-13 20:01:26','2025-03-14 11:44:33'),('4442cdf5-097a-4f4b-8fb5-ba5286fd7ae4','App\\Notifications\\PembayaranNotification','App\\Models\\Mahasiswa',92,'{\"notification_type\":\"pembayaran\",\"title\":\"Pembayaran Berhasil Diterima\",\"message_content\":\"Segera lakukan Pengajuan Krs\",\"pembayaran_id\":34,\"status\":\"1\",\"keterangan\":\"Sudah\"}','2025-03-15 20:16:20','2025-03-14 19:51:41','2025-03-15 20:16:20'),('45047e09-fb0a-4b77-a54d-55cb2007ae57','App\\Notifications\\PembayaranNotification','App\\Models\\Mahasiswa',227,'{\"notification_type\":\"pembayaran\",\"title\":\"Pembayaran Berhasil Diterima\",\"message_content\":\"Segera lakukan Pengajuan Krs\",\"pembayaran_id\":4,\"status\":\"1\",\"keterangan\":\"Sudah\"}','2025-03-12 16:18:59','2025-03-12 14:44:09','2025-03-12 16:18:59'),('4514217b-f888-401b-a706-9d7be3cac16f','App\\Notifications\\PembayaranNotification','App\\Models\\Mahasiswa',87,'{\"notification_type\":\"pembayaran\",\"title\":\"Pembayaran Berhasil Diterima\",\"message_content\":\"Segera lakukan Pengajuan Krs\",\"pembayaran_id\":42,\"status\":\"1\",\"keterangan\":\"Sudah\"}','2025-03-17 09:49:16','2025-03-16 04:27:52','2025-03-17 09:49:16'),('459b9bdd-5a40-4bf6-8df9-137e21d63a15','App\\Notifications\\KRSNotification','App\\Models\\Admin',1,'{\"title\":\"Pengajuan KRS\",\"message_content\":\"KRS Berhasil Diverifikasi\",\"name\":\"RIFQI INZAGHI MUKHTAR\",\"kelas\":\"TI 2A\",\"prodi\":\"Teknik Informatika\",\"notification_type\":\"krs\"}','2025-03-18 12:20:53','2025-03-18 12:15:36','2025-03-18 12:20:53'),('4698cddb-4985-47ac-84b4-18f7954e3703','App\\Notifications\\PengajuanKontrakNotification','App\\Models\\Wadir',1,'{\"notification_type\":\"kontrak\",\"message_content\":\"Segera Verifikasi Data Kontrak Perkuliahan\",\"title\":\"Pengajuan Rekap Kontrak Perkuliahan\",\"name\":\"Damar Eko Cahyono, S.T., S.Kom, M.M.\",\"matkul\":\"Proyek 2\",\"class\":\"TI 4B\"}',NULL,'2025-03-17 03:05:47','2025-03-17 03:05:47'),('46ab3f83-1b40-47ee-af29-a481f258f68f','App\\Notifications\\PembayaranNotification','App\\Models\\Mahasiswa',60,'{\"notification_type\":\"pembayaran\",\"title\":\"Pembayaran Berhasil Diterima\",\"message_content\":\"Segera lakukan Pengajuan Krs\",\"pembayaran_id\":33,\"status\":\"1\",\"keterangan\":\"Sudah\"}',NULL,'2025-03-14 19:51:47','2025-03-14 19:51:47'),('47297704-bfc6-4ef5-a703-8869f80c83e4','App\\Notifications\\KRSNotification','App\\Models\\Admin',1,'{\"title\":\"Pengajuan KRS\",\"message_content\":\"KRS Berhasil Diverifikasi\",\"name\":\"NAJIB ASKIYA\",\"kelas\":\"TRPL 4A\",\"prodi\":\"Teknologi Rekayasa Perangkat Lunak\",\"notification_type\":\"krs\"}','2025-03-18 12:13:27','2025-03-18 11:29:42','2025-03-18 12:13:27'),('472d39ac-e34a-44d8-b497-1dc913689622','App\\Notifications\\PengajuanKontrakNotification','App\\Models\\Direktur',1,'{\"notification_type\":\"kontrak\",\"message_content\":\"Segera Verifikasi Data Kontrak Perkuliahan\",\"title\":\"Pengajuan Rekap Kontrak Perkuliahan\",\"name\":\"Danis Imam Bachtiar, S.E., M.M.\",\"matkul\":\"Penjualan\",\"class\":\"AB 2A\"}',NULL,'2025-03-19 11:38:58','2025-03-19 11:38:58'),('48419ac7-0b96-490f-bb5e-6c74b3063b96','App\\Notifications\\PengajuanKontrakNotification','App\\Models\\Wadir',1,'{\"notification_type\":\"kontrak\",\"message_content\":\"Segera Verifikasi Data Kontrak Perkuliahan\",\"title\":\"Pengajuan Rekap Kontrak Perkuliahan\",\"name\":\"Damar Eko Cahyono, S.T., S.Kom, M.M.\",\"matkul\":\"Proyek Akhir 1\",\"class\":\"TRPL 6A\"}',NULL,'2025-03-17 02:58:57','2025-03-17 02:58:57'),('486cd6c1-2570-4691-94d9-f0ea03e0bf2e','App\\Notifications\\PembayaranNotification','App\\Models\\Admin',1,'{\"notification_type\":\"pembayaran\",\"title\":\"Konfirmasi Pembayaran Diperlukan\",\"message_content\":\"Menunggu Konfirmasi\",\"name\":\"RAFI ARDIANSYA\",\"class\":\"TRPL 5A\",\"prodi\":\"Teknologi Rekayasa Perangkat Lunak\",\"pembayaran_id\":84,\"status\":0,\"keterangan\":null}','2025-09-10 09:39:40','2025-09-10 00:12:49','2025-09-10 09:39:40'),('48e846e2-6a4e-4377-935f-4781a9d05ebe','App\\Notifications\\KRSNotification','App\\Models\\Dosen',7,'{\"title\":\"Pengajuan KRS\",\"message_content\":\"Harap Periksa dan Segera Verifikasi KRS\",\"name\":\"SITI LAILATUL MUNADIROH\",\"kelas\":\"BD 2A\",\"prodi\":\"Bisnis Digital\",\"notification_type\":\"krs\"}','2025-03-18 11:37:17','2025-03-13 11:36:17','2025-03-18 11:37:17'),('48eec1a7-e8a0-4615-b32f-0602e42c5802','App\\Notifications\\KRSNotification','App\\Models\\Admin',1,'{\"title\":\"Pengajuan KRS\",\"message_content\":\"KRS Berhasil Diverifikasi\",\"name\":\"MARGITA PUTRI SHOLIHAH\",\"kelas\":\"TI 5B\",\"prodi\":\"Teknik Informatika\",\"notification_type\":\"krs\"}','2025-09-10 09:39:59','2025-09-09 18:16:01','2025-09-10 09:39:59'),('493871cd-7d6c-4637-8bd6-a983067fff97','App\\Notifications\\KRSNotification','App\\Models\\Admin',1,'{\"title\":\"Pengajuan KRS\",\"message_content\":\"KRS Berhasil Diverifikasi\",\"name\":\"MUHAMMAD FARUK NAWAWI\",\"kelas\":\"TI 2A\",\"prodi\":\"Teknik Informatika\",\"notification_type\":\"krs\"}','2025-03-07 13:56:36','2025-03-07 13:39:02','2025-03-07 13:56:36'),('49a0d239-7c91-40be-ac0d-f48734dedf3d','App\\Notifications\\PengajuanKontrakNotification','App\\Models\\Direktur',1,'{\"notification_type\":\"kontrak\",\"message_content\":\"Segera Verifikasi Data Kontrak Perkuliahan\",\"title\":\"Pengajuan Rekap Kontrak Perkuliahan\",\"name\":\"Supriono, S.E., M.Si., AK., CFA\",\"matkul\":\"Auditing\",\"class\":\"AK 4B\"}',NULL,'2025-03-12 15:43:08','2025-03-12 15:43:08'),('4e14e22d-bc66-405e-8fdb-d529a597b2b8','App\\Notifications\\PembayaranNotification','App\\Models\\Admin',1,'{\"notification_type\":\"pembayaran\",\"title\":\"Konfirmasi Pembayaran Diperlukan\",\"message_content\":\"Menunggu Konfirmasi\",\"name\":\"FARAH AMALIA PUTRI ZULDA\",\"class\":\"AB 6A\",\"prodi\":\"Administrasi Bisnis\",\"pembayaran_id\":30,\"status\":0,\"keterangan\":null}','2025-03-14 14:50:39','2025-03-14 13:34:38','2025-03-14 14:50:39'),('4effa152-0328-416c-a13b-3d2a8b9f7caf','App\\Notifications\\PengajuanKontrakNotification','App\\Models\\Kaprodi',2,'{\"notification_type\":\"kontrak\",\"message_content\":\"Segera Verifikasi Data Kontrak Perkuliahan\",\"title\":\"Pengajuan Rekap Kontrak Perkuliahan\",\"name\":\"Supriono, S.E., M.Si., AK., CFA\",\"matkul\":\"Auditing\",\"class\":\"AK 4B\"}','2025-03-13 11:40:22','2025-03-12 15:43:08','2025-03-13 11:40:22'),('4f51401c-62b6-4c7d-9798-247659b24a0a','App\\Notifications\\PembayaranNotification','App\\Models\\Admin',1,'{\"notification_type\":\"pembayaran\",\"title\":\"Konfirmasi Pembayaran Diperlukan\",\"message_content\":\"Menunggu Konfirmasi\",\"name\":\"NINDY SETYONINGRUM\",\"class\":\"AB 4A\",\"prodi\":\"Administrasi Bisnis\",\"pembayaran_id\":69,\"status\":0,\"keterangan\":null}','2025-03-30 06:13:24','2025-03-25 08:57:30','2025-03-30 06:13:24'),('4f58b318-9b4f-4fcd-9155-ddede4e3a853','App\\Notifications\\KRSNotification','App\\Models\\Admin',1,'{\"title\":\"Pengajuan KRS\",\"message_content\":\"KRS Berhasil Diverifikasi\",\"name\":\"FIRTIANI RASYID\",\"kelas\":\"BD 2A\",\"prodi\":\"Bisnis Digital\",\"notification_type\":\"krs\"}','2025-03-18 12:13:27','2025-03-18 11:17:59','2025-03-18 12:13:27'),('4fd19f41-e374-4205-b1f7-b2a3e33d7f6e','App\\Notifications\\PembayaranNotification','App\\Models\\Mahasiswa',40,'{\"notification_type\":\"pembayaran\",\"title\":\"Pembayaran Berhasil Diterima\",\"message_content\":\"Segera lakukan Pengajuan Krs\",\"pembayaran_id\":73,\"status\":\"1\",\"keterangan\":\"Sudah\"}',NULL,'2025-06-26 20:52:19','2025-06-26 20:52:19'),('504591ae-b3b5-459f-b7c0-5f6dc0163aee','App\\Notifications\\KRSNotification','App\\Models\\Mahasiswa',225,'{\"title\":\"Pengajuan KRS\",\"message_content\":\"KRS Berhasil Diverifikasi\",\"name\":\"NAJIB ASKIYA\",\"kelas\":\"TRPL 4A\",\"prodi\":\"Teknologi Rekayasa Perangkat Lunak\",\"notification_type\":\"krs\"}',NULL,'2025-03-18 11:29:42','2025-03-18 11:29:42'),('5301ce9d-9540-400f-98cf-c8c52c1c8493','App\\Notifications\\PengajuanKontrakNotification','App\\Models\\Kaprodi',6,'{\"notification_type\":\"kontrak\",\"message_content\":\"Segera Verifikasi Data Kontrak Perkuliahan\",\"title\":\"Pengajuan Rekap Kontrak Perkuliahan\",\"name\":\"Damar Eko Cahyono, S.T., S.Kom, M.M.\",\"matkul\":\"Proyek 1\",\"class\":\"TRPL 4A\"}','2025-03-17 03:10:43','2025-03-17 03:00:40','2025-03-17 03:10:43'),('53c652e3-e652-4c5a-b868-26809c6baf7b','App\\Notifications\\PembayaranNotification','App\\Models\\Admin',1,'{\"notification_type\":\"pembayaran\",\"title\":\"Konfirmasi Pembayaran Diperlukan\",\"message_content\":\"Menunggu Konfirmasi\",\"name\":\"HERI PRASETYO\",\"class\":\"BD 2A\",\"prodi\":\"Bisnis Digital\",\"pembayaran_id\":13,\"status\":0,\"keterangan\":null}','2025-03-13 13:41:19','2025-03-13 12:57:09','2025-03-13 13:41:19'),('54a79c1f-f9de-4f6c-9f72-423e1e34eb3f','App\\Notifications\\KRSNotification','App\\Models\\Dosen',6,'{\"title\":\"Pengajuan KRS\",\"message_content\":\"Harap Periksa dan Segera Verifikasi KRS\",\"name\":\"KHOLID MASHURI\",\"kelas\":\"TI 2A\",\"prodi\":\"Teknik Informatika\",\"notification_type\":\"krs\"}','2025-03-18 12:15:54','2025-03-18 12:14:52','2025-03-18 12:15:54'),('54dcdc67-974d-4b96-9161-c3d02d56c072','App\\Notifications\\PembayaranNotification','App\\Models\\Mahasiswa',212,'{\"notification_type\":\"pembayaran\",\"title\":\"Pembayaran Berhasil Diterima\",\"message_content\":\"Segera lakukan Pengajuan Krs\",\"pembayaran_id\":14,\"status\":\"1\",\"keterangan\":\"Sudah\"}','2025-03-17 09:38:43','2025-03-14 11:43:26','2025-03-17 09:38:43'),('565ab975-9b0f-4674-9bce-6e95a0519610','App\\Notifications\\PembayaranNotification','App\\Models\\Mahasiswa',156,'{\"notification_type\":\"pembayaran\",\"title\":\"Pembayaran Berhasil Diterima\",\"message_content\":\"Segera lakukan Pengajuan Krs\",\"pembayaran_id\":3,\"status\":\"1\",\"keterangan\":\"Sudah\"}','2025-03-12 16:28:40','2025-03-12 14:44:29','2025-03-12 16:28:40'),('56d14c03-9a53-4925-9c3e-d532c7d5ede7','App\\Notifications\\PembayaranNotification','App\\Models\\Mahasiswa',103,'{\"notification_type\":\"pembayaran\",\"title\":\"Pembayaran Berhasil Diterima\",\"message_content\":\"Segera lakukan Pengajuan Krs\",\"pembayaran_id\":58,\"status\":\"1\",\"keterangan\":\"Sudah\"}',NULL,'2025-03-18 14:20:01','2025-03-18 14:20:01'),('58209eb6-cf9e-4be9-97be-99a16debea3c','App\\Notifications\\PembayaranNotification','App\\Models\\Mahasiswa',48,'{\"notification_type\":\"pembayaran\",\"title\":\"Pembayaran Berhasil Diterima\",\"message_content\":\"Segera lakukan Pengajuan Krs\",\"pembayaran_id\":67,\"status\":\"1\",\"keterangan\":\"Sudah\"}','2025-04-22 18:57:09','2025-03-24 05:18:50','2025-04-22 18:57:09'),('586f7f54-7f54-4612-b1bc-b11d29c1d89f','App\\Notifications\\KRSNotification','App\\Models\\Dosen',6,'{\"title\":\"Pengajuan KRS\",\"message_content\":\"Harap Periksa dan Segera Verifikasi KRS\",\"name\":\"RAFI ARDIANSYA\",\"kelas\":\"TRPL 4A\",\"prodi\":\"Teknologi Rekayasa Perangkat Lunak\",\"notification_type\":\"krs\"}','2025-03-12 19:33:50','2025-03-12 16:19:58','2025-03-12 19:33:50'),('588a3dcb-2ae3-4d5c-a943-55430177251d','App\\Notifications\\KRSNotification','App\\Models\\Dosen',7,'{\"title\":\"Pengajuan KRS\",\"message_content\":\"Harap Periksa dan Segera Verifikasi KRS\",\"name\":\"NURUL HIDAYAH\",\"kelas\":\"BD 2A\",\"prodi\":\"Bisnis Digital\",\"notification_type\":\"krs\"}','2025-03-18 11:36:56','2025-03-14 15:16:09','2025-03-18 11:36:56'),('5a17c226-1d20-49a3-9923-2e45b0d1f6d1','App\\Notifications\\PembayaranNotification','App\\Models\\Mahasiswa',37,'{\"notification_type\":\"pembayaran\",\"title\":\"Pembayaran Berhasil Diterima\",\"message_content\":\"Segera lakukan Pengajuan Krs\",\"pembayaran_id\":59,\"status\":\"1\",\"keterangan\":\"Sudah\"}','2025-06-26 11:29:21','2025-03-19 12:35:34','2025-06-26 11:29:21'),('5f12442a-a81b-4a34-9539-2e47922289f2','App\\Notifications\\PembayaranNotification','App\\Models\\Admin',1,'{\"notification_type\":\"pembayaran\",\"title\":\"Konfirmasi Pembayaran Diperlukan\",\"message_content\":\"Menunggu Konfirmasi\",\"name\":\"MUHAMMAD \' IZZUDDIN NADHIF\",\"class\":\"AB 5A\",\"prodi\":\"Administrasi Bisnis\",\"pembayaran_id\":78,\"status\":0,\"keterangan\":null}','2025-09-09 10:14:19','2025-09-08 16:42:21','2025-09-09 10:14:19'),('604601cb-9099-42fb-b7c4-c939e27545f0','App\\Notifications\\PembayaranNotification','App\\Models\\Admin',1,'{\"notification_type\":\"pembayaran\",\"title\":\"Konfirmasi Pembayaran Diperlukan\",\"message_content\":\"Menunggu Konfirmasi\",\"name\":\"ROYA FIRMAN GANI\",\"class\":\"TI 2B\",\"prodi\":\"Teknik Informatika\",\"pembayaran_id\":72,\"status\":0,\"keterangan\":null}','2025-04-18 18:30:16','2025-04-15 17:47:26','2025-04-18 18:30:16'),('60fc6c79-a50c-47ea-91b0-4ffcaa1672a3','App\\Notifications\\PembayaranNotification','App\\Models\\Admin',1,'{\"notification_type\":\"pembayaran\",\"title\":\"Konfirmasi Pembayaran Diperlukan\",\"message_content\":\"Menunggu Konfirmasi\",\"name\":\"OKTAVIA RAMADHANI\",\"class\":\"AB 2A\",\"prodi\":\"Administrasi Bisnis\",\"pembayaran_id\":28,\"status\":0,\"keterangan\":null}','2025-03-14 12:49:29','2025-03-14 12:44:32','2025-03-14 12:49:29'),('616bd72e-584f-4b4e-b948-fdb57983e733','App\\Notifications\\KRSNotification','App\\Models\\Mahasiswa',155,'{\"title\":\"Pengajuan KRS\",\"message_content\":\"KRS Berhasil Diverifikasi\",\"name\":\"MARGITA PUTRI SHOLIHAH\",\"kelas\":\"TI 5B\",\"prodi\":\"Teknik Informatika\",\"notification_type\":\"krs\"}',NULL,'2025-09-09 18:16:01','2025-09-09 18:16:01'),('62659d2a-de41-42e8-9aea-115b33420595','App\\Notifications\\PembayaranNotification','App\\Models\\Admin',1,'{\"notification_type\":\"pembayaran\",\"title\":\"Konfirmasi Pembayaran Diperlukan\",\"message_content\":\"Menunggu Konfirmasi\",\"name\":\"ADINDA REVITA HAYYU\",\"class\":\"TI 2A\",\"prodi\":\"Teknik Informatika\",\"pembayaran_id\":26,\"status\":0,\"keterangan\":null}','2025-03-14 11:44:33','2025-03-14 11:41:36','2025-03-14 11:44:33'),('629c2bd1-3198-468b-976a-e6205821e949','App\\Notifications\\KRSNotification','App\\Models\\Dosen',21,'{\"title\":\"Pengajuan KRS\",\"message_content\":\"Harap Periksa dan Segera Verifikasi KRS\",\"name\":\"LUTHFIA FADHILA\",\"kelas\":\"AB 5B\",\"prodi\":\"Administrasi Bisnis\",\"notification_type\":\"krs\"}',NULL,'2025-09-09 12:29:38','2025-09-09 12:29:38'),('6465b119-253b-4991-9f76-f13b8f2f95fc','App\\Notifications\\PembayaranNotification','App\\Models\\Admin',1,'{\"notification_type\":\"pembayaran\",\"title\":\"Konfirmasi Pembayaran Diperlukan\",\"message_content\":\"Menunggu Konfirmasi\",\"name\":\"RIFQI INZAGHI MUKHTAR\",\"class\":\"TI 2A\",\"prodi\":\"Teknik Informatika\",\"pembayaran_id\":44,\"status\":0,\"keterangan\":null}','2025-03-16 20:24:41','2025-03-16 19:43:10','2025-03-16 20:24:41'),('66a1222b-455e-4282-b8f8-4086033c49ea','App\\Notifications\\PengajuanKontrakNotification','App\\Models\\Kaprodi',2,'{\"notification_type\":\"kontrak\",\"message_content\":\"Segera Verifikasi Data Kontrak Perkuliahan\",\"title\":\"Pengajuan Rekap Kontrak Perkuliahan\",\"name\":\"Supriono, S.E., M.Si., AK., CFA\",\"matkul\":\"Auditing\",\"class\":\"AK 4A\"}','2025-06-27 08:00:04','2025-05-27 08:34:11','2025-06-27 08:00:04'),('671709f6-c21c-454a-9aab-7480e3f78393','App\\Notifications\\PengajuanKontrakNotification','App\\Models\\Direktur',1,'{\"notification_type\":\"kontrak\",\"message_content\":\"Segera Verifikasi Data Kontrak Perkuliahan\",\"title\":\"Pengajuan Rekap Kontrak Perkuliahan\",\"name\":\"Damar Eko Cahyono, S.T., S.Kom, M.M.\",\"matkul\":\"Aplikasi Server\",\"class\":\"TI 2B\"}',NULL,'2025-03-13 12:58:00','2025-03-13 12:58:00'),('6a226ab5-ad00-474d-8156-d26b9eb73aac','App\\Notifications\\PembayaranNotification','App\\Models\\Mahasiswa',158,'{\"notification_type\":\"pembayaran\",\"title\":\"Pembayaran Berhasil Diterima\",\"message_content\":\"Segera lakukan Pengajuan Krs\",\"pembayaran_id\":48,\"status\":\"1\",\"keterangan\":\"Sudah\"}','2025-06-26 17:36:32','2025-03-17 13:21:13','2025-06-26 17:36:32'),('6a524891-8c99-4d21-9fee-9069325ef883','App\\Notifications\\KRSNotification','App\\Models\\Mahasiswa',227,'{\"title\":\"Pengajuan KRS\",\"message_content\":\"KRS Berhasil Diverifikasi\",\"name\":\"RAFI ARDIANSYA\",\"kelas\":\"TRPL 4A\",\"prodi\":\"Teknologi Rekayasa Perangkat Lunak\",\"notification_type\":\"krs\"}','2025-03-13 04:06:13','2025-03-12 19:33:40','2025-03-13 04:06:13'),('6b6b5531-1284-4d0c-9e13-99212b7033ca','App\\Notifications\\PembayaranNotification','App\\Models\\Admin',1,'{\"notification_type\":\"pembayaran\",\"title\":\"Konfirmasi Pembayaran Diperlukan\",\"message_content\":\"Menunggu Konfirmasi\",\"name\":\"RAVITA DEVI ANJELINA\",\"class\":\"AK 6A\",\"prodi\":\"Akuntansi\",\"pembayaran_id\":34,\"status\":0,\"keterangan\":null}','2025-03-14 19:51:55','2025-03-14 18:39:20','2025-03-14 19:51:55'),('6ba5c17e-1fca-46a6-a479-b6aeed60c08f','App\\Notifications\\PembayaranNotification','App\\Models\\Mahasiswa',29,'{\"notification_type\":\"pembayaran\",\"title\":\"Pembayaran Berhasil Diterima\",\"message_content\":\"Segera lakukan Pengajuan Krs\",\"pembayaran_id\":69,\"status\":\"1\",\"keterangan\":\"Sudah\"}',NULL,'2025-03-28 06:22:59','2025-03-28 06:22:59'),('6bc0bbe0-782f-41f4-90ab-c1d4541647bf','App\\Notifications\\KRSNotification','App\\Models\\Mahasiswa',206,'{\"title\":\"Pengajuan KRS\",\"message_content\":\"KRS Berhasil Diverifikasi\",\"name\":\"Sulaiman\",\"kelas\":\"TI 1A\",\"prodi\":\"Teknik Informatika\",\"notification_type\":\"krs\"}','2025-03-11 15:42:41','2025-03-10 20:53:16','2025-03-11 15:42:41'),('6c60f4d8-8f4a-4797-ae37-3dbd2abc586d','App\\Notifications\\KRSNotification','App\\Models\\Dosen',7,'{\"title\":\"Pengajuan KRS\",\"message_content\":\"Harap Periksa dan Segera Verifikasi KRS\",\"name\":\"LAULA MADANI\",\"kelas\":\"BD 2A\",\"prodi\":\"Bisnis Digital\",\"notification_type\":\"krs\"}','2025-03-18 11:37:26','2025-03-14 10:47:31','2025-03-18 11:37:26'),('6d4eba1e-2d26-4c44-b50f-2051975c89b1','App\\Notifications\\KRSNotification','App\\Models\\Admin',1,'{\"title\":\"Pengajuan KRS\",\"message_content\":\"KRS Berhasil Diverifikasi\",\"name\":\"VALYA MARSHELA\",\"kelas\":\"BD 4A\",\"prodi\":\"Bisnis Digital\",\"notification_type\":\"krs\"}','2025-04-12 10:31:28','2025-04-10 16:28:04','2025-04-12 10:31:28'),('6da3c9cb-52ce-462f-b13b-c1a3fe70ebb3','App\\Notifications\\KRSNotification','App\\Models\\Dosen',6,'{\"title\":\"Pengajuan KRS\",\"message_content\":\"Harap Periksa dan Segera Verifikasi KRS\",\"name\":\"RIMA CAHYANINGRUM\",\"kelas\":\"TI 4A\",\"prodi\":\"Teknik Informatika\",\"notification_type\":\"krs\"}','2025-03-14 13:18:38','2025-03-14 13:11:06','2025-03-14 13:18:38'),('6df261b5-d20b-4f33-8d3d-8fb252bd6802','App\\Notifications\\PengajuanKontrakNotification','App\\Models\\Kaprodi',3,'{\"notification_type\":\"kontrak\",\"message_content\":\"Segera Verifikasi Data Kontrak Perkuliahan\",\"title\":\"Pengajuan Rekap Kontrak Perkuliahan\",\"name\":\"Damar Eko Cahyono, S.T., S.Kom, M.M.\",\"matkul\":\"Proyek 2\",\"class\":\"TI 4A\"}','2025-03-17 03:09:38','2025-03-17 03:06:31','2025-03-17 03:09:38'),('6ea854a6-30b4-482d-9725-203cbdc86a3a','App\\Notifications\\PembayaranNotification','App\\Models\\Mahasiswa',95,'{\"notification_type\":\"pembayaran\",\"title\":\"Pembayaran Berhasil Diterima\",\"message_content\":\"Segera lakukan Pengajuan Krs\",\"pembayaran_id\":71,\"status\":\"1\",\"keterangan\":\"Sudah\"}','2025-07-19 13:21:52','2025-04-16 16:31:13','2025-07-19 13:21:52'),('6f80eb1a-02d6-4507-92cf-7230d5c9c8b9','App\\Notifications\\PembayaranNotification','App\\Models\\Admin',1,'{\"notification_type\":\"pembayaran\",\"title\":\"Konfirmasi Pembayaran Diperlukan\",\"message_content\":\"Menunggu Konfirmasi\",\"name\":\"ANISA PUJIASTUTI\",\"class\":\"AB 4A\",\"prodi\":\"Administrasi Bisnis\",\"pembayaran_id\":59,\"status\":0,\"keterangan\":null}','2025-03-19 12:35:47','2025-03-19 10:31:53','2025-03-19 12:35:47'),('6f8d0553-842a-4027-ad51-04c671f712e1','App\\Notifications\\KRSNotification','App\\Models\\Admin',1,'{\"title\":\"Pengajuan KRS\",\"message_content\":\"KRS Berhasil Diverifikasi\",\"name\":\"ROMALAZ FEBRYAN RAHARJA\",\"kelas\":\"TI 2A\",\"prodi\":\"Teknik Informatika\",\"notification_type\":\"krs\"}','2025-03-18 12:20:53','2025-03-18 12:19:59','2025-03-18 12:20:53'),('707295e9-0368-42e9-887b-3fe58944bd86','App\\Notifications\\PembayaranNotification','App\\Models\\Mahasiswa',27,'{\"notification_type\":\"pembayaran\",\"title\":\"Pembayaran Berhasil Diterima\",\"message_content\":\"Segera lakukan Pengajuan Krs\",\"pembayaran_id\":83,\"status\":\"1\",\"keterangan\":\"Sudah\"}',NULL,'2025-09-09 14:26:44','2025-09-09 14:26:44'),('723e1ba0-356f-4448-a669-36477c2fca13','App\\Notifications\\PengajuanKontrakNotification','App\\Models\\Kaprodi',3,'{\"notification_type\":\"kontrak\",\"message_content\":\"Segera Verifikasi Data Kontrak Perkuliahan\",\"title\":\"Pengajuan Rekap Kontrak Perkuliahan\",\"name\":\"Damar Eko Cahyono, S.T., S.Kom, M.M.\",\"matkul\":\"Proyek 1\",\"class\":\"TI 2B\"}','2025-03-17 03:09:38','2025-03-17 03:06:27','2025-03-17 03:09:38'),('72c4a679-ad04-4942-8e9c-c496c27dc0e7','App\\Notifications\\PembayaranNotification','App\\Models\\Admin',1,'{\"notification_type\":\"pembayaran\",\"title\":\"Konfirmasi Pembayaran Diperlukan\",\"message_content\":\"Menunggu Konfirmasi\",\"name\":\"INDRA PRASETIYA\",\"class\":\"TI 2A\",\"prodi\":\"Teknik Informatika\",\"pembayaran_id\":55,\"status\":0,\"keterangan\":null}','2025-03-18 12:22:54','2025-03-18 12:21:12','2025-03-18 12:22:54'),('74450547-91d9-4292-8a85-3ccec25a179f','App\\Notifications\\PembayaranNotification','App\\Models\\Admin',1,'{\"notification_type\":\"pembayaran\",\"title\":\"Konfirmasi Pembayaran Diperlukan\",\"message_content\":\"Menunggu Konfirmasi\",\"name\":\"SUHARTININGSIH\",\"class\":\"AB 3A\",\"prodi\":\"Administrasi Bisnis\",\"pembayaran_id\":83,\"status\":0,\"keterangan\":null}','2025-09-09 14:26:27','2025-09-09 13:56:24','2025-09-09 14:26:27'),('7463c633-58c2-44c9-b88d-d91a82f6ebab','App\\Notifications\\KRSNotification','App\\Models\\Admin',1,'{\"title\":\"Pengajuan KRS\",\"message_content\":\"KRS Berhasil Diverifikasi\",\"name\":\"MUHAMMAD AZKA\",\"kelas\":\"BD 2A\",\"prodi\":\"Bisnis Digital\",\"notification_type\":\"krs\"}','2025-03-18 12:13:27','2025-03-18 11:16:48','2025-03-18 12:13:27'),('761a580c-6b45-4ac4-8b0f-1aacb3a426a9','App\\Notifications\\PengajuanKontrakNotification','App\\Models\\Direktur',1,'{\"notification_type\":\"kontrak\",\"message_content\":\"Segera Verifikasi Data Kontrak Perkuliahan\",\"title\":\"Pengajuan Rekap Kontrak Perkuliahan\",\"name\":\"Danis Imam Bachtiar, S.E., M.M.\",\"matkul\":\"Manajemen SDM\",\"class\":\"AB 4B\"}',NULL,'2025-03-13 11:13:52','2025-03-13 11:13:52'),('76d77c39-9fc8-44f0-9a6b-827bb197c193','App\\Notifications\\KRSNotification','App\\Models\\Mahasiswa',220,'{\"title\":\"Pengajuan KRS\",\"message_content\":\"KRS Berhasil Diverifikasi\",\"name\":\"MARCELINA WAHYUNINGSIH\",\"kelas\":\"BD 2A\",\"prodi\":\"Bisnis Digital\",\"notification_type\":\"krs\"}',NULL,'2025-03-18 11:17:11','2025-03-18 11:17:11'),('7842b0eb-808a-464b-9bde-393c97fad6a8','App\\Notifications\\KRSNotification','App\\Models\\Dosen',20,'{\"title\":\"Pengajuan KRS\",\"message_content\":\"Harap Periksa dan Segera Verifikasi KRS\",\"name\":\"RAVITA DEVI ANJELINA\",\"kelas\":\"AK 6A\",\"prodi\":\"Akuntansi\",\"notification_type\":\"krs\"}',NULL,'2025-03-17 09:47:24','2025-03-17 09:47:24'),('78ba721c-df9a-40d8-92b4-de6ca9dfe144','App\\Notifications\\PembayaranNotification','App\\Models\\Mahasiswa',227,'{\"notification_type\":\"pembayaran\",\"title\":\"Pembayaran Berhasil Diterima\",\"message_content\":\"Segera lakukan Pengajuan Krs\",\"pembayaran_id\":5,\"status\":\"1\",\"keterangan\":\"Sudah\"}','2025-03-12 16:20:11','2025-03-12 14:44:02','2025-03-12 16:20:11'),('79b1f15e-34fb-4bae-881a-15cf4ad81016','App\\Notifications\\PembayaranNotification','App\\Models\\Admin',1,'{\"notification_type\":\"pembayaran\",\"title\":\"Konfirmasi Pembayaran Diperlukan\",\"message_content\":\"Menunggu Konfirmasi\",\"name\":\"INDRA PRASETIYA\",\"class\":\"TI 2A\",\"prodi\":\"Teknik Informatika\",\"pembayaran_id\":56,\"status\":0,\"keterangan\":null}','2025-03-18 12:22:54','2025-03-18 12:21:14','2025-03-18 12:22:54'),('7a4e01ea-ef01-46ab-b239-2acf7053de87','App\\Notifications\\PembayaranNotification','App\\Models\\Mahasiswa',208,'{\"notification_type\":\"pembayaran\",\"title\":\"Pembayaran Berhasil Diterima\",\"message_content\":\"Segera lakukan Pengajuan Krs\",\"pembayaran_id\":13,\"status\":\"1\",\"keterangan\":\"Sudah\"}',NULL,'2025-03-13 13:41:53','2025-03-13 13:41:53'),('7aa1c657-d8b2-4b9d-a7ed-4f03da9d8b17','App\\Notifications\\KRSNotification','App\\Models\\Dosen',6,'{\"title\":\"Pengajuan KRS\",\"message_content\":\"Harap Periksa dan Segera Verifikasi KRS\",\"name\":\"NIKEN AYU PRAMUDITA\",\"kelas\":\"TI 2A\",\"prodi\":\"Teknik Informatika\",\"notification_type\":\"krs\"}','2025-03-19 10:20:39','2025-03-18 21:43:15','2025-03-19 10:20:39'),('7be8d4d8-1359-44b4-acde-28eb13cf4503','App\\Notifications\\PengajuanKontrakNotification','App\\Models\\Kaprodi',3,'{\"notification_type\":\"kontrak\",\"message_content\":\"Segera Verifikasi Data Kontrak Perkuliahan\",\"title\":\"Pengajuan Rekap Kontrak Perkuliahan\",\"name\":\"Damar Eko Cahyono, S.T., S.Kom, M.M.\",\"matkul\":\"Proyek 2\",\"class\":\"TI 4B\"}','2025-03-17 03:09:38','2025-03-17 03:05:47','2025-03-17 03:09:38'),('7c35fc1c-59ec-4e63-9143-47a4cecb167b','App\\Notifications\\PembayaranNotification','App\\Models\\Mahasiswa',47,'{\"notification_type\":\"pembayaran\",\"title\":\"Pembayaran Berhasil Diterima\",\"message_content\":\"Segera lakukan Pengajuan Krs\",\"pembayaran_id\":80,\"status\":\"1\",\"keterangan\":\"Sudah\"}',NULL,'2025-09-09 10:12:33','2025-09-09 10:12:33'),('7e6facc8-fd15-4d9d-8331-089ca49c7b7c','App\\Notifications\\PembayaranNotification','App\\Models\\Admin',1,'{\"notification_type\":\"pembayaran\",\"title\":\"Konfirmasi Pembayaran Diperlukan\",\"message_content\":\"Menunggu Konfirmasi\",\"name\":\"SA\'DIYAH PUJI MULYANI\",\"class\":\"AB 6A\",\"prodi\":\"Administrasi Bisnis\",\"pembayaran_id\":32,\"status\":0,\"keterangan\":null}','2025-03-14 15:20:09','2025-03-14 15:09:44','2025-03-14 15:20:09'),('7ebf18e1-dd17-4dec-b7a4-a484c2f92022','App\\Notifications\\KRSNotification','App\\Models\\Dosen',21,'{\"title\":\"Pengajuan KRS\",\"message_content\":\"Harap Periksa dan Segera Verifikasi KRS\",\"name\":\"ANISA PUJIASTUTI\",\"kelas\":\"AB 4A\",\"prodi\":\"Administrasi Bisnis\",\"notification_type\":\"krs\"}',NULL,'2025-07-31 09:13:13','2025-07-31 09:13:13'),('806efd82-a21c-48b7-b929-6686a159d2dc','App\\Notifications\\PembayaranNotification','App\\Models\\Mahasiswa',219,'{\"notification_type\":\"pembayaran\",\"title\":\"Pembayaran Berhasil Diterima\",\"message_content\":\"Segera lakukan Pengajuan Krs\",\"pembayaran_id\":10,\"status\":\"1\",\"keterangan\":\"Sudah\"}',NULL,'2025-03-13 12:43:58','2025-03-13 12:43:58'),('812428d8-1f89-45d2-81b3-b6405bef9a1d','App\\Notifications\\KRSNotification','App\\Models\\Admin',1,'{\"title\":\"Pengajuan KRS\",\"message_content\":\"KRS Berhasil Diverifikasi\",\"name\":\"INDRA PRASETIYA\",\"kelas\":\"TI 2A\",\"prodi\":\"Teknik Informatika\",\"notification_type\":\"krs\"}','2025-03-19 10:20:11','2025-03-18 14:20:27','2025-03-19 10:20:11'),('816518f3-2578-45de-ab10-e16e69084f54','App\\Notifications\\PengajuanKontrakNotification','App\\Models\\Dosen',22,'{\"notification_type\":\"kontrak\",\"message_content\":\"Verifikasi Data Kontrak Berhasil\",\"title\":\"Pengajuan Rekap Kontrak Perkuliahan \",\"name\":\"Danis Imam Bachtiar, S.E., M.M.\",\"matkul\":\"Manajemen SDM\",\"class\":\"AB 4B\"}',NULL,'2025-07-01 11:04:48','2025-07-01 11:04:48'),('81d75f9d-ed01-4208-b535-c8dd8b7b720a','App\\Notifications\\PengajuanKontrakNotification','App\\Models\\Direktur',1,'{\"notification_type\":\"kontrak\",\"message_content\":\"Segera Verifikasi Data Kontrak Perkuliahan\",\"title\":\"Pengajuan Rekap Kontrak Perkuliahan\",\"name\":\"Danis Imam Bachtiar, S.E., M.M.\",\"matkul\":\"Manajemen SDM\",\"class\":\"AB 4A\"}',NULL,'2025-03-13 11:21:24','2025-03-13 11:21:24'),('828ee710-c445-4893-930e-0d9153afd102','App\\Notifications\\KRSNotification','App\\Models\\Admin',1,'{\"title\":\"Pengajuan KRS\",\"message_content\":\"KRS Berhasil Diverifikasi\",\"name\":\"DHIMAS RAHMAT ARI YULIANTO\",\"kelas\":\"TI 5A\",\"prodi\":\"Teknik Informatika\",\"notification_type\":\"krs\"}','2025-09-10 09:40:01','2025-09-09 18:15:55','2025-09-10 09:40:01'),('82fd4f17-fb85-4b47-aa0e-d7c3fe6c4903','App\\Notifications\\KRSNotification','App\\Models\\Admin',1,'{\"title\":\"Pengajuan KRS\",\"message_content\":\"KRS Berhasil Diverifikasi\",\"name\":\"DHIMAS RAHMAT ARI YULIANTO\",\"kelas\":\"TI 4A\",\"prodi\":\"Teknik Informatika\",\"notification_type\":\"krs\"}','2025-03-14 19:51:55','2025-03-14 15:22:55','2025-03-14 19:51:55'),('82fe6ebf-a280-4b17-9031-1c2c4d25e79c','App\\Notifications\\PembayaranNotification','App\\Models\\Mahasiswa',174,'{\"notification_type\":\"pembayaran\",\"title\":\"Pembayaran Berhasil Diterima\",\"message_content\":\"Segera lakukan Pengajuan Krs\",\"pembayaran_id\":31,\"status\":\"1\",\"keterangan\":\"Sudah\"}',NULL,'2025-03-14 15:21:14','2025-03-14 15:21:14'),('8396b1e0-bfe8-40b1-9e77-47854242f0f2','App\\Notifications\\PengajuanKontrakNotification','App\\Models\\Dosen',6,'{\"notification_type\":\"kontrak\",\"message_content\":\"Verifikasi Data Kontrak Berhasil\",\"title\":\"Pengajuan Rekap Kontrak Perkuliahan \",\"name\":\"Damar Eko Cahyono, S.T., S.Kom, M.M.\",\"matkul\":\"Proyek 1\",\"class\":\"TI 2B\"}','2025-03-17 13:50:16','2025-03-17 13:47:58','2025-03-17 13:50:16'),('83dfc177-909a-48ea-b04c-dde9efc4e14d','App\\Notifications\\PembayaranNotification','App\\Models\\Admin',1,'{\"notification_type\":\"pembayaran\",\"title\":\"Konfirmasi Pembayaran Diperlukan\",\"message_content\":\"Menunggu Konfirmasi\",\"name\":\"FAHIRA AURELLIA SASKIA PUTRI\",\"class\":\"TI 5A\",\"prodi\":\"Teknik Informatika\",\"pembayaran_id\":77,\"status\":0,\"keterangan\":null}','2025-09-08 16:34:32','2025-09-08 15:32:55','2025-09-08 16:34:32'),('8482528f-5197-4fe2-bf9d-58180754e9b6','App\\Notifications\\PembayaranNotification','App\\Models\\Admin',1,'{\"notification_type\":\"pembayaran\",\"title\":\"Konfirmasi Pembayaran Diperlukan\",\"message_content\":\"Menunggu Konfirmasi\",\"name\":\"RAHMA DANISA ULFA\",\"class\":\"AK 3A\",\"prodi\":\"Akuntansi\",\"pembayaran_id\":82,\"status\":0,\"keterangan\":null}','2025-09-09 11:42:23','2025-09-09 11:32:03','2025-09-09 11:42:23'),('85c498ee-ab62-4bf3-ac4e-658204c27073','App\\Notifications\\PembayaranNotification','App\\Models\\Mahasiswa',88,'{\"notification_type\":\"pembayaran\",\"title\":\"Pembayaran Berhasil Diterima\",\"message_content\":\"Segera lakukan Pengajuan Krs\",\"pembayaran_id\":60,\"status\":\"1\",\"keterangan\":\"Sudah\"}',NULL,'2025-03-19 12:35:26','2025-03-19 12:35:26'),('85e7880d-7c62-4386-acd5-ebb4379724d8','App\\Notifications\\PengajuanKontrakNotification','App\\Models\\Direktur',1,'{\"notification_type\":\"kontrak\",\"message_content\":\"Segera Verifikasi Data Kontrak Perkuliahan\",\"title\":\"Pengajuan Rekap Kontrak Perkuliahan\",\"name\":\"Desi Innanti Wicaya Ningrum, M.Pd.\",\"matkul\":\"Bahasa Inggris Bisnis I\",\"class\":\"BD 2A\"}',NULL,'2025-03-13 12:01:04','2025-03-13 12:01:04'),('86576b8d-b20b-4953-a249-654d9ab36498','App\\Notifications\\KRSNotification','App\\Models\\Dosen',6,'{\"title\":\"Pengajuan KRS\",\"message_content\":\"Harap Periksa dan Segera Verifikasi KRS\",\"name\":\"DHIMAS RAHMAT ARI YULIANTO\",\"kelas\":\"TI 5A\",\"prodi\":\"Teknik Informatika\",\"notification_type\":\"krs\"}','2025-09-09 18:40:29','2025-09-08 12:22:15','2025-09-09 18:40:29'),('8762ec34-536e-4550-b5a4-0665e3147397','App\\Notifications\\PembayaranNotification','App\\Models\\Admin',1,'{\"notification_type\":\"pembayaran\",\"title\":\"Konfirmasi Pembayaran Diperlukan\",\"message_content\":\"Menunggu Konfirmasi\",\"name\":\"ADHI SETIYO\",\"class\":\"TI 6A\",\"prodi\":\"Teknik Informatika\",\"pembayaran_id\":41,\"status\":0,\"keterangan\":null}','2025-03-15 14:28:38','2025-03-15 14:13:10','2025-03-15 14:28:38'),('881f816d-0a6a-4bcd-9a30-902cfd1b7cb1','App\\Notifications\\PembayaranNotification','App\\Models\\Mahasiswa',177,'{\"notification_type\":\"pembayaran\",\"title\":\"Pembayaran Berhasil Diterima\",\"message_content\":\"Segera lakukan Pengajuan Krs\",\"pembayaran_id\":52,\"status\":\"1\",\"keterangan\":\"Sudah\"}',NULL,'2025-03-18 04:39:53','2025-03-18 04:39:53'),('887ba8e5-2832-460e-be28-e491fe2b64c6','App\\Notifications\\KRSNotification','App\\Models\\Dosen',6,'{\"title\":\"Pengajuan KRS\",\"message_content\":\"Harap Periksa dan Segera Verifikasi KRS\",\"name\":\"DONI ALAMSYAH\",\"kelas\":\"TI 4B\",\"prodi\":\"Teknik Informatika\",\"notification_type\":\"krs\"}','2025-03-12 19:33:50','2025-03-12 16:29:23','2025-03-12 19:33:50'),('8a313182-3a93-41b9-8f18-d782221bcb56','App\\Notifications\\PembayaranNotification','App\\Models\\Mahasiswa',129,'{\"notification_type\":\"pembayaran\",\"title\":\"Pembayaran Berhasil Diterima\",\"message_content\":\"Segera lakukan Pengajuan Krs\",\"pembayaran_id\":32,\"status\":\"1\",\"keterangan\":\"Sudah\"}',NULL,'2025-03-14 15:20:35','2025-03-14 15:20:35'),('8aa4d413-e1d8-442e-ad25-358bbec1cbe9','App\\Notifications\\PembayaranNotification','App\\Models\\Admin',1,'{\"notification_type\":\"pembayaran\",\"title\":\"Konfirmasi Pembayaran Diperlukan\",\"message_content\":\"Menunggu Konfirmasi\",\"name\":\"ALYA SOFIAZZAHRA\",\"class\":\"AB 4A\",\"prodi\":\"Administrasi Bisnis\",\"pembayaran_id\":74,\"status\":0,\"keterangan\":null}','2025-06-26 19:24:45','2025-06-26 19:15:43','2025-06-26 19:24:45'),('8afae4e3-0897-48bd-a46f-8971dc57fa0f','App\\Notifications\\PembayaranNotification','App\\Models\\Admin',1,'{\"notification_type\":\"pembayaran\",\"title\":\"Konfirmasi Pembayaran Diperlukan\",\"message_content\":\"Menunggu Konfirmasi\",\"name\":\"VIRA KHUSNA\",\"class\":\"AK 6A\",\"prodi\":\"Akuntansi\",\"pembayaran_id\":40,\"status\":0,\"keterangan\":null}','2025-03-15 14:28:38','2025-03-15 13:51:41','2025-03-15 14:28:38'),('8b960afe-0de5-4cfc-944e-44e2bc70e9a2','App\\Notifications\\PembayaranNotification','App\\Models\\Admin',1,'{\"notification_type\":\"pembayaran\",\"title\":\"Konfirmasi Pembayaran Diperlukan\",\"message_content\":\"Menunggu Konfirmasi\",\"name\":\"SITI AULIA PUTRI\",\"class\":\"TI 2A\",\"prodi\":\"Teknik Informatika\",\"pembayaran_id\":65,\"status\":0,\"keterangan\":null}','2025-03-20 20:00:02','2025-03-20 17:50:47','2025-03-20 20:00:02'),('8c59e853-8561-43d8-a147-c7b05d1ddfde','App\\Notifications\\KRSNotification','App\\Models\\Admin',1,'{\"title\":\"Pengajuan KRS\",\"message_content\":\"KRS Berhasil Diverifikasi\",\"name\":\"NURUL HIDAYAH\",\"kelas\":\"BD 2A\",\"prodi\":\"Bisnis Digital\",\"notification_type\":\"krs\"}','2025-03-18 12:13:27','2025-03-18 11:17:31','2025-03-18 12:13:27'),('8cfcf4cb-70fa-45ae-aa4d-07fc20bb7b8b','App\\Notifications\\KRSNotification','App\\Models\\Dosen',7,'{\"title\":\"Pengajuan KRS\",\"message_content\":\"Harap Periksa dan Segera Verifikasi KRS\",\"name\":\"VALYA MARSHELA\",\"kelas\":\"BD 4A\",\"prodi\":\"Bisnis Digital\",\"notification_type\":\"krs\"}','2025-04-10 16:27:38','2025-03-27 11:53:36','2025-04-10 16:27:38'),('8d192f4a-fbcf-427e-949c-88718c6cf011','App\\Notifications\\PembayaranNotification','App\\Models\\Mahasiswa',155,'{\"notification_type\":\"pembayaran\",\"title\":\"Pembayaran Berhasil Diterima\",\"message_content\":\"Segera lakukan Pengajuan Krs\",\"pembayaran_id\":81,\"status\":\"1\",\"keterangan\":\"Sudah\"}','2025-09-09 15:33:07','2025-09-09 10:00:00','2025-09-09 15:33:07'),('8d678b8a-6a86-4ba2-a15a-b1eb144887d9','App\\Notifications\\KRSNotification','App\\Models\\Mahasiswa',138,'{\"title\":\"Pengajuan KRS\",\"message_content\":\"KRS Berhasil Diverifikasi\",\"name\":\"FAJAR BAYU TIMUR\",\"kelas\":\"TI 4A\",\"prodi\":\"Teknik Informatika\",\"notification_type\":\"krs\"}',NULL,'2025-03-18 04:41:30','2025-03-18 04:41:30'),('8d974107-dd12-43f6-b0e2-26ccdc81a5e2','App\\Notifications\\PembayaranNotification','App\\Models\\Admin',1,'{\"notification_type\":\"pembayaran\",\"title\":\"Konfirmasi Pembayaran Diperlukan\",\"message_content\":\"Menunggu Konfirmasi\",\"name\":\"FIRMAN SIGIT NUGROHO\",\"class\":\"AK 6A\",\"prodi\":\"Akuntansi\",\"pembayaran_id\":42,\"status\":0,\"keterangan\":null}','2025-03-16 04:27:59','2025-03-15 21:10:39','2025-03-16 04:27:59'),('8e1c0051-fe9c-4a02-b5b7-e15385216bb4','App\\Notifications\\PengajuanKontrakNotification','App\\Models\\Dosen',6,'{\"notification_type\":\"kontrak\",\"message_content\":\"Verifikasi Data Kontrak Berhasil\",\"title\":\"Pengajuan Rekap Kontrak Perkuliahan \",\"name\":\"Damar Eko Cahyono, S.T., S.Kom, M.M.\",\"matkul\":\"Aplikasi Server\",\"class\":\"TI 2A\"}','2025-03-17 14:13:36','2025-03-17 14:08:06','2025-03-17 14:13:36'),('8f378aed-cc22-4b6d-8df2-c058e91549c8','App\\Notifications\\KRSNotification','App\\Models\\Admin',1,'{\"title\":\"Pengajuan KRS\",\"message_content\":\"KRS Berhasil Diverifikasi\",\"name\":\"LIANA MAULIDYA\",\"kelas\":\"TI 4A\",\"prodi\":\"Teknik Informatika\",\"notification_type\":\"krs\"}','2025-03-14 12:49:29','2025-03-14 12:40:23','2025-03-14 12:49:29'),('8f58fcbd-4d30-4b89-9d1d-962885952216','App\\Notifications\\KRSNotification','App\\Models\\Dosen',6,'{\"title\":\"Pengajuan KRS\",\"message_content\":\"Harap Periksa dan Segera Verifikasi KRS\",\"name\":\"AHMAD NUR ROMADHON\",\"kelas\":\"TI 4A\",\"prodi\":\"Teknik Informatika\",\"notification_type\":\"krs\"}','2025-09-09 18:40:29','2025-06-18 08:14:16','2025-09-09 18:40:29'),('8ff5264f-b497-4e5b-9c1b-b0ce365bdfda','App\\Notifications\\KRSNotification','App\\Models\\Admin',1,'{\"title\":\"Pengajuan KRS\",\"message_content\":\"KRS Berhasil Diverifikasi\",\"name\":\"KHOLID MASHURI\",\"kelas\":\"TI 2A\",\"prodi\":\"Teknik Informatika\",\"notification_type\":\"krs\"}','2025-03-18 12:20:53','2025-03-18 12:15:42','2025-03-18 12:20:53'),('909dd437-53b4-4857-997f-f2658571fc34','App\\Notifications\\PengajuanKontrakNotification','App\\Models\\Kaprodi',6,'{\"notification_type\":\"kontrak\",\"message_content\":\"Segera Verifikasi Data Kontrak Perkuliahan\",\"title\":\"Pengajuan Rekap Kontrak Perkuliahan\",\"name\":\"Damar Eko Cahyono, S.T., S.Kom, M.M.\",\"matkul\":\"Proyek Akhir 1\",\"class\":\"TRPL 6A\"}','2025-03-17 03:10:43','2025-03-17 02:58:57','2025-03-17 03:10:43'),('9222b398-f969-486e-b7bc-fc23479826ed','App\\Notifications\\KRSNotification','App\\Models\\Dosen',6,'{\"title\":\"Pengajuan KRS\",\"message_content\":\"Harap Periksa dan Segera Verifikasi KRS\",\"name\":\"RIFQI INZAGHI MUKHTAR\",\"kelas\":\"TI 2A\",\"prodi\":\"Teknik Informatika\",\"notification_type\":\"krs\"}','2025-03-18 12:15:54','2025-03-18 12:15:21','2025-03-18 12:15:54'),('92ce02d9-ab3c-46dc-a622-cf2ee6b1ad58','App\\Notifications\\PembayaranNotification','App\\Models\\Admin',1,'{\"notification_type\":\"pembayaran\",\"title\":\"Konfirmasi Pembayaran Diperlukan\",\"message_content\":\"Menunggu Konfirmasi\",\"name\":\"MUHAMMAD AZKA\",\"class\":\"BD 2A\",\"prodi\":\"Bisnis Digital\",\"pembayaran_id\":14,\"status\":0,\"keterangan\":null}','2025-03-14 11:44:33','2025-03-13 19:56:02','2025-03-14 11:44:33'),('932552a1-3c54-45ea-92f2-5b45eba76d3f','App\\Notifications\\KRSNotification','App\\Models\\Admin',1,'{\"title\":\"Pengajuan KRS\",\"message_content\":\"KRS Berhasil Diverifikasi\",\"name\":\"RIZAL FATO FANI\",\"kelas\":\"TRPL 4A\",\"prodi\":\"Teknologi Rekayasa Perangkat Lunak\",\"notification_type\":\"krs\"}','2025-03-14 14:50:39','2025-03-14 12:54:13','2025-03-14 14:50:39'),('9432f75c-ef0e-48fa-9fa3-88d8f0348a52','App\\Notifications\\PengajuanKontrakNotification','App\\Models\\Kaprodi',5,'{\"notification_type\":\"kontrak\",\"message_content\":\"Segera Verifikasi Data Kontrak Perkuliahan\",\"title\":\"Pengajuan Rekap Kontrak Perkuliahan\",\"name\":\"Desi Innanti Wicaya Ningrum, M.Pd.\",\"matkul\":\"Bahasa Inggris Bisnis I\",\"class\":\"BD 2A\"}','2025-03-18 11:13:24','2025-03-13 12:01:04','2025-03-18 11:13:24'),('94515d3c-fa83-41dd-b421-d9813336b5ab','App\\Notifications\\PembayaranNotification','App\\Models\\Admin',1,'{\"notification_type\":\"pembayaran\",\"title\":\"Konfirmasi Pembayaran Diperlukan\",\"message_content\":\"Menunggu Konfirmasi\",\"name\":\"PEPI HERTATI\",\"class\":\"AK 6A\",\"prodi\":\"Akuntansi\",\"pembayaran_id\":60,\"status\":0,\"keterangan\":null}','2025-03-19 12:35:47','2025-03-19 11:29:49','2025-03-19 12:35:47'),('94eb6e8d-26fc-4000-a652-f77bbca8fccc','App\\Notifications\\PembayaranNotification','App\\Models\\Mahasiswa',98,'{\"notification_type\":\"pembayaran\",\"title\":\"Pembayaran Berhasil Diterima\",\"message_content\":\"Segera lakukan Pengajuan Krs\",\"pembayaran_id\":16,\"status\":\"1\",\"keterangan\":\"Sudah\"}',NULL,'2025-03-14 09:50:48','2025-03-14 09:50:48'),('9572dcc3-867a-450d-a81e-6e9653b8a1c3','App\\Notifications\\KRSNotification','App\\Models\\Mahasiswa',197,'{\"title\":\"Pengajuan KRS\",\"message_content\":\"KRS Berhasil Diverifikasi\",\"name\":\"AMELIA TRIE SYAHIDAH\",\"kelas\":\"BD 4A\",\"prodi\":\"Bisnis Digital\",\"notification_type\":\"krs\"}',NULL,'2025-04-10 16:27:59','2025-04-10 16:27:59'),('95a34702-d852-48d5-9439-39f9b828723e','App\\Notifications\\PengajuanKontrakNotification','App\\Models\\Direktur',1,'{\"notification_type\":\"kontrak\",\"message_content\":\"Segera Verifikasi Data Kontrak Perkuliahan\",\"title\":\"Pengajuan Rekap Kontrak Perkuliahan\",\"name\":\"Damar Eko Cahyono, S.T., S.Kom, M.M.\",\"matkul\":\"Proyek 2\",\"class\":\"TI 4B\"}',NULL,'2025-03-17 03:05:47','2025-03-17 03:05:47'),('96cbe98c-928f-42e1-83ad-9bc997c22c9c','App\\Notifications\\PembayaranNotification','App\\Models\\Admin',1,'{\"notification_type\":\"pembayaran\",\"title\":\"Konfirmasi Pembayaran Diperlukan\",\"message_content\":\"Menunggu Konfirmasi\",\"name\":\"ANAS ROFIK MAULANA\",\"class\":\"AB 4A\",\"prodi\":\"Administrasi Bisnis\",\"pembayaran_id\":46,\"status\":0,\"keterangan\":null}','2025-03-17 08:27:15','2025-03-17 08:14:50','2025-03-17 08:27:15'),('974ba3c3-ea8d-4ced-870a-84372a654561','App\\Notifications\\KRSNotification','App\\Models\\Mahasiswa',208,'{\"title\":\"Pengajuan KRS\",\"message_content\":\"KRS Berhasil Diverifikasi\",\"name\":\"HERI PRASETYO\",\"kelas\":\"BD 2A\",\"prodi\":\"Bisnis Digital\",\"notification_type\":\"krs\"}',NULL,'2025-03-18 11:17:00','2025-03-18 11:17:00'),('9765ab0f-6499-4eaf-ba45-397bde4418bf','App\\Notifications\\PembayaranNotification','App\\Models\\Mahasiswa',120,'{\"notification_type\":\"pembayaran\",\"title\":\"Pembayaran Berhasil Diterima\",\"message_content\":\"Segera lakukan Pengajuan Krs\",\"pembayaran_id\":39,\"status\":\"1\",\"keterangan\":\"Sudah\"}',NULL,'2025-03-15 14:27:56','2025-03-15 14:27:56'),('97667d1e-c38e-49a6-be76-d9778017b0a6','App\\Notifications\\PembayaranNotification','App\\Models\\Mahasiswa',108,'{\"notification_type\":\"pembayaran\",\"title\":\"Pembayaran Berhasil Diterima\",\"message_content\":\"Segera lakukan Pengajuan Krs\",\"pembayaran_id\":57,\"status\":\"1\",\"keterangan\":\"Sudah\"}',NULL,'2025-03-18 12:33:31','2025-03-18 12:33:31'),('9882edaf-1e90-46a1-b0b2-17a99b8223dd','App\\Notifications\\KRSNotification','App\\Models\\Dosen',7,'{\"title\":\"Pengajuan KRS\",\"message_content\":\"Harap Periksa dan Segera Verifikasi KRS\",\"name\":\"MARCELINA WAHYUNINGSIH\",\"kelas\":\"BD 2A\",\"prodi\":\"Bisnis Digital\",\"notification_type\":\"krs\"}','2025-03-18 11:37:21','2025-03-14 10:50:47','2025-03-18 11:37:21'),('99a24c18-1d15-41e5-bd17-9538e08b2712','App\\Notifications\\KRSNotification','App\\Models\\Mahasiswa',98,'{\"title\":\"Pengajuan KRS\",\"message_content\":\"KRS Berhasil Diverifikasi\",\"name\":\"PASKALIS TRIGAMA ROSARIO\",\"kelas\":\"TI 2A\",\"prodi\":\"Teknik Informatika\",\"notification_type\":\"krs\"}',NULL,'2025-03-18 12:15:48','2025-03-18 12:15:48'),('9a22c016-e200-4130-986c-6790faf4613c','App\\Notifications\\KRSNotification','App\\Models\\Mahasiswa',93,'{\"title\":\"Pengajuan KRS\",\"message_content\":\"KRS Berhasil Diverifikasi\",\"name\":\"MUHAMMAD FARUK NAWAWI\",\"kelas\":\"TI 2A\",\"prodi\":\"Teknik Informatika\",\"notification_type\":\"krs\"}','2025-05-21 08:53:54','2025-03-07 13:39:02','2025-05-21 08:53:54'),('9ab39f3b-ebb1-484f-8392-96ad67b61369','App\\Notifications\\KRSNotification','App\\Models\\Mahasiswa',141,'{\"title\":\"Pengajuan KRS\",\"message_content\":\"KRS Berhasil Diverifikasi\",\"name\":\"DHIMAS RAHMAT ARI YULIANTO\",\"kelas\":\"TI 4A\",\"prodi\":\"Teknik Informatika\",\"notification_type\":\"krs\"}','2025-03-14 20:57:57','2025-03-14 15:22:55','2025-03-14 20:57:57'),('9b02e7de-4ece-4bb4-9698-9f93d9641476','App\\Notifications\\PembayaranNotification','App\\Models\\Admin',1,'{\"notification_type\":\"pembayaran\",\"title\":\"Konfirmasi Pembayaran Diperlukan\",\"message_content\":\"Menunggu Konfirmasi\",\"name\":\"RAFI ARDIANSYA\",\"class\":\"TRPL 4A\",\"prodi\":\"Teknologi Rekayasa Perangkat Lunak\",\"pembayaran_id\":5,\"status\":0,\"keterangan\":null}','2025-03-12 14:43:06','2025-03-12 12:59:00','2025-03-12 14:43:06'),('9b534854-48a2-4939-9c93-e1f02a24c269','App\\Notifications\\PembayaranNotification','App\\Models\\Admin',1,'{\"notification_type\":\"pembayaran\",\"title\":\"Konfirmasi Pembayaran Diperlukan\",\"message_content\":\"Menunggu Konfirmasi\",\"name\":\"NIKEN AYU PRAMUDITA\",\"class\":\"TI 2A\",\"prodi\":\"Teknik Informatika\",\"pembayaran_id\":58,\"status\":0,\"keterangan\":null}','2025-03-18 14:20:05','2025-03-18 13:01:40','2025-03-18 14:20:05'),('9b735e5d-5730-4a7c-876d-79a5c93e1b86','App\\Notifications\\KRSNotification','App\\Models\\Mahasiswa',216,'{\"title\":\"Pengajuan KRS\",\"message_content\":\"KRS Berhasil Diverifikasi\",\"name\":\"LAULA MADANI\",\"kelas\":\"BD 2A\",\"prodi\":\"Bisnis Digital\",\"notification_type\":\"krs\"}',NULL,'2025-03-18 11:17:20','2025-03-18 11:17:20'),('9caa339b-b86c-4517-ab94-363c3c73c816','App\\Notifications\\PembayaranNotification','App\\Models\\Mahasiswa',138,'{\"notification_type\":\"pembayaran\",\"title\":\"Pembayaran Berhasil Diterima\",\"message_content\":\"Segera lakukan Pengajuan Krs\",\"pembayaran_id\":51,\"status\":\"1\",\"keterangan\":\"Sudah\"}',NULL,'2025-03-17 15:56:40','2025-03-17 15:56:40'),('9cbd358c-21b2-42f4-a097-7b6f6718375b','App\\Notifications\\KRSNotification','App\\Models\\Dosen',7,'{\"title\":\"Pengajuan KRS\",\"message_content\":\"Harap Periksa dan Segera Verifikasi KRS\",\"name\":\"FIRTIANI RASYID\",\"kelas\":\"BD 2A\",\"prodi\":\"Bisnis Digital\",\"notification_type\":\"krs\"}','2025-03-18 11:37:18','2025-03-13 16:01:57','2025-03-18 11:37:18'),('9f4be8fe-ef02-4d29-a4e6-047109e5b57c','App\\Notifications\\PembayaranNotification','App\\Models\\Mahasiswa',139,'{\"notification_type\":\"pembayaran\",\"title\":\"Pembayaran Berhasil Diterima\",\"message_content\":\"Segera lakukan Pengajuan Krs\",\"pembayaran_id\":27,\"status\":\"1\",\"keterangan\":\"Sudah\"}','2025-06-19 11:29:12','2025-03-14 12:49:02','2025-06-19 11:29:12'),('a072fb0c-c781-4781-8851-2541b5a4a8b2','App\\Notifications\\PengajuanKontrakNotification','App\\Models\\Direktur',1,'{\"notification_type\":\"kontrak\",\"message_content\":\"Segera Verifikasi Data Kontrak Perkuliahan\",\"title\":\"Pengajuan Rekap Kontrak Perkuliahan\",\"name\":\"Damar Eko Cahyono, S.T., S.Kom, M.M.\",\"matkul\":\"Aplikasi Server\",\"class\":\"TI 2A\"}',NULL,'2025-03-13 11:22:28','2025-03-13 11:22:28'),('a1093637-10f6-492e-a089-4a4dec3026a9','App\\Notifications\\PembayaranNotification','App\\Models\\Admin',1,'{\"notification_type\":\"pembayaran\",\"title\":\"Konfirmasi Pembayaran Diperlukan\",\"message_content\":\"Menunggu Konfirmasi\",\"name\":\"AHMAD NUR ROMADHON\",\"class\":\"TI 4A\",\"prodi\":\"Teknik Informatika\",\"pembayaran_id\":50,\"status\":0,\"keterangan\":null}','2025-03-17 15:57:00','2025-03-17 15:54:55','2025-03-17 15:57:00'),('a1e04d03-1a54-4593-99e4-8eaa52aa859c','App\\Notifications\\PembayaranNotification','App\\Models\\Admin',1,'{\"notification_type\":\"pembayaran\",\"title\":\"Konfirmasi Pembayaran Diperlukan\",\"message_content\":\"Menunggu Konfirmasi\",\"name\":\"KHOLID MASHURI\",\"class\":\"TI 2A\",\"prodi\":\"Teknik Informatika\",\"pembayaran_id\":18,\"status\":0,\"keterangan\":null}','2025-03-14 11:44:33','2025-03-14 11:03:32','2025-03-14 11:44:33'),('a2224abd-ee6b-4ea5-9977-569ffbe1aa60','App\\Notifications\\PengajuanKontrakNotification','App\\Models\\Kaprodi',2,'{\"notification_type\":\"kontrak\",\"message_content\":\"Segera Verifikasi Data Kontrak Perkuliahan\",\"title\":\"Pengajuan Rekap Kontrak Perkuliahan\",\"name\":\"Supriono, S.E., M.Si., AK., CFA\",\"matkul\":\"Akuntansi Keuangan Menengah II\",\"class\":\"AK 4A\"}','2025-03-13 11:40:25','2025-03-12 14:39:20','2025-03-13 11:40:25'),('a27198f8-bd08-4fdd-80eb-26bcd9936286','App\\Notifications\\KRSNotification','App\\Models\\Mahasiswa',104,'{\"title\":\"Pengajuan KRS\",\"message_content\":\"KRS Berhasil Diverifikasi\",\"name\":\"KHOLID MASHURI\",\"kelas\":\"TI 2A\",\"prodi\":\"Teknik Informatika\",\"notification_type\":\"krs\"}','2025-03-18 12:15:48','2025-03-18 12:15:42','2025-03-18 12:15:48'),('a359a116-0ddd-4a1f-8fda-31c367212dc2','App\\Notifications\\PengajuanKontrakNotification','App\\Models\\Wadir',1,'{\"notification_type\":\"kontrak\",\"message_content\":\"Segera Verifikasi Data Kontrak Perkuliahan\",\"title\":\"Pengajuan Rekap Kontrak Perkuliahan\",\"name\":\"Danis Imam Bachtiar, S.E., M.M.\",\"matkul\":\"Penjualan\",\"class\":\"AB 2A\"}',NULL,'2025-03-19 11:38:58','2025-03-19 11:38:58'),('a3bcbd45-deaa-4b20-9f7a-fd6ae881fef6','App\\Notifications\\PengajuanKontrakNotification','App\\Models\\Kaprodi',4,'{\"notification_type\":\"kontrak\",\"message_content\":\"Segera Verifikasi Data Kontrak Perkuliahan\",\"title\":\"Pengajuan Rekap Kontrak Perkuliahan\",\"name\":\"Danis Imam Bachtiar, S.E., M.M.\",\"matkul\":\"Manajemen SDM\",\"class\":\"AB 4A\"}',NULL,'2025-03-13 11:21:24','2025-03-13 11:21:24'),('a52b056e-8c87-49b7-96ee-0f325ee7d7d2','App\\Notifications\\KRSNotification','App\\Models\\Admin',1,'{\"title\":\"Pengajuan KRS\",\"message_content\":\"KRS Berhasil Diverifikasi\",\"name\":\"DONI ALAMSYAH\",\"kelas\":\"TI 4B\",\"prodi\":\"Teknik Informatika\",\"notification_type\":\"krs\"}','2025-03-13 08:44:31','2025-03-12 19:33:34','2025-03-13 08:44:31'),('a5add4a0-5e34-4e83-9b1e-9a681c994feb','App\\Notifications\\PembayaranNotification','App\\Models\\Mahasiswa',98,'{\"notification_type\":\"pembayaran\",\"title\":\"Pembayaran Berhasil Diterima\",\"message_content\":\"Segera lakukan Pengajuan Krs\",\"pembayaran_id\":15,\"status\":\"1\",\"keterangan\":\"Sudah\"}',NULL,'2025-03-14 09:51:12','2025-03-14 09:51:12'),('a73dcc54-8ae6-4798-8489-bc6b28f11860','App\\Notifications\\PembayaranNotification','App\\Models\\Admin',1,'{\"notification_type\":\"pembayaran\",\"title\":\"Konfirmasi Pembayaran Diperlukan\",\"message_content\":\"Menunggu Konfirmasi\",\"name\":\"UMI HASANAH\",\"class\":\"AB 4A\",\"prodi\":\"Administrasi Bisnis\",\"pembayaran_id\":36,\"status\":0,\"keterangan\":null}','2025-03-15 14:28:38','2025-03-14 20:25:08','2025-03-15 14:28:38'),('a975415c-f968-439e-bfe5-d917205cc5b7','App\\Notifications\\PembayaranNotification','App\\Models\\Mahasiswa',199,'{\"notification_type\":\"pembayaran\",\"title\":\"Pembayaran Berhasil Diterima\",\"message_content\":\"Segera lakukan Pengajuan Krs\",\"pembayaran_id\":63,\"status\":\"1\",\"keterangan\":\"Sudah\"}',NULL,'2025-03-20 19:59:55','2025-03-20 19:59:55'),('a9fa8064-00b1-4788-9748-ff6f5860e047','App\\Notifications\\KRSNotification','App\\Models\\Dosen',6,'{\"title\":\"Pengajuan KRS\",\"message_content\":\"Harap Periksa dan Segera Verifikasi KRS\",\"name\":\"FAJAR BAYU TIMUR\",\"kelas\":\"TI 4A\",\"prodi\":\"Teknik Informatika\",\"notification_type\":\"krs\"}','2025-03-18 04:41:49','2025-03-17 16:19:32','2025-03-18 04:41:49'),('ab371f27-913f-4952-8db1-edb8eca814a0','App\\Notifications\\PembayaranNotification','App\\Models\\Admin',1,'{\"notification_type\":\"pembayaran\",\"title\":\"Konfirmasi Pembayaran Diperlukan\",\"message_content\":\"Menunggu Konfirmasi\",\"name\":\"OKTAVIA RAMADHANI\",\"class\":\"AB 3A\",\"prodi\":\"Administrasi Bisnis\",\"pembayaran_id\":86,\"status\":0,\"keterangan\":null}',NULL,'2025-09-10 11:22:34','2025-09-10 11:22:34'),('ab840e5f-01b5-4857-ae83-27d59088119e','App\\Notifications\\PembayaranNotification','App\\Models\\Admin',1,'{\"notification_type\":\"pembayaran\",\"title\":\"Konfirmasi Pembayaran Diperlukan\",\"message_content\":\"Menunggu Konfirmasi\",\"name\":\"NUR CAHYANI\",\"class\":\"AB 6A\",\"prodi\":\"Administrasi Bisnis\",\"pembayaran_id\":39,\"status\":0,\"keterangan\":null}','2025-03-15 14:28:38','2025-03-15 08:39:58','2025-03-15 14:28:38'),('ac15fee9-db0f-4b3c-a44f-b4452a5beceb','App\\Notifications\\PengajuanKontrakNotification','App\\Models\\Direktur',1,'{\"notification_type\":\"kontrak\",\"message_content\":\"Segera Verifikasi Data Kontrak Perkuliahan\",\"title\":\"Pengajuan Rekap Kontrak Perkuliahan\",\"name\":\"Taufik Ismail. S.Kom.\",\"matkul\":\"Internet Of Things\",\"class\":\"TRPL 6A\"}',NULL,'2025-02-25 08:32:37','2025-02-25 08:32:37'),('aeb01fd0-b38b-4937-9798-cdb6cadef1d9','App\\Notifications\\PembayaranNotification','App\\Models\\Mahasiswa',141,'{\"notification_type\":\"pembayaran\",\"title\":\"Pembayaran Berhasil Diterima\",\"message_content\":\"Segera lakukan Pengajuan Krs\",\"pembayaran_id\":76,\"status\":\"1\",\"keterangan\":\"Sudah\"}','2025-09-08 12:22:07','2025-09-08 10:51:52','2025-09-08 12:22:07'),('b0ed988d-0f3c-450d-9edf-2e25a6c630b6','App\\Notifications\\PembayaranNotification','App\\Models\\Mahasiswa',63,'{\"notification_type\":\"pembayaran\",\"title\":\"Pembayaran Berhasil Diterima\",\"message_content\":\"Segera lakukan Pengajuan Krs\",\"pembayaran_id\":85,\"status\":\"1\",\"keterangan\":\"Sudah\"}','2025-09-10 10:37:11','2025-09-10 10:36:20','2025-09-10 10:37:11'),('b1109bae-a330-4ac1-ba94-d1891b9a4e1c','App\\Notifications\\KRSNotification','App\\Models\\Mahasiswa',139,'{\"title\":\"Pengajuan KRS\",\"message_content\":\"KRS Berhasil Diverifikasi\",\"name\":\"RIMA CAHYANINGRUM\",\"kelas\":\"TI 4A\",\"prodi\":\"Teknik Informatika\",\"notification_type\":\"krs\"}','2025-06-19 11:29:10','2025-03-14 13:18:34','2025-06-19 11:29:10'),('b398d911-79c5-4399-999c-1ea453d5c437','App\\Notifications\\PembayaranNotification','App\\Models\\Mahasiswa',204,'{\"notification_type\":\"pembayaran\",\"title\":\"Pembayaran Berhasil Diterima\",\"message_content\":\"Segera lakukan Pengajuan Krs\",\"pembayaran_id\":64,\"status\":\"1\",\"keterangan\":\"Sudah\"}',NULL,'2025-03-20 19:59:43','2025-03-20 19:59:43'),('b4be70be-8b04-4958-b409-bff35a7c713e','App\\Notifications\\PembayaranNotification','App\\Models\\Admin',1,'{\"notification_type\":\"pembayaran\",\"title\":\"Konfirmasi Pembayaran Diperlukan\",\"message_content\":\"Menunggu Konfirmasi\",\"name\":\"MARGITA PUTRI SHOLIHAH\",\"class\":\"TI 5B\",\"prodi\":\"Teknik Informatika\",\"pembayaran_id\":81,\"status\":0,\"keterangan\":null}','2025-09-09 10:14:13','2025-09-08 19:10:57','2025-09-09 10:14:13'),('b4ce92a1-d35e-412d-b0ac-676c1363b23d','App\\Notifications\\KRSNotification','App\\Models\\Mahasiswa',107,'{\"title\":\"Pengajuan KRS\",\"message_content\":\"KRS Berhasil Diverifikasi\",\"name\":\"INDRA PRASETIYA\",\"kelas\":\"TI 2A\",\"prodi\":\"Teknik Informatika\",\"notification_type\":\"krs\"}','2025-03-18 19:11:35','2025-03-18 14:20:27','2025-03-18 19:11:35'),('b5271f85-f3a5-47e9-bf5f-c32733f82a6e','App\\Notifications\\KRSNotification','App\\Models\\Admin',1,'{\"title\":\"Pengajuan KRS\",\"message_content\":\"KRS Berhasil Diverifikasi\",\"name\":\"RAFI ARDIANSYA\",\"kelas\":\"TRPL 4A\",\"prodi\":\"Teknologi Rekayasa Perangkat Lunak\",\"notification_type\":\"krs\"}','2025-03-13 08:44:31','2025-03-12 19:33:40','2025-03-13 08:44:31'),('b72aec6b-8ec0-4c44-a2b3-641f48ca2f8b','App\\Notifications\\KRSNotification','App\\Models\\Dosen',6,'{\"title\":\"Pengajuan KRS\",\"message_content\":\"Harap Periksa dan Segera Verifikasi KRS\",\"name\":\"MUHAMMAD FARUK NAWAWI\",\"kelas\":\"TI 2A\",\"prodi\":\"Teknik Informatika\",\"notification_type\":\"krs\"}','2025-03-07 13:39:19','2025-03-07 13:38:20','2025-03-07 13:39:19'),('b7b25ea8-2f8a-48fc-9b53-56e6e1958893','App\\Notifications\\PembayaranNotification','App\\Models\\Mahasiswa',48,'{\"notification_type\":\"pembayaran\",\"title\":\"Pembayaran Berhasil Diterima\",\"message_content\":\"Segera lakukan Pengajuan Krs\",\"pembayaran_id\":66,\"status\":\"1\",\"keterangan\":\"Sudah\"}','2025-04-22 18:57:13','2025-03-24 05:19:05','2025-04-22 18:57:13'),('b8d352c6-9285-4ada-8814-8fc41c21ff74','App\\Notifications\\PembayaranNotification','App\\Models\\Admin',1,'{\"notification_type\":\"pembayaran\",\"title\":\"Konfirmasi Pembayaran Diperlukan\",\"message_content\":\"Menunggu Konfirmasi\",\"name\":\"LUTHFIA FADHILA\",\"class\":\"AB 4B\",\"prodi\":\"Administrasi Bisnis\",\"pembayaran_id\":20,\"status\":0,\"keterangan\":null}','2025-03-14 11:44:33','2025-03-14 11:05:17','2025-03-14 11:44:33'),('b9143921-c29b-4567-aa49-45194729823f','App\\Notifications\\KRSNotification','App\\Models\\Admin',1,'{\"title\":\"Pengajuan KRS\",\"message_content\":\"KRS Berhasil Diverifikasi\",\"name\":\"MARCELINA WAHYUNINGSIH\",\"kelas\":\"BD 2A\",\"prodi\":\"Bisnis Digital\",\"notification_type\":\"krs\"}','2025-03-18 12:13:27','2025-03-18 11:17:11','2025-03-18 12:13:27'),('bac205bd-a3e7-4a1b-8f1b-718e7656ca8f','App\\Notifications\\PembayaranNotification','App\\Models\\Admin',1,'{\"notification_type\":\"pembayaran\",\"title\":\"Konfirmasi Pembayaran Diperlukan\",\"message_content\":\"Menunggu Konfirmasi\",\"name\":\"NURUL KHAMIDAH\",\"class\":\"TI 2A\",\"prodi\":\"Teknik Informatika\",\"pembayaran_id\":57,\"status\":0,\"keterangan\":null}','2025-03-18 12:33:36','2025-03-18 12:24:22','2025-03-18 12:33:36'),('bbd92e15-4557-4e35-861c-91c4bbe7c611','App\\Notifications\\KRSNotification','App\\Models\\Admin',1,'{\"title\":\"Pengajuan KRS\",\"message_content\":\"KRS Berhasil Diverifikasi\",\"name\":\"RIYAN NUR HIDAYAT\",\"kelas\":\"TI 4A\",\"prodi\":\"Teknik Informatika\",\"notification_type\":\"krs\"}','2025-03-18 06:46:11','2025-03-18 04:41:41','2025-03-18 06:46:11'),('bc653566-b4e3-4b13-9056-4f34f8c21e8c','App\\Notifications\\PembayaranNotification','App\\Models\\Mahasiswa',216,'{\"notification_type\":\"pembayaran\",\"title\":\"Pembayaran Berhasil Diterima\",\"message_content\":\"Segera lakukan Pengajuan Krs\",\"pembayaran_id\":7,\"status\":\"1\",\"keterangan\":\"Sudah\"}',NULL,'2025-03-13 12:45:25','2025-03-13 12:45:25'),('bc76b907-df66-4a57-afa7-99c5222c67fa','App\\Notifications\\PengajuanKontrakNotification','App\\Models\\Dosen',6,'{\"notification_type\":\"kontrak\",\"message_content\":\"Verifikasi Data Kontrak Berhasil\",\"title\":\"Pengajuan Rekap Kontrak Perkuliahan \",\"name\":\"Damar Eko Cahyono, S.T., S.Kom, M.M.\",\"matkul\":\"Proyek 2\",\"class\":\"TI 4B\"}','2025-03-17 14:13:36','2025-03-17 14:11:24','2025-03-17 14:13:36'),('bf729359-7fcb-4d38-aaea-5969c1b168c7','App\\Notifications\\KRSNotification','App\\Models\\Dosen',7,'{\"title\":\"Pengajuan KRS\",\"message_content\":\"Harap Periksa dan Segera Verifikasi KRS\",\"name\":\"HERI PRASETYO\",\"kelas\":\"BD 2A\",\"prodi\":\"Bisnis Digital\",\"notification_type\":\"krs\"}','2025-03-18 11:37:31','2025-03-13 17:47:53','2025-03-18 11:37:31'),('bf8e3485-3c55-47f4-a2ed-18a4dfa66917','App\\Notifications\\PembayaranNotification','App\\Models\\Admin',1,'{\"notification_type\":\"pembayaran\",\"title\":\"Konfirmasi Pembayaran Diperlukan\",\"message_content\":\"Menunggu Konfirmasi\",\"name\":\"LUDYANA WAHYU KARTIKA WARNI\",\"class\":\"AK 4B\",\"prodi\":\"Akuntansi\",\"pembayaran_id\":24,\"status\":0,\"keterangan\":null}','2025-03-14 11:44:33','2025-03-14 11:24:33','2025-03-14 11:44:33'),('bfe8b1b4-d8ae-457f-93c1-388a654ce2c9','App\\Notifications\\KRSNotification','App\\Models\\Dosen',6,'{\"title\":\"Pengajuan KRS\",\"message_content\":\"Harap Periksa dan Segera Verifikasi KRS\",\"name\":\"INDRA PRASETIYA\",\"kelas\":\"TI 2A\",\"prodi\":\"Teknik Informatika\",\"notification_type\":\"krs\"}','2025-03-18 14:20:32','2025-03-18 12:52:26','2025-03-18 14:20:32'),('c024827b-d5a7-42bb-af39-028c733fa1cb','App\\Notifications\\PengajuanKontrakNotification','App\\Models\\Dosen',6,'{\"notification_type\":\"kontrak\",\"message_content\":\"Verifikasi Data Kontrak Berhasil\",\"title\":\"Pengajuan Rekap Kontrak Perkuliahan \",\"name\":\"Damar Eko Cahyono, S.T., S.Kom, M.M.\",\"matkul\":\"Proyek Akhir 1\",\"class\":\"TRPL 6A\"}','2025-03-17 14:13:36','2025-03-17 14:07:30','2025-03-17 14:13:36'),('c026e703-c727-4e77-8f52-98655c3d2bd9','App\\Notifications\\PembayaranNotification','App\\Models\\Admin',1,'{\"notification_type\":\"pembayaran\",\"title\":\"Konfirmasi Pembayaran Diperlukan\",\"message_content\":\"Menunggu Konfirmasi\",\"name\":\"DHIMAS RAHMAT ARI YULIANTO\",\"class\":\"TI 4A\",\"prodi\":\"Teknik Informatika\",\"pembayaran_id\":22,\"status\":0,\"keterangan\":null}','2025-03-14 11:44:33','2025-03-14 11:13:28','2025-03-14 11:44:33'),('c1338472-ceb5-4c1a-89a6-96c415daa924','App\\Notifications\\KRSNotification','App\\Models\\Admin',1,'{\"title\":\"Pengajuan KRS\",\"message_content\":\"KRS Berhasil Diverifikasi\",\"name\":\"LAULA MADANI\",\"kelas\":\"BD 2A\",\"prodi\":\"Bisnis Digital\",\"notification_type\":\"krs\"}','2025-03-18 12:13:27','2025-03-18 11:17:20','2025-03-18 12:13:27'),('c158cf7f-7cd5-42c5-bf7c-727aba3be2aa','App\\Notifications\\PembayaranNotification','App\\Models\\Admin',1,'{\"notification_type\":\"pembayaran\",\"title\":\"Konfirmasi Pembayaran Diperlukan\",\"message_content\":\"Menunggu Konfirmasi\",\"name\":\"FAISAL AMIN\",\"class\":\"TI 2A\",\"prodi\":\"Teknik Informatika\",\"pembayaran_id\":17,\"status\":0,\"keterangan\":null}','2025-03-14 11:44:33','2025-03-13 20:19:09','2025-03-14 11:44:33'),('c42a60cb-6880-4d5b-8ad3-d964c6345e51','App\\Notifications\\PengajuanKontrakNotification','App\\Models\\Wadir',1,'{\"notification_type\":\"kontrak\",\"message_content\":\"Segera Verifikasi Data Kontrak Perkuliahan\",\"title\":\"Pengajuan Rekap Kontrak Perkuliahan\",\"name\":\"Supriono, S.E., M.Si., AK., CFA\",\"matkul\":\"Auditing\",\"class\":\"AK 4A\"}',NULL,'2025-05-27 08:34:11','2025-05-27 08:34:11'),('c495ff60-48a1-4742-862c-77f2673a04da','App\\Notifications\\KRSNotification','App\\Models\\Dosen',21,'{\"title\":\"Pengajuan KRS\",\"message_content\":\"Harap Periksa dan Segera Verifikasi KRS\",\"name\":\"NUR CAHYANI\",\"kelas\":\"AB 6A\",\"prodi\":\"Administrasi Bisnis\",\"notification_type\":\"krs\"}',NULL,'2025-03-19 11:27:03','2025-03-19 11:27:03'),('c4e8b7ce-18bf-4072-a8e3-6ecaf67ed072','App\\Notifications\\PembayaranNotification','App\\Models\\Admin',1,'{\"notification_type\":\"pembayaran\",\"title\":\"Konfirmasi Pembayaran Diperlukan\",\"message_content\":\"Menunggu Konfirmasi\",\"name\":\"RIZAL FATO FANI\",\"class\":\"TRPL 4A\",\"prodi\":\"Teknologi Rekayasa Perangkat Lunak\",\"pembayaran_id\":29,\"status\":0,\"keterangan\":null}','2025-03-14 12:49:29','2025-03-14 12:47:34','2025-03-14 12:49:29'),('c659f93b-1cd5-4b22-a629-5324eea46199','App\\Notifications\\KRSNotification','App\\Models\\Dosen',21,'{\"title\":\"Pengajuan KRS\",\"message_content\":\"Harap Periksa dan Segera Verifikasi KRS\",\"name\":\"RIZQI RAHMAWATI\",\"kelas\":\"AB 4B\",\"prodi\":\"Administrasi Bisnis\",\"notification_type\":\"krs\"}',NULL,'2025-06-27 19:17:09','2025-06-27 19:17:09'),('c72a2553-a33b-43ff-a7fb-b743c063f1ef','App\\Notifications\\PembayaranNotification','App\\Models\\Admin',1,'{\"notification_type\":\"pembayaran\",\"title\":\"Konfirmasi Pembayaran Diperlukan\",\"message_content\":\"Menunggu Konfirmasi\",\"name\":\"BELLA RATNASARI\",\"class\":\"AB 4A\",\"prodi\":\"Administrasi Bisnis\",\"pembayaran_id\":73,\"status\":0,\"keterangan\":null}','2025-06-26 20:51:59','2025-06-26 19:10:06','2025-06-26 20:51:59'),('c7a3dda8-7a14-4d0d-8768-72e7450d974e','App\\Notifications\\PembayaranNotification','App\\Models\\Mahasiswa',30,'{\"notification_type\":\"pembayaran\",\"title\":\"Pembayaran Berhasil Diterima\",\"message_content\":\"Segera lakukan Pengajuan Krs\",\"pembayaran_id\":74,\"status\":\"1\",\"keterangan\":\"Sudah\"}',NULL,'2025-06-26 20:52:09','2025-06-26 20:52:09'),('c854b4c4-1c0e-475d-aa41-1026c47ac763','App\\Notifications\\KRSNotification','App\\Models\\Dosen',6,'{\"title\":\"Pengajuan KRS\",\"message_content\":\"Harap Periksa dan Segera Verifikasi KRS\",\"name\":\"Sulaiman\",\"kelas\":\"TI 1A\",\"prodi\":\"Teknik Informatika\",\"notification_type\":\"krs\"}','2025-03-10 21:15:44','2025-03-10 20:49:10','2025-03-10 21:15:44'),('c98a677f-e19f-4a58-a655-4cbc3d1022df','App\\Notifications\\KRSNotification','App\\Models\\Dosen',6,'{\"title\":\"Pengajuan KRS\",\"message_content\":\"Harap Periksa dan Segera Verifikasi KRS\",\"name\":\"MARGITA PUTRI SHOLIHAH\",\"kelas\":\"TI 5B\",\"prodi\":\"Teknik Informatika\",\"notification_type\":\"krs\"}','2025-09-09 18:40:29','2025-09-09 15:33:58','2025-09-09 18:40:29'),('c9d72cde-1f58-4ba8-bbaa-136d2c7e830b','App\\Notifications\\PembayaranNotification','App\\Models\\Admin',1,'{\"notification_type\":\"pembayaran\",\"title\":\"Konfirmasi Pembayaran Diperlukan\",\"message_content\":\"Menunggu Konfirmasi\",\"name\":\"LAULA MADANI\",\"class\":\"BD 2A\",\"prodi\":\"Bisnis Digital\",\"pembayaran_id\":7,\"status\":0,\"keterangan\":null}','2025-03-13 12:45:54','2025-03-13 11:39:44','2025-03-13 12:45:54'),('cadb6588-fdf5-4e17-ad73-6c25888c7d5c','App\\Notifications\\KRSNotification','App\\Models\\Dosen',7,'{\"title\":\"Pengajuan KRS\",\"message_content\":\"Harap Periksa dan Segera Verifikasi KRS\",\"name\":\"MAULIDHA NUR BAITI\",\"kelas\":\"BD 2A\",\"prodi\":\"Bisnis Digital\",\"notification_type\":\"krs\"}','2025-03-18 11:37:01','2025-03-14 10:49:06','2025-03-18 11:37:01'),('cb46c0f8-27fc-49ab-8020-66d5da28e7fc','App\\Notifications\\PembayaranNotification','App\\Models\\Mahasiswa',104,'{\"notification_type\":\"pembayaran\",\"title\":\"Pembayaran Berhasil Diterima\",\"message_content\":\"Segera lakukan Pengajuan Krs\",\"pembayaran_id\":18,\"status\":\"1\",\"keterangan\":\"Sudah\"}','2025-03-18 12:15:48','2025-03-14 12:49:24','2025-03-18 12:15:48'),('cbac7b1f-1af0-4a03-8eaa-03f86812decf','App\\Notifications\\PengajuanKontrakNotification','App\\Models\\Wadir',1,'{\"notification_type\":\"kontrak\",\"message_content\":\"Segera Verifikasi Data Kontrak Perkuliahan\",\"title\":\"Pengajuan Rekap Kontrak Perkuliahan\",\"name\":\"Desi Innanti Wicaya Ningrum, M.Pd.\",\"matkul\":\"Bahasa Inggris Bisnis I\",\"class\":\"BD 2A\"}',NULL,'2025-03-13 12:01:04','2025-03-13 12:01:04'),('cccfe31e-7a71-4bbd-9894-8348c4fd4fa2','App\\Notifications\\PengajuanKontrakNotification','App\\Models\\Direktur',1,'{\"notification_type\":\"kontrak\",\"message_content\":\"Segera Verifikasi Data Kontrak Perkuliahan\",\"title\":\"Pengajuan Rekap Kontrak Perkuliahan\",\"name\":\"Damar Eko Cahyono, S.T., S.Kom, M.M.\",\"matkul\":\"Jaringan Komputer 2\",\"class\":\"TRPL 4A\"}',NULL,'2025-03-13 12:59:09','2025-03-13 12:59:09'),('cd1d534b-2701-4832-877c-de3d03e5b733','App\\Notifications\\PembayaranNotification','App\\Models\\Mahasiswa',58,'{\"notification_type\":\"pembayaran\",\"title\":\"Pembayaran Berhasil Diterima\",\"message_content\":\"Segera lakukan Pengajuan Krs\",\"pembayaran_id\":45,\"status\":\"1\",\"keterangan\":\"Sudah\"}',NULL,'2025-03-17 03:37:18','2025-03-17 03:37:18'),('cd4010e4-3523-48aa-8264-a5e9157e222d','App\\Notifications\\PembayaranNotification','App\\Models\\Mahasiswa',144,'{\"notification_type\":\"pembayaran\",\"title\":\"Pembayaran Berhasil Diterima\",\"message_content\":\"Segera lakukan Pengajuan Krs\",\"pembayaran_id\":47,\"status\":\"1\",\"keterangan\":\"Sudah\"}','2025-03-17 16:18:38','2025-03-17 13:21:19','2025-03-17 16:18:38'),('cfa37505-b965-4270-87b9-25f6b07ec1cd','App\\Notifications\\PembayaranNotification','App\\Models\\Mahasiswa',210,'{\"notification_type\":\"pembayaran\",\"title\":\"Pembayaran Berhasil Diterima\",\"message_content\":\"Segera lakukan Pengajuan Krs\",\"pembayaran_id\":11,\"status\":\"1\",\"keterangan\":\"Sudah\"}',NULL,'2025-03-13 12:43:38','2025-03-13 12:43:38'),('d0b12fb3-7feb-4e7f-8bbf-175f3d46ffbd','App\\Notifications\\PembayaranNotification','App\\Models\\Mahasiswa',215,'{\"notification_type\":\"pembayaran\",\"title\":\"Pembayaran Berhasil Diterima\",\"message_content\":\"Segera lakukan Pengajuan Krs\",\"pembayaran_id\":8,\"status\":\"1\",\"keterangan\":\"Sudah\"}',NULL,'2025-03-13 12:45:14','2025-03-13 12:45:14'),('d1090c5e-3172-4d68-be21-c0544d29c644','App\\Notifications\\PengajuanKontrakNotification','App\\Models\\Wadir',1,'{\"notification_type\":\"kontrak\",\"message_content\":\"Segera Verifikasi Data Kontrak Perkuliahan\",\"title\":\"Pengajuan Rekap Kontrak Perkuliahan\",\"name\":\"Damar Eko Cahyono, S.T., S.Kom, M.M.\",\"matkul\":\"Proyek 1\",\"class\":\"TI 2B\"}',NULL,'2025-03-17 03:06:27','2025-03-17 03:06:27'),('d16683dc-3fdc-4f5f-ade6-6a9841264088','App\\Notifications\\KRSNotification','App\\Models\\Mahasiswa',212,'{\"title\":\"Pengajuan KRS\",\"message_content\":\"KRS Berhasil Diverifikasi\",\"name\":\"MUHAMMAD AZKA\",\"kelas\":\"BD 2A\",\"prodi\":\"Bisnis Digital\",\"notification_type\":\"krs\"}','2025-03-20 16:12:40','2025-03-18 11:16:48','2025-03-20 16:12:40'),('d193d62f-b8f6-4d79-b250-034318ec159f','App\\Notifications\\PengajuanKontrakNotification','App\\Models\\Dosen',6,'{\"notification_type\":\"kontrak\",\"message_content\":\"Verifikasi Data Kontrak Berhasil\",\"title\":\"Pengajuan Rekap Kontrak Perkuliahan \",\"name\":\"Damar Eko Cahyono, S.T., S.Kom, M.M.\",\"matkul\":\"Proyek 1\",\"class\":\"TRPL 4A\"}','2025-03-17 14:13:36','2025-03-17 14:05:58','2025-03-17 14:13:36'),('d22975a5-e861-42f5-8da1-b4aa59d9e343','App\\Notifications\\KRSNotification','App\\Models\\Admin',1,'{\"title\":\"Pengajuan KRS\",\"message_content\":\"KRS Berhasil Diverifikasi\",\"name\":\"PASKALIS TRIGAMA ROSARIO\",\"kelas\":\"TI 2A\",\"prodi\":\"Teknik Informatika\",\"notification_type\":\"krs\"}','2025-03-18 12:20:53','2025-03-18 12:15:48','2025-03-18 12:20:53'),('d2b710eb-21e9-4b73-a480-8ac97d4c12c9','App\\Notifications\\KRSNotification','App\\Models\\Mahasiswa',103,'{\"title\":\"Pengajuan KRS\",\"message_content\":\"KRS Berhasil Diverifikasi\",\"name\":\"NIKEN AYU PRAMUDITA\",\"kelas\":\"TI 2A\",\"prodi\":\"Teknik Informatika\",\"notification_type\":\"krs\"}',NULL,'2025-03-19 10:20:35','2025-03-19 10:20:35'),('d2fb7314-50d2-4686-877d-253344344dcb','App\\Notifications\\PembayaranNotification','App\\Models\\Mahasiswa',35,'{\"notification_type\":\"pembayaran\",\"title\":\"Pembayaran Berhasil Diterima\",\"message_content\":\"Segera lakukan Pengajuan Krs\",\"pembayaran_id\":37,\"status\":\"1\",\"keterangan\":\"Sudah\"}',NULL,'2025-03-15 14:28:12','2025-03-15 14:28:12'),('d39804aa-c3af-4c2c-9a51-e293acd1548b','App\\Notifications\\PembayaranNotification','App\\Models\\Mahasiswa',107,'{\"notification_type\":\"pembayaran\",\"title\":\"Pembayaran Berhasil Diterima\",\"message_content\":\"Segera lakukan Pengajuan Krs\",\"pembayaran_id\":56,\"status\":\"1\",\"keterangan\":\"Sudah\"}','2025-03-18 12:51:29','2025-03-18 12:22:33','2025-03-18 12:51:29'),('d444b68a-7e22-4e90-8781-ad5ea1566355','App\\Notifications\\PembayaranNotification','App\\Models\\Admin',1,'{\"notification_type\":\"pembayaran\",\"title\":\"Konfirmasi Pembayaran Diperlukan\",\"message_content\":\"Menunggu Konfirmasi\",\"name\":\"RAFI ARDIANSYA\",\"class\":\"TRPL 4A\",\"prodi\":\"Teknologi Rekayasa Perangkat Lunak\",\"pembayaran_id\":4,\"status\":0,\"keterangan\":null}','2025-03-12 14:43:08','2025-03-12 12:58:58','2025-03-12 14:43:08'),('d6921f39-5ee8-47c8-ae9e-cd2de07d3a6d','App\\Notifications\\PengajuanKontrakNotification','App\\Models\\Direktur',1,'{\"notification_type\":\"kontrak\",\"message_content\":\"Segera Verifikasi Data Kontrak Perkuliahan\",\"title\":\"Pengajuan Rekap Kontrak Perkuliahan\",\"name\":\"Novita Purnaningsih, S.S., M.A.\",\"matkul\":\"Praktikum Korespondensi Bisnis Indonesia\",\"class\":\"AB 2A\"}',NULL,'2025-03-21 00:42:51','2025-03-21 00:42:51'),('d6ce39ba-a700-4d3d-bd78-01dace47b78b','App\\Notifications\\KRSNotification','App\\Models\\Admin',1,'{\"title\":\"Pengajuan KRS\",\"message_content\":\"KRS Berhasil Diverifikasi\",\"name\":\"FAISAL AMIN\",\"kelas\":\"TI 2A\",\"prodi\":\"Teknik Informatika\",\"notification_type\":\"krs\"}','2025-03-18 12:20:53','2025-03-18 12:18:39','2025-03-18 12:20:53'),('d70b5a85-cf12-4162-846c-6a478105fabb','App\\Notifications\\KRSNotification','App\\Models\\Dosen',6,'{\"title\":\"Pengajuan KRS\",\"message_content\":\"Harap Periksa dan Segera Verifikasi KRS\",\"name\":\"DHIMAS RAHMAT ARI YULIANTO\",\"kelas\":\"TI 4A\",\"prodi\":\"Teknik Informatika\",\"notification_type\":\"krs\"}','2025-03-14 15:24:08','2025-03-14 15:04:04','2025-03-14 15:24:08'),('d7717ef2-7912-457d-b512-d3d97187d082','App\\Notifications\\PengajuanKontrakNotification','App\\Models\\Wadir',1,'{\"notification_type\":\"kontrak\",\"message_content\":\"Segera Verifikasi Data Kontrak Perkuliahan\",\"title\":\"Pengajuan Rekap Kontrak Perkuliahan\",\"name\":\"Damar Eko Cahyono, S.T., S.Kom, M.M.\",\"matkul\":\"Proyek 1\",\"class\":\"TI 2A\"}',NULL,'2025-03-17 03:00:22','2025-03-17 03:00:22'),('d7c74335-f0d7-4087-9e4b-d37f1308438b','App\\Notifications\\PembayaranNotification','App\\Models\\Admin',1,'{\"notification_type\":\"pembayaran\",\"title\":\"Konfirmasi Pembayaran Diperlukan\",\"message_content\":\"Menunggu Konfirmasi\",\"name\":\"RANI ROSITA NUR\'AINI\",\"class\":\"AK 2A\",\"prodi\":\"Akuntansi\",\"pembayaran_id\":33,\"status\":0,\"keterangan\":null}','2025-03-14 19:51:55','2025-03-14 17:07:20','2025-03-14 19:51:55'),('da90e69b-4fc9-4015-a093-f7fa01ffc181','App\\Notifications\\PembayaranNotification','App\\Models\\Mahasiswa',146,'{\"notification_type\":\"pembayaran\",\"title\":\"Pembayaran Berhasil Diterima\",\"message_content\":\"Segera lakukan Pengajuan Krs\",\"pembayaran_id\":77,\"status\":\"1\",\"keterangan\":\"Sudah\"}',NULL,'2025-09-08 16:36:07','2025-09-08 16:36:07'),('db2681f9-d1c9-4546-8f07-ff15ef27e59e','App\\Notifications\\PembayaranNotification','App\\Models\\Admin',1,'{\"notification_type\":\"pembayaran\",\"title\":\"Konfirmasi Pembayaran Diperlukan\",\"message_content\":\"Menunggu Konfirmasi\",\"name\":\"MAHANANI RAHAYUNING PURNAMASARI\",\"class\":\"AB 4B\",\"prodi\":\"Administrasi Bisnis\",\"pembayaran_id\":67,\"status\":0,\"keterangan\":null}','2025-03-24 05:19:09','2025-03-21 13:30:07','2025-03-24 05:19:09'),('dc9dde5d-1cd9-4f4d-a375-246d35474cc2','App\\Notifications\\PembayaranNotification','App\\Models\\Admin',1,'{\"notification_type\":\"pembayaran\",\"title\":\"Konfirmasi Pembayaran Diperlukan\",\"message_content\":\"Menunggu Konfirmasi\",\"name\":\"RIZQI RAHMAWATI\",\"class\":\"AB 4B\",\"prodi\":\"Administrasi Bisnis\",\"pembayaran_id\":70,\"status\":0,\"keterangan\":null}','2025-03-30 06:13:24','2025-03-25 09:53:57','2025-03-30 06:13:24'),('dcf434ec-5a5c-4c2a-a74f-d014ad589946','App\\Notifications\\KRSNotification','App\\Models\\Dosen',6,'{\"title\":\"Pengajuan KRS\",\"message_content\":\"Harap Periksa dan Segera Verifikasi KRS\",\"name\":\"PASKALIS TRIGAMA ROSARIO\",\"kelas\":\"TI 2A\",\"prodi\":\"Teknik Informatika\",\"notification_type\":\"krs\"}','2025-03-18 12:15:54','2025-03-18 12:15:07','2025-03-18 12:15:54'),('dd053f72-b549-444d-88b3-2f5394160631','App\\Notifications\\PembayaranNotification','App\\Models\\Admin',1,'{\"notification_type\":\"pembayaran\",\"title\":\"Konfirmasi Pembayaran Diperlukan\",\"message_content\":\"Menunggu Konfirmasi\",\"name\":\"RIYAN NUR HIDAYAT\",\"class\":\"TI 4A\",\"prodi\":\"Teknik Informatika\",\"pembayaran_id\":47,\"status\":0,\"keterangan\":null}','2025-03-17 13:46:26','2025-03-17 12:04:14','2025-03-17 13:46:26'),('ddeb525b-18a4-40a8-9580-4e9d625518fb','App\\Notifications\\PembayaranNotification','App\\Models\\Admin',1,'{\"notification_type\":\"pembayaran\",\"title\":\"Konfirmasi Pembayaran Diperlukan\",\"message_content\":\"Menunggu Konfirmasi\",\"name\":\"ABDUL CHANAN\",\"class\":\"TI 6A\",\"prodi\":\"Teknik Informatika\",\"pembayaran_id\":31,\"status\":0,\"keterangan\":null}','2025-03-14 15:20:09','2025-03-14 15:06:03','2025-03-14 15:20:09'),('e1f7c0d0-7ac8-4574-a17a-6cd2038577d9','App\\Notifications\\PembayaranNotification','App\\Models\\Admin',1,'{\"notification_type\":\"pembayaran\",\"title\":\"Konfirmasi Pembayaran Diperlukan\",\"message_content\":\"Menunggu Konfirmasi\",\"name\":\"AWALUDIN CAHYADI\",\"class\":\"TI 4B\",\"prodi\":\"Teknik Informatika\",\"pembayaran_id\":62,\"status\":0,\"keterangan\":null}','2025-03-20 11:24:12','2025-03-20 10:13:07','2025-03-20 11:24:12'),('e21492c8-97fa-4db3-ab67-a5ecd8b60e79','App\\Notifications\\KRSNotification','App\\Models\\Mahasiswa',219,'{\"title\":\"Pengajuan KRS\",\"message_content\":\"KRS Berhasil Diverifikasi\",\"name\":\"MAULIDHA NUR BAITI\",\"kelas\":\"BD 2A\",\"prodi\":\"Bisnis Digital\",\"notification_type\":\"krs\"}',NULL,'2025-03-18 11:17:48','2025-03-18 11:17:48'),('e28c4025-cb03-478c-a11d-78c6d3aa19ba','App\\Notifications\\PembayaranNotification','App\\Models\\Admin',1,'{\"notification_type\":\"pembayaran\",\"title\":\"Konfirmasi Pembayaran Diperlukan\",\"message_content\":\"Menunggu Konfirmasi\",\"name\":\"ROMALAZ FEBRYAN RAHARJA\",\"class\":\"TI 2A\",\"prodi\":\"Teknik Informatika\",\"pembayaran_id\":49,\"status\":0,\"keterangan\":null}','2025-03-17 15:57:00','2025-03-17 15:17:06','2025-03-17 15:57:00'),('e413da0f-c119-4dea-b237-4d021295159a','App\\Notifications\\PembayaranNotification','App\\Models\\Admin',1,'{\"notification_type\":\"pembayaran\",\"title\":\"Konfirmasi Pembayaran Diperlukan\",\"message_content\":\"Menunggu Konfirmasi\",\"name\":\"DHIMAS RAHMAT ARI YULIANTO\",\"class\":\"TI 5A\",\"prodi\":\"Teknik Informatika\",\"pembayaran_id\":76,\"status\":0,\"keterangan\":null}','2025-09-08 10:52:23','2025-09-08 10:06:02','2025-09-08 10:52:23'),('e675c176-b2c8-401f-b7ac-b8458b74dcc2','App\\Notifications\\KRSNotification','App\\Models\\Admin',1,'{\"title\":\"Pengajuan KRS\",\"message_content\":\"KRS Berhasil Diverifikasi\",\"name\":\"NIKEN AYU PRAMUDITA\",\"kelas\":\"TI 2A\",\"prodi\":\"Teknik Informatika\",\"notification_type\":\"krs\"}','2025-03-19 12:35:47','2025-03-19 10:20:35','2025-03-19 12:35:47'),('e6c93cd9-6760-4abb-922c-1120ed30e1fa','App\\Notifications\\PembayaranNotification','App\\Models\\Admin',1,'{\"notification_type\":\"pembayaran\",\"title\":\"Konfirmasi Pembayaran Diperlukan\",\"message_content\":\"Menunggu Konfirmasi\",\"name\":\"VALYA MARSHELA\",\"class\":\"BD 4A\",\"prodi\":\"Bisnis Digital\",\"pembayaran_id\":63,\"status\":0,\"keterangan\":null}','2025-03-20 20:00:02','2025-03-20 15:53:54','2025-03-20 20:00:02'),('e83d6695-ad31-4559-af62-3a1fc570b47c','App\\Notifications\\KRSNotification','App\\Models\\Dosen',21,'{\"title\":\"Pengajuan KRS\",\"message_content\":\"Harap Periksa dan Segera Verifikasi KRS\",\"name\":\"NICHOLAS SEBASTIAN\",\"kelas\":\"AB 3A\",\"prodi\":\"Administrasi Bisnis\",\"notification_type\":\"krs\"}',NULL,'2025-09-09 14:27:09','2025-09-09 14:27:09'),('e8e65c98-f4b9-434e-a3b8-260552a3eed5','App\\Notifications\\PembayaranNotification','App\\Models\\Mahasiswa',78,'{\"notification_type\":\"pembayaran\",\"title\":\"Pembayaran Berhasil Diterima\",\"message_content\":\"Segera lakukan Pengajuan Krs\",\"pembayaran_id\":61,\"status\":\"1\",\"keterangan\":\"Sudah\"}',NULL,'2025-03-19 12:35:18','2025-03-19 12:35:18'),('ead83e26-b0fd-45c8-a95c-42ca028ff910','App\\Notifications\\PembayaranNotification','App\\Models\\Admin',1,'{\"notification_type\":\"pembayaran\",\"title\":\"Konfirmasi Pembayaran Diperlukan\",\"message_content\":\"Menunggu Konfirmasi\",\"name\":\"ADIK NGAYIYATUN ROHMAH\",\"class\":\"AK 6A\",\"prodi\":\"Akuntansi\",\"pembayaran_id\":61,\"status\":0,\"keterangan\":null}','2025-03-19 12:35:47','2025-03-19 11:30:42','2025-03-19 12:35:47'),('eadd45c0-8de2-44df-9648-f1cf82c2ab0a','App\\Notifications\\PembayaranNotification','App\\Models\\Mahasiswa',141,'{\"notification_type\":\"pembayaran\",\"title\":\"Pembayaran Berhasil Diterima\",\"message_content\":\"Segera lakukan Pengajuan Krs\",\"pembayaran_id\":22,\"status\":\"1\",\"keterangan\":\"Sudah\"}','2025-03-14 15:03:55','2025-03-14 11:43:07','2025-03-14 15:03:55'),('ecd512d1-95b6-4b30-92d6-4682b5cc6496','App\\Notifications\\PembayaranNotification','App\\Models\\Mahasiswa',96,'{\"notification_type\":\"pembayaran\",\"title\":\"Pembayaran Berhasil Diterima\",\"message_content\":\"Segera lakukan Pengajuan Krs\",\"pembayaran_id\":54,\"status\":\"1\",\"keterangan\":\"Sudah\"}','2025-03-18 12:20:49','2025-03-18 12:20:37','2025-03-18 12:20:49'),('ecf02278-b451-4d42-b193-f14ecca07292','App\\Notifications\\PengajuanKontrakNotification','App\\Models\\Kaprodi',3,'{\"notification_type\":\"kontrak\",\"message_content\":\"Segera Verifikasi Data Kontrak Perkuliahan\",\"title\":\"Pengajuan Rekap Kontrak Perkuliahan\",\"name\":\"Damar Eko Cahyono, S.T., S.Kom, M.M.\",\"matkul\":\"Aplikasi Server\",\"class\":\"TI 2A\"}','2025-03-13 13:02:41','2025-03-13 11:22:28','2025-03-13 13:02:41'),('ed738252-2ae6-46a3-9a7b-b49bdf95b98c','App\\Notifications\\PembayaranNotification','App\\Models\\Admin',1,'{\"notification_type\":\"pembayaran\",\"title\":\"Konfirmasi Pembayaran Diperlukan\",\"message_content\":\"Menunggu Konfirmasi\",\"name\":\"MUHAMMAD RIFAI AL FAIDZI\",\"class\":\"TI 2A\",\"prodi\":\"Teknik Informatika\",\"pembayaran_id\":71,\"status\":0,\"keterangan\":null}','2025-04-12 10:31:28','2025-04-06 14:18:52','2025-04-12 10:31:28'),('f05ed7ba-a927-4ff1-a033-052c189744c1','App\\Notifications\\PembayaranNotification','App\\Models\\Admin',1,'{\"notification_type\":\"pembayaran\",\"title\":\"Konfirmasi Pembayaran Diperlukan\",\"message_content\":\"Menunggu Konfirmasi\",\"name\":\"ANGGUN BIBNYA DEASTUTI\",\"class\":\"AK 2A\",\"prodi\":\"Akuntansi\",\"pembayaran_id\":45,\"status\":0,\"keterangan\":null}','2025-03-17 03:37:23','2025-03-16 21:09:24','2025-03-17 03:37:23'),('f1534218-c4f5-4644-9bae-0b14f8105417','App\\Notifications\\KRSNotification','App\\Models\\Dosen',6,'{\"title\":\"Pengajuan KRS\",\"message_content\":\"Harap Periksa dan Segera Verifikasi KRS\",\"name\":\"FAISAL AMIN\",\"kelas\":\"TI 2A\",\"prodi\":\"Teknik Informatika\",\"notification_type\":\"krs\"}','2025-03-18 12:15:54','2025-03-18 12:15:53','2025-03-18 12:15:54'),('f318b985-6f1f-4161-be59-8000d55eda4b','App\\Notifications\\PengajuanKontrakNotification','App\\Models\\Direktur',1,'{\"notification_type\":\"kontrak\",\"message_content\":\"Segera Verifikasi Data Kontrak Perkuliahan\",\"title\":\"Pengajuan Rekap Kontrak Perkuliahan\",\"name\":\"Supriono, S.E., M.Si., AK., CFA\",\"matkul\":\"Akuntansi Keuangan Menengah II\",\"class\":\"AK 4A\"}',NULL,'2025-03-12 14:39:20','2025-03-12 14:39:20'),('f43c6289-5a7a-49b7-b663-fdce5424a206','App\\Notifications\\PembayaranNotification','App\\Models\\Mahasiswa',57,'{\"notification_type\":\"pembayaran\",\"title\":\"Pembayaran Berhasil Diterima\",\"message_content\":\"Segera lakukan Pengajuan Krs\",\"pembayaran_id\":82,\"status\":\"1\",\"keterangan\":\"Sudah\"}','2025-09-10 10:25:09','2025-09-09 11:42:40','2025-09-10 10:25:09'),('f49e4a84-bbeb-4097-b8d0-4ebeea989555','App\\Notifications\\PembayaranNotification','App\\Models\\Mahasiswa',41,'{\"notification_type\":\"pembayaran\",\"title\":\"Pembayaran Berhasil Diterima\",\"message_content\":\"Segera lakukan Pengajuan Krs\",\"pembayaran_id\":35,\"status\":\"1\",\"keterangan\":\"Sudah\"}','2025-06-26 16:50:44','2025-03-15 14:28:32','2025-06-26 16:50:44'),('f51cca05-86f9-4bc2-91a3-77a2ab049ef8','App\\Notifications\\PengajuanKontrakNotification','App\\Models\\Dosen',6,'{\"notification_type\":\"kontrak\",\"message_content\":\"Verifikasi Data Kontrak Berhasil\",\"title\":\"Pengajuan Rekap Kontrak Perkuliahan \",\"name\":\"Damar Eko Cahyono, S.T., S.Kom, M.M.\",\"matkul\":\"Aplikasi Server\",\"class\":\"TI 2B\"}','2025-03-17 14:13:36','2025-03-17 14:07:44','2025-03-17 14:13:36'),('f5573816-ed37-40bd-b756-2e6e31e6476c','App\\Notifications\\PengajuanKontrakNotification','App\\Models\\Kaprodi',4,'{\"notification_type\":\"kontrak\",\"message_content\":\"Segera Verifikasi Data Kontrak Perkuliahan\",\"title\":\"Pengajuan Rekap Kontrak Perkuliahan\",\"name\":\"Novita Purnaningsih, S.S., M.A.\",\"matkul\":\"Praktikum Korespondensi Bisnis Indonesia\",\"class\":\"AB 2A\"}','2025-07-01 11:03:26','2025-03-21 00:42:51','2025-07-01 11:03:26'),('f5915215-c19b-4e54-9b7a-e62e35551ed1','App\\Notifications\\PembayaranNotification','App\\Models\\Mahasiswa',195,'{\"notification_type\":\"pembayaran\",\"title\":\"Pembayaran Berhasil Diterima\",\"message_content\":\"Segera lakukan Pengajuan Krs\",\"pembayaran_id\":75,\"status\":\"1\",\"keterangan\":\"Sudah\"}','2025-09-09 12:49:34','2025-09-08 10:52:05','2025-09-09 12:49:34'),('f5b8fb94-5ae7-4cc9-9dc4-de9da7b63d35','App\\Notifications\\PengajuanKontrakNotification','App\\Models\\Wadir',1,'{\"notification_type\":\"kontrak\",\"message_content\":\"Segera Verifikasi Data Kontrak Perkuliahan\",\"title\":\"Pengajuan Rekap Kontrak Perkuliahan\",\"name\":\"Damar Eko Cahyono, S.T., S.Kom, M.M.\",\"matkul\":\"Proyek 1\",\"class\":\"TRPL 4A\"}',NULL,'2025-03-17 03:00:40','2025-03-17 03:00:40'),('f5f62c86-67cd-4a81-a1b2-93e92cb23b8c','App\\Notifications\\KRSNotification','App\\Models\\Mahasiswa',223,'{\"title\":\"Pengajuan KRS\",\"message_content\":\"KRS Berhasil Diverifikasi\",\"name\":\"RIZAL FATO FANI\",\"kelas\":\"TRPL 4A\",\"prodi\":\"Teknologi Rekayasa Perangkat Lunak\",\"notification_type\":\"krs\"}','2025-03-14 12:54:46','2025-03-14 12:54:13','2025-03-14 12:54:46'),('f66017c8-dc84-4fc5-8368-626ab2ac422c','App\\Notifications\\PembayaranNotification','App\\Models\\Mahasiswa',93,'{\"notification_type\":\"pembayaran\",\"title\":\"Pembayaran Berhasil Diterima\",\"message_content\":\"Segera lakukan Pengajuan Krs\",\"pembayaran_id\":1,\"status\":\"1\",\"keterangan\":\"Sudah\"}','2025-05-21 08:53:54','2025-03-07 13:37:21','2025-05-21 08:53:54'),('f69ddf1d-6bde-4ac2-8689-2aaf0dab39ae','App\\Notifications\\PengajuanKontrakNotification','App\\Models\\Kaprodi',4,'{\"notification_type\":\"kontrak\",\"message_content\":\"Segera Verifikasi Data Kontrak Perkuliahan\",\"title\":\"Pengajuan Rekap Kontrak Perkuliahan\",\"name\":\"Danis Imam Bachtiar, S.E., M.M.\",\"matkul\":\"Manajemen SDM\",\"class\":\"AB 4B\"}',NULL,'2025-03-13 11:13:52','2025-03-13 11:13:52'),('f6c1b2d2-436b-4d15-b871-fb75e3ab7b2c','App\\Notifications\\KRSNotification','App\\Models\\Mahasiswa',106,'{\"title\":\"Pengajuan KRS\",\"message_content\":\"KRS Berhasil Diverifikasi\",\"name\":\"FAISAL AMIN\",\"kelas\":\"TI 2A\",\"prodi\":\"Teknik Informatika\",\"notification_type\":\"krs\"}','2025-03-18 12:19:14','2025-03-18 12:18:39','2025-03-18 12:19:14'),('f729e381-8908-4cf0-99d4-645dc047e084','App\\Notifications\\PembayaranNotification','App\\Models\\Admin',1,'{\"notification_type\":\"pembayaran\",\"title\":\"Konfirmasi Pembayaran Diperlukan\",\"message_content\":\"Menunggu Konfirmasi\",\"name\":\"MARCELINA WAHYUNINGSIH\",\"class\":\"BD 2A\",\"prodi\":\"Bisnis Digital\",\"pembayaran_id\":9,\"status\":0,\"keterangan\":null}','2025-03-13 12:45:54','2025-03-13 11:44:39','2025-03-13 12:45:54'),('f7edd9d1-e9ab-46db-a483-7f64793f081a','App\\Notifications\\KRSNotification','App\\Models\\Admin',1,'{\"title\":\"Pengajuan KRS\",\"message_content\":\"KRS Berhasil Diverifikasi\",\"name\":\"ADINDA REVITA HAYYU\",\"kelas\":\"TI 2A\",\"prodi\":\"Teknik Informatika\",\"notification_type\":\"krs\"}','2025-03-14 12:49:29','2025-03-14 12:40:30','2025-03-14 12:49:29'),('f82c0d2d-c8b2-4d23-9900-d6858310bb2b','App\\Notifications\\PembayaranNotification','App\\Models\\Admin',1,'{\"notification_type\":\"pembayaran\",\"title\":\"Konfirmasi Pembayaran Diperlukan\",\"message_content\":\"Menunggu Konfirmasi\",\"name\":\"NADHIF SETYA MUFADA\",\"class\":\"TI 2A\",\"prodi\":\"Teknik Informatika\",\"pembayaran_id\":21,\"status\":0,\"keterangan\":null}','2025-03-14 11:44:33','2025-03-14 11:06:10','2025-03-14 11:44:33'),('f82df57b-7803-47db-a0c1-61f5aebde513','App\\Notifications\\PembayaranNotification','App\\Models\\Admin',1,'{\"notification_type\":\"pembayaran\",\"title\":\"Konfirmasi Pembayaran Diperlukan\",\"message_content\":\"Menunggu Konfirmasi\",\"name\":\"RIMA CAHYANINGRUM\",\"class\":\"TI 4A\",\"prodi\":\"Teknik Informatika\",\"pembayaran_id\":27,\"status\":0,\"keterangan\":null}','2025-03-14 12:49:29','2025-03-14 11:46:09','2025-03-14 12:49:29'),('fab40c19-e02e-4ad2-80f3-5f8efbe9d007','App\\Notifications\\PembayaranNotification','App\\Models\\Admin',1,'{\"notification_type\":\"pembayaran\",\"title\":\"Konfirmasi Pembayaran Diperlukan\",\"message_content\":\"Menunggu Konfirmasi\",\"name\":\"FAJAR BAYU TIMUR\",\"class\":\"TI 4A\",\"prodi\":\"Teknik Informatika\",\"pembayaran_id\":51,\"status\":0,\"keterangan\":null}','2025-03-17 15:57:00','2025-03-17 15:55:30','2025-03-17 15:57:00'),('fc487adf-d2ad-42b9-99f8-cf349eab7988','App\\Notifications\\KRSNotification','App\\Models\\Dosen',21,'{\"title\":\"Pengajuan KRS\",\"message_content\":\"Harap Periksa dan Segera Verifikasi KRS\",\"name\":\"MUHAMMAD \' IZZUDDIN NADHIF\",\"kelas\":\"AB 4A\",\"prodi\":\"Administrasi Bisnis\",\"notification_type\":\"krs\"}',NULL,'2025-03-17 08:09:33','2025-03-17 08:09:33'),('fc9277f0-b7d9-493a-a56f-1c0f72688f1f','App\\Notifications\\PembayaranNotification','App\\Models\\Mahasiswa',100,'{\"notification_type\":\"pembayaran\",\"title\":\"Pembayaran Berhasil Diterima\",\"message_content\":\"Segera lakukan Pengajuan Krs\",\"pembayaran_id\":44,\"status\":\"1\",\"keterangan\":\"Sudah\"}',NULL,'2025-03-16 20:24:18','2025-03-16 20:24:18'),('fd904f9c-940b-4470-b3e8-102e7397c3ff','App\\Notifications\\PembayaranNotification','App\\Models\\Mahasiswa',97,'{\"notification_type\":\"pembayaran\",\"title\":\"Pembayaran Berhasil Diterima\",\"message_content\":\"Segera lakukan Pengajuan Krs\",\"pembayaran_id\":26,\"status\":\"1\",\"keterangan\":\"Sudah\"}',NULL,'2025-03-14 11:42:11','2025-03-14 11:42:11'),('fde9e406-fa7d-4293-87fc-11b74d6012e9','App\\Notifications\\KRSNotification','App\\Models\\Mahasiswa',215,'{\"title\":\"Pengajuan KRS\",\"message_content\":\"KRS Berhasil Diverifikasi\",\"name\":\"NURUL HIDAYAH\",\"kelas\":\"BD 2A\",\"prodi\":\"Bisnis Digital\",\"notification_type\":\"krs\"}',NULL,'2025-03-18 11:17:31','2025-03-18 11:17:31'),('fe09de59-68b9-44d6-b4a3-3098d8f0ec53','App\\Notifications\\PengajuanKontrakNotification','App\\Models\\Kaprodi',6,'{\"notification_type\":\"kontrak\",\"message_content\":\"Segera Verifikasi Data Kontrak Perkuliahan\",\"title\":\"Pengajuan Rekap Kontrak Perkuliahan\",\"name\":\"Damar Eko Cahyono, S.T., S.Kom, M.M.\",\"matkul\":\"Jaringan Komputer 2\",\"class\":\"TRPL 4A\"}','2025-03-14 19:54:51','2025-03-13 12:59:09','2025-03-14 19:54:51'),('fe3fc70f-688b-431c-9201-b7a7154b2ee2','App\\Notifications\\PembayaranNotification','App\\Models\\Admin',1,'{\"notification_type\":\"pembayaran\",\"title\":\"Konfirmasi Pembayaran Diperlukan\",\"message_content\":\"Menunggu Konfirmasi\",\"name\":\"LUTHFIA FADHILA\",\"class\":\"AB 5B\",\"prodi\":\"Administrasi Bisnis\",\"pembayaran_id\":80,\"status\":0,\"keterangan\":null}','2025-09-09 10:14:15','2025-09-08 18:57:27','2025-09-09 10:14:15'),('fe9a2051-7c13-431a-bea1-6f6e444d15fc','App\\Notifications\\PembayaranNotification','App\\Models\\Admin',1,'{\"notification_type\":\"pembayaran\",\"title\":\"Konfirmasi Pembayaran Diperlukan\",\"message_content\":\"Menunggu Konfirmasi\",\"name\":\"MAHANANI RAHAYUNING PURNAMASARI\",\"class\":\"AB 4B\",\"prodi\":\"Administrasi Bisnis\",\"pembayaran_id\":66,\"status\":0,\"keterangan\":null}','2025-03-24 05:19:09','2025-03-21 13:30:06','2025-03-24 05:19:09');
/*!40000 ALTER TABLE `notifications` ENABLE KEYS */;
UNLOCK TABLES;

--
-- Table structure for table `password_reset_tokens`
--

DROP TABLE IF EXISTS `password_reset_tokens`;
/*!40101 SET @saved_cs_client     = @@character_set_client */;
/*!50503 SET character_set_client = utf8mb4 */;
CREATE TABLE `password_reset_tokens` (
  `email` varchar(255) COLLATE utf8mb4_unicode_ci NOT NULL,
  `token` varchar(255) COLLATE utf8mb4_unicode_ci NOT NULL,
  `created_at` timestamp NULL DEFAULT NULL,
  PRIMARY KEY (`email`)
) ENGINE=InnoDB DEFAULT CHARSET=utf8mb4 COLLATE=utf8mb4_unicode_ci;
/*!40101 SET character_set_client = @saved_cs_client */;

--
-- Dumping data for table `password_reset_tokens`
--

LOCK TABLES `password_reset_tokens` WRITE;
/*!40000 ALTER TABLE `password_reset_tokens` DISABLE KEYS */;
/*!40000 ALTER TABLE `password_reset_tokens` ENABLE KEYS */;
UNLOCK TABLES;

--
-- Table structure for table `pegawais`
--

DROP TABLE IF EXISTS `pegawais`;
/*!40101 SET @saved_cs_client     = @@character_set_client */;
/*!50503 SET character_set_client = utf8mb4 */;
CREATE TABLE `pegawais` (
  `id` bigint unsigned NOT NULL AUTO_INCREMENT,
  `nama` varchar(255) COLLATE utf8mb4_unicode_ci NOT NULL,
  `nuptk` varchar(255) COLLATE utf8mb4_unicode_ci DEFAULT NULL,
  `jenis_kelamin` varchar(255) COLLATE utf8mb4_unicode_ci NOT NULL,
  `no_telephone` varchar(255) COLLATE utf8mb4_unicode_ci NOT NULL,
  `agama` varchar(255) COLLATE utf8mb4_unicode_ci NOT NULL,
  `status` int NOT NULL,
  `tanggal_lahir` varchar(255) COLLATE utf8mb4_unicode_ci NOT NULL,
  `tempat_lahir` varchar(255) COLLATE utf8mb4_unicode_ci NOT NULL,
  `email` varchar(255) COLLATE utf8mb4_unicode_ci NOT NULL,
  `password` varchar(255) COLLATE utf8mb4_unicode_ci NOT NULL,
  `is_first_login` tinyint(1) NOT NULL DEFAULT '1',
  `deleted_at` timestamp NULL DEFAULT NULL,
  `created_at` timestamp NULL DEFAULT NULL,
  `updated_at` timestamp NULL DEFAULT NULL,
  PRIMARY KEY (`id`),
  UNIQUE KEY `pegawais_email_unique` (`email`)
) ENGINE=InnoDB AUTO_INCREMENT=7 DEFAULT CHARSET=utf8mb4 COLLATE=utf8mb4_unicode_ci;
/*!40101 SET character_set_client = @saved_cs_client */;

--
-- Dumping data for table `pegawais`
--

LOCK TABLES `pegawais` WRITE;
/*!40000 ALTER TABLE `pegawais` DISABLE KEYS */;
INSERT INTO `pegawais` VALUES (1,'Makmur Taufik Aziz, SE',NULL,'Laki-Laki','081227106002','Islam',1,'1985-02-09','PURWOREJO','makmur@email.com','$2y$10$4AuM.V9dBwhve4yakVvLD.y8aQYZMVlq9uJqRzMzgjpQPUovOkn8.',1,NULL,'2025-07-07 13:53:41','2025-07-07 13:53:41'),(2,'Budi Widiyaningsih, S.Pd',NULL,'Perempuan','085643887532','Islam',1,'1982-05-29','PURWOREJO','budi@email.com','$2y$10$Aox08IkvUhJO5XAY5uFsieGTauniizzpQzxDCXQUNm8J8Krx5HlBm',1,NULL,'2025-07-07 13:57:10','2025-07-07 13:57:10'),(3,'Abdul Kafi Muarif, A.Md',NULL,'Laki-Laki','085395288330','Islam',1,'1989-04-08','PURWOREJO','kafi@email.com','$2y$10$DKyEXURiqmdOnFMAK6pgd.nDTxlJ5/Y7tIccommGIYM0sP7oi4.e6',1,NULL,'2025-07-07 13:57:52','2025-07-07 13:57:52'),(4,'Viki Nike Vias Tintri, A.Md., Ak.',NULL,'Perempuan','085601059094','Islam',1,'1994-11-01','PURWOREJO','viki@email.com','$2y$10$.Rrt/jcavsopuUJJ1kFbZevj8IaOhIZxyxFkoWUcw0gVWlOqQpc9a',1,NULL,'2025-07-07 13:58:44','2025-07-07 13:58:44'),(5,'Anisa Nurfirda, A.Md., Ak.',NULL,'Perempuan','081328087011','Islam',1,'1998-12-25','PURWOREJO','ica@email.com','$2y$10$mTd6zTTAP1ORP0hsq.2KguR1AARBqYpN7U7SYQbKLbYpDObRM6rva',1,NULL,'2025-07-07 13:59:31','2025-07-07 13:59:31'),(6,'M. Rifai Faqih, S.I.P',NULL,'Laki-Laki','089630386365','Islam',1,'1987-11-30','PURWOREJO','rifai@email.com','$2y$10$RZTvLba712fm8GQvfdbeQulSjrG/lPP/5PAZdIAxZuO5bhOpAqOdG',1,NULL,'2025-07-07 14:00:15','2025-07-07 14:00:15');
/*!40000 ALTER TABLE `pegawais` ENABLE KEYS */;
UNLOCK TABLES;

--
-- Table structure for table `pembayarans`
--

DROP TABLE IF EXISTS `pembayarans`;
/*!40101 SET @saved_cs_client     = @@character_set_client */;
/*!50503 SET character_set_client = utf8mb4 */;
CREATE TABLE `pembayarans` (
  `id` bigint unsigned NOT NULL AUTO_INCREMENT,
  `mahasiswa_id` bigint unsigned NOT NULL,
  `prodi_id` bigint unsigned NOT NULL,
  `semester_id` bigint unsigned NOT NULL,
  `kelas_id` bigint unsigned NOT NULL,
  `bukti_pembayaran` varchar(255) COLLATE utf8mb4_unicode_ci NOT NULL,
  `status_pembayaran` int NOT NULL,
  `keterangan` varchar(255) COLLATE utf8mb4_unicode_ci DEFAULT NULL,
  `created_at` timestamp NULL DEFAULT NULL,
  `updated_at` timestamp NULL DEFAULT NULL,
  PRIMARY KEY (`id`),
  KEY `pembayarans_mahasiswa_id_foreign` (`mahasiswa_id`),
  KEY `pembayarans_prodi_id_foreign` (`prodi_id`),
  KEY `pembayarans_semester_id_foreign` (`semester_id`),
  KEY `pembayarans_kelas_id_foreign` (`kelas_id`),
  CONSTRAINT `pembayarans_kelas_id_foreign` FOREIGN KEY (`kelas_id`) REFERENCES `kelas` (`id`) ON DELETE CASCADE,
  CONSTRAINT `pembayarans_mahasiswa_id_foreign` FOREIGN KEY (`mahasiswa_id`) REFERENCES `mahasiswas` (`id`) ON DELETE CASCADE,
  CONSTRAINT `pembayarans_prodi_id_foreign` FOREIGN KEY (`prodi_id`) REFERENCES `prodi` (`id`) ON DELETE CASCADE,
  CONSTRAINT `pembayarans_semester_id_foreign` FOREIGN KEY (`semester_id`) REFERENCES `semesters` (`id`) ON DELETE CASCADE
) ENGINE=InnoDB AUTO_INCREMENT=87 DEFAULT CHARSET=utf8mb4 COLLATE=utf8mb4_unicode_ci;
/*!40101 SET character_set_client = @saved_cs_client */;

--
-- Dumping data for table `pembayarans`
--

LOCK TABLES `pembayarans` WRITE;
/*!40000 ALTER TABLE `pembayarans` DISABLE KEYS */;
INSERT INTO `pembayarans` VALUES (1,93,1,9,2,'images/LAgPteVGCuVzxT3QxnZiJca6hgNgQkYpXO6eVJBK.jpg',1,'Sudah','2025-03-07 13:36:19','2025-03-07 13:37:21'),(2,206,1,1,1,'images/MT6kzqgVAftIKgYkndTDUXgrMCKBEjA06uegs1EK.jpg',1,'Sudah','2025-03-10 20:39:54','2025-03-10 20:45:13'),(3,156,1,4,5,'images/1IkPTd42fWgQ3PvJdlu1UmL9BYbnjIE9Wmmd22A3.jpg',1,'Sudah','2025-03-12 12:25:34','2025-03-12 14:44:29'),(4,227,5,4,19,'images/EvNTLpCjUtYoy22Jft8EfQBNBhBIETsIrpla0Tum.jpg',1,'Sudah','2025-03-12 12:58:58','2025-03-12 14:44:09'),(5,227,5,4,19,'images/na8W4QnGNj9k2Tm9Sr5wrkcNJHH6R9xI8472Oiwc.jpg',1,'Sudah','2025-03-12 12:59:00','2025-03-12 14:44:02'),(6,211,4,9,16,'images/7k9skSAFqfhpVHSupJtrppsU6AybxuTjQXijCn6d.jpg',1,'Sudah','2025-03-13 11:16:42','2025-03-13 11:28:59'),(7,216,4,9,16,'images/1BGw6kgPfDKyoQJeOGHJdrBDkcQlm0Ukly0FHZ39.jpg',1,'Sudah','2025-03-13 11:39:44','2025-03-13 12:45:25'),(8,215,4,9,16,'images/YOkVwucSe4wlaaFXUmwUtSAO9n7uhGxpnkLlsxGH.jpg',1,'Sudah','2025-03-13 11:44:12','2025-03-13 12:45:14'),(9,220,4,9,16,'images/rxdMS8Oy2y3NvYM9mAkWziJo3A55FjX1lk2MQaXI.jpg',1,'Sudah','2025-03-13 11:44:39','2025-03-13 12:45:38'),(10,219,4,9,16,'images/NB1PI04hR9tYHODvqksPhlla7ZBx0YnK5RCZuwZx.jpg',1,'Sudah','2025-03-13 11:59:11','2025-03-13 12:43:58'),(11,210,4,9,16,'images/RNIjgtcSdWrk3crg181dTvUczKVb6BNoM89ALkoY.jpg',1,'Sudah','2025-03-13 11:59:17','2025-03-13 12:43:38'),(12,209,4,9,16,'images/peXu0zMHcJF8tRE0kV4UXht7W711JeCVNDRx2axe.jpg',1,'Sudah','2025-03-13 12:26:09','2025-03-13 12:43:26'),(13,208,4,9,16,'images/ykXJsGBcvccA3i7wQeI3wdABU3pCkqATlUqHsmqo.jpg',1,'Sudah','2025-03-13 12:57:09','2025-03-13 13:41:53'),(14,212,4,9,16,'images/MZ1hB853U1dXB6jollfQILOOzDVyMygVTcrJ5sEN.jpg',1,'Sudah','2025-03-13 19:56:02','2025-03-14 11:43:26'),(15,98,1,9,2,'images/XE3w4orqbR2tn8kGbWF3Ko2iLS4R52FxwTHYvGtL.jpg',1,'Sudah','2025-03-13 20:01:26','2025-03-14 09:51:12'),(16,98,1,9,2,'images/ScDPd3Z0R7szjLgvqz6pwjcXiXVhNJS2IYV2vw5y.jpg',1,'Sudah','2025-03-13 20:01:27','2025-03-14 09:50:48'),(17,106,1,9,2,'images/RBzdvU5qqXzXqEai0sJfqru6a8HhA5x1y5hgGcz6.jpg',1,'Sudah','2025-03-13 20:19:09','2025-03-14 09:50:29'),(18,104,1,9,2,'images/GZwSLkNgPgH9RtoULH4SoM1vaPKLn1i0DQ2NFJbo.jpg',1,'Sudah','2025-03-14 11:03:32','2025-03-14 12:49:24'),(19,104,1,9,2,'images/cFAExltoGCAUpgiFy83Guo6ZaKXJqKNVGFOFcfPC.jpg',1,'Sudah','2025-03-14 11:03:34','2025-03-14 12:49:14'),(20,47,3,4,14,'images/c1aylSu9s9tQTuccQHDPQ9NoujB7tXdydlSbkzLQ.jpg',1,'Sudah','2025-03-14 11:05:17','2025-03-14 11:44:17'),(21,94,1,9,2,'images/fhPSRHq0GV0hwP83sZFP1ATPPSHiHBsjT7NZCu3O.jpg',1,'Sudah','2025-03-14 11:06:10','2025-03-14 11:43:42'),(22,141,1,4,4,'images/BW3vvCaopf2vyxEX6WT4VmKhLp7lnn6UKL2GmNxQ.jpg',1,'Sudah','2025-03-14 11:13:28','2025-03-14 11:43:07'),(23,142,1,4,4,'images/6jdTxL6lHvhphJcgkIQ3fiE5FSTbMxJsgtHzwWSy.jpg',1,'Sudah','2025-03-14 11:23:06','2025-03-14 11:42:46'),(24,72,2,4,10,'images/MvnGRu0wNXocf57mjui3dfrhuvTusQXPEDQRZgGB.jpg',1,'Sudah','2025-03-14 11:24:33','2025-03-14 11:42:37'),(25,85,2,6,11,'images/dizkULHz698Wv74p55LVmfszRi04SdvgBxIQhxH9.jpg',1,'Sudah','2025-03-14 11:40:23','2025-03-14 11:42:26'),(26,97,1,9,2,'images/naz2osP1rZ8hNz2PO39JkW0YSoBJ3Yz7ueGwI7Eg.jpg',1,'Sudah','2025-03-14 11:41:36','2025-03-14 11:42:11'),(27,139,1,4,4,'images/eTJY7vz8tnFI2XSbnfge80MDICjjycctozT2rF4O.jpg',1,'Sudah','2025-03-14 11:46:09','2025-03-14 12:49:02'),(28,23,3,9,12,'images/9yCQizBh97N8i4ToCrWEv1hGDwOtrfiBukd3JBLo.jpg',1,'Sudah','2025-03-14 12:44:32','2025-03-14 12:48:56'),(29,223,5,4,19,'images/brWquYRJn5KGskVnGdjgSSpEMDuBwnfZgx3tdiLw.jpg',1,'Sudah','2025-03-14 12:47:34','2025-03-14 12:48:50'),(30,117,3,6,15,'images/GfNYrsh9XverT3ABhwUlBWiwM67mkcDl62ADPVaz.jpg',1,'Sudah','2025-03-14 13:34:38','2025-03-14 14:48:00'),(31,174,1,6,6,'images/WakUmkoHxyLFCgBUJVcfnSToPCBekpmv1RhgDC43.jpg',1,'Sudah','2025-03-14 15:06:03','2025-03-14 15:21:14'),(32,129,3,6,15,'images/0sxHqI8m9s095cmf9qIlPk6oX2UVcfhDnRuRzc2A.jpg',1,'Sudah','2025-03-14 15:09:44','2025-03-14 15:20:35'),(33,60,2,9,8,'images/sTRvtYjNJb34Rt7hnXdLlG88puFNYCz4cOFka4DK.jpg',1,'Sudah','2025-03-14 17:07:20','2025-03-14 19:51:47'),(34,92,2,6,11,'images/DutiwLNSN9Q8zI7WdJoOvHDl55U1IOHhfNITEKWz.jpg',1,'Sudah','2025-03-14 18:39:20','2025-03-14 19:51:41'),(35,41,3,4,13,'images/iiN7QtSxPU4RBwDeWpXJKkmaohSNeH1czWmv6IK8.jpg',1,'Sudah','2025-03-14 20:06:56','2025-03-15 14:28:32'),(36,33,3,4,13,'images/nu07R7aIteGQpi87l6b81KFulEUAVgTD8hMnVgO1.jpg',1,'Sudah','2025-03-14 20:25:08','2025-03-15 14:28:21'),(37,35,3,4,13,'images/dvSyskJqpv57e17DpPUM08cKtUiIGzquc5iZcEHz.jpg',1,'Sudah','2025-03-14 20:37:42','2025-03-15 14:28:12'),(38,32,3,4,13,'images/UKRXz5qAti4F0IqtycpXDoeh7Ipy1R0WGAKlv3GO.jpg',1,'Sudah','2025-03-14 21:58:28','2025-03-15 14:28:01'),(39,120,3,6,15,'images/CrIyIAuWMwbCatd5dZUMS8nU2tCs95s8AVIfqJ2O.jpg',1,'Sudah','2025-03-15 08:39:58','2025-03-15 14:27:56'),(40,81,2,6,11,'images/VtZ4hq3cnJijrFkrZ4nQ8SOMnpHySpoxbpYcXLjB.jpg',1,'Sudah','2025-03-15 13:51:41','2025-03-15 14:27:48'),(41,161,1,6,6,'images/p69Ro7qZS3xu6iBdexHGFmoLMjKv9BulPpUtQh6o.jpg',1,'Sudah','2025-03-15 14:13:10','2025-03-15 14:27:43'),(42,87,2,6,11,'images/fg3sFCE2OZDP1IXPhl8lw7zLcdEVhidPkVJLCAOQ.jpg',1,'Sudah','2025-03-15 21:10:39','2025-03-16 04:27:52'),(43,202,4,4,17,'images/k2uH7F2We18KJjRUOg7hMOiQue6DYnX2zpCviwFs.jpg',1,'Sudah','2025-03-16 13:49:03','2025-03-16 20:24:33'),(44,100,1,9,2,'images/KGwq3AgTrQZ9qMttQQvr3fH5Lb5e0xeFwPc6BxnB.png',1,'Sudah','2025-03-16 19:43:10','2025-03-16 20:24:18'),(45,58,2,9,8,'images/zdNagnoHvkOYtPnYx9oehEEzT7UKbNni7tnCgmJa.jpg',1,'Sudah','2025-03-16 21:09:24','2025-03-17 03:37:18'),(46,31,3,4,13,'images/SyJPJyM8ZFVCQFrJC16fw3kS3JPx3cS10LGgkJx6.jpg',1,'Sudah','2025-03-17 08:14:50','2025-03-17 08:27:11'),(47,144,1,4,4,'images/lVLwjbKrczWafjunw8EJvtfxzPtOmfccSgOexHFV.jpg',1,'Sudah','2025-03-17 12:04:14','2025-03-17 13:21:19'),(48,158,1,4,5,'images/oY1kxN2ERY74NMR8sUwmRgEHKPlTL8GFkolfS9Ah.jpg',1,'Sudah','2025-03-17 12:46:51','2025-03-17 13:21:13'),(49,102,1,9,2,'images/N1ueXuDrH48v1Owq1WhcVlJn6g9YI1go2R9DZ4tL.jpg',1,'Sudah','2025-03-17 15:17:06','2025-03-18 04:40:13'),(50,152,1,4,4,'images/EGJ94D7ZfBKfEj0Ai2VTQADlxfKQredZqWlVvtXV.jpg',1,'Sudah','2025-03-17 15:54:55','2025-03-18 04:40:02'),(51,138,1,4,4,'images/mUqXUt2Bsok58PMqAju2aZGNlb4Mraa3ofVwaEtr.jpg',1,'Sudah','2025-03-17 15:55:30','2025-03-17 15:56:40'),(52,177,1,6,6,'images/uMsC4lBjf2thsRkBxcy9NLPZvj2BgEqgfm4aPqMq.jpg',1,'Sudah','2025-03-17 19:54:35','2025-03-18 04:39:53'),(53,225,5,4,19,'images/hd04nTWYvSO2xHpmFqkyJR15DZhwOtwVQG92p6lv.jpg',1,'Sudah','2025-03-17 22:12:55','2025-03-18 04:39:29'),(54,96,1,9,2,'images/h9IVTEPel94hbHN25OmLAiNOhnYFKNdMtEiS8sHV.jpg',1,'Sudah','2025-03-18 12:16:16','2025-03-18 12:20:37'),(55,107,1,9,2,'images/SkRHFPsK6aIy7J67c324qaBSUhO0TOliXqyq94AA.png',1,'Sudah','2025-03-18 12:21:12','2025-03-18 12:22:42'),(56,107,1,9,2,'images/aeZSjOdHg0pj8zwwqcOV8VbCNOimzTZ9cxeCG8JP.png',1,'Sudah','2025-03-18 12:21:14','2025-03-18 12:22:33'),(57,108,1,9,2,'images/t4PmXMSfxsunxBPzpDvj7PSpQuEsqA3Fkwbu71eK.jpg',1,'Sudah','2025-03-18 12:24:22','2025-03-18 12:33:31'),(58,103,1,9,2,'images/YtGMG9sWxlPfjXZER6JJF7wcXmglSJ7PxqQ1q8vj.jpg',1,'Sudah','2025-03-18 13:01:40','2025-03-18 14:20:01'),(59,37,3,4,13,'images/kTqyDo88bH6pWbJ0EasKiACPCHz4gp0oWzt3P6dJ.jpg',1,'Sudah','2025-03-19 10:31:53','2025-03-19 12:35:34'),(60,88,2,6,11,'images/zBbKbchfLT41BQifXlFvPBgTUcsuYf0KaW4KVz1G.jpg',1,'Sudah','2025-03-19 11:29:49','2025-03-19 12:35:26'),(61,78,2,6,11,'images/QlhmHaBWajbOvasW8Fogi2kp4T4kh6FgaOsO5esh.jpg',1,'Sudah','2025-03-19 11:30:42','2025-03-19 12:35:18'),(62,157,1,4,5,'images/u6xp2W2YMxlQu53mUEmc6ahcsangUa2B0FY9rCPk.jpg',1,'Sudah','2025-03-20 10:13:06','2025-03-20 11:24:06'),(63,199,4,4,17,'images/gapFT7VfciiwwZcsfmQN71wDeNEB0AbYv3SpClfM.jpg',1,'Sudah','2025-03-20 15:53:54','2025-03-20 19:59:55'),(64,204,4,4,17,'images/g3lFdUYLDk8InP2JhgDIbcsORUcIBEU6ZZerRt4K.jpg',1,'Sudah','2025-03-20 16:02:26','2025-03-20 19:59:43'),(65,99,1,9,2,'images/twM2qqEAt76TCGvMB9P5Q8iKwTippPmgvh9nU4Xa.jpg',1,'Sudah','2025-03-20 17:50:47','2025-03-20 19:59:34'),(66,48,3,4,14,'images/rPzrMgA1dDG7dgrHKGLwcP0Y6L4pymBbDuJuqA5P.jpg',1,'Sudah','2025-03-21 13:30:06','2025-03-24 05:19:05'),(67,48,3,4,14,'images/EQZ0KX02K4G711h247h28xDbMJFA5Kx4ORT5BtFA.jpg',1,'Sudah','2025-03-21 13:30:07','2025-03-24 05:18:50'),(68,197,4,4,17,'images/mwJD0e8HEw3n9fc7Rri499h5x6RRWrLL0IAo47Mf.jpg',1,'Sudah','2025-03-22 00:01:06','2025-03-24 05:18:41'),(69,29,3,4,13,'images/lnrtTxD1lntLIZQoIZylwSWBq3Vc4USSCVfduHuz.jpg',1,'Sudah','2025-03-25 08:57:30','2025-03-28 06:22:59'),(70,45,3,4,14,'images/SosBa5LGVyoIjIhAEFHQ00Z4jGPx3HoIYAm1R5p9.jpg',1,'Sudah','2025-03-25 09:53:57','2025-03-28 06:22:51'),(71,95,1,9,2,'images/slYiMWYlmMYYXEmfui2MdYVHsh63gl4ycO8KAviU.jpg',1,'Sudah','2025-04-06 14:18:52','2025-04-16 16:31:13'),(72,115,1,9,3,'images/blbVBtgXMDc4EkQAyQB6ENe9M7QClWK7zuMWOJGC.jpg',1,'Sudah','2025-04-15 17:47:26','2025-04-16 16:31:06'),(73,40,3,4,13,'images/Msdwuu0QinH6FVFG5rTqyopiHzLqBmIimi8FIPI6.jpg',1,'Sudah','2025-06-26 19:10:06','2025-06-26 20:52:19'),(74,30,3,4,13,'images/1cfI3T4RjTamffNRRDz0DLkAaBcquVvPV3dqv42P.jpg',1,'Sudah','2025-06-26 19:15:43','2025-06-26 20:52:09'),(75,195,4,14,35,'images/RW5eADssGXvtVPJ8oW5QaKeTaSFmsKPlCY9yM5aC.jpg',1,'Sudah','2025-09-08 09:59:45','2025-09-08 10:52:05'),(76,141,1,14,32,'images/GJNba3szNvrM77PCYotQEw1KWBDPQvJZA6BZGtZp.jpg',1,'Sudah','2025-09-08 10:06:02','2025-09-08 10:51:52'),(77,146,1,14,32,'images/jfz29TFcQG1uXA3lQf17iNMtZEXz8VLp7xo9nyzQ.jpg',1,'Sudah','2025-09-08 15:32:55','2025-09-08 16:36:07'),(78,41,3,14,27,'images/AQpCLlWakZVWevaWp3Bb0X5EVmVUd1ATJNLi7C0k.jpg',1,'Sudah','2025-09-08 16:42:21','2025-09-09 10:14:08'),(79,22,3,13,26,'images/X6Jn0hJMq4hO4HU7gJwLSWSuru86edzAYY6b9tm4.jpg',1,'Sudah','2025-09-08 18:29:00','2025-09-09 10:12:58'),(80,47,3,14,37,'images/CTxgQCh6b52zB18U0XMP5OCOOoj5cImMxaTaePJJ.jpg',1,'Sudah','2025-09-08 18:57:27','2025-09-09 10:12:33'),(81,155,1,14,33,'images/t6ObgTWxaIid6449uuirYx5nOjxByP1xXvoYq0EY.jpg',1,'Sudah','2025-09-08 19:10:57','2025-09-09 09:59:59'),(82,57,2,13,28,'images/rnzoUmPvczAT4c8btf9HtW2j2Ro6FNcbQHqG6q4Y.jpg',1,'Sudah','2025-09-09 11:32:03','2025-09-09 11:42:40'),(83,27,3,13,26,'images/8VrrDhFmNVfH0RO1gshZQ4Y8kycZDjSs4UklZBKd.jpg',1,'Sudah','2025-09-09 13:56:24','2025-09-09 14:26:44'),(84,227,5,14,24,'images/x7S6JdDmcLbAVDc7cSHTVQ7KOA3yrZQUjnCH7gLs.jpg',1,'Sudah','2025-09-10 00:12:49','2025-09-10 09:39:50'),(85,63,2,13,28,'images/kTFDFwAhLa3XrySEZN0EzBBY5fV5jAhKEpgkgKXs.jpg',1,'Sudah','2025-09-10 10:35:08','2025-09-10 10:36:20'),(86,23,3,13,26,'images/pMNg7Aapt82OuKFXfurjrUucGxCIsXOmAEVGOb6r.jpg',0,NULL,'2025-09-10 11:22:34','2025-09-10 11:22:34');
/*!40000 ALTER TABLE `pembayarans` ENABLE KEYS */;
UNLOCK TABLES;

--
-- Table structure for table `pengajuan_rekap_beritas`
--

DROP TABLE IF EXISTS `pengajuan_rekap_beritas`;
/*!40101 SET @saved_cs_client     = @@character_set_client */;
/*!50503 SET character_set_client = utf8mb4 */;
CREATE TABLE `pengajuan_rekap_beritas` (
  `id` bigint unsigned NOT NULL AUTO_INCREMENT,
  `dosens_id` bigint unsigned NOT NULL,
  `matkuls_id` bigint unsigned NOT NULL,
  `jadwal_id` bigint unsigned NOT NULL,
  `kelas_id` bigint unsigned NOT NULL,
  `pertemuan` varchar(255) COLLATE utf8mb4_unicode_ci NOT NULL,
  `status` int NOT NULL DEFAULT '0',
  `created_at` timestamp NULL DEFAULT NULL,
  `updated_at` timestamp NULL DEFAULT NULL,
  PRIMARY KEY (`id`)
) ENGINE=InnoDB DEFAULT CHARSET=utf8mb4 COLLATE=utf8mb4_unicode_ci;
/*!40101 SET character_set_client = @saved_cs_client */;

--
-- Dumping data for table `pengajuan_rekap_beritas`
--

LOCK TABLES `pengajuan_rekap_beritas` WRITE;
/*!40000 ALTER TABLE `pengajuan_rekap_beritas` DISABLE KEYS */;
/*!40000 ALTER TABLE `pengajuan_rekap_beritas` ENABLE KEYS */;
UNLOCK TABLES;

--
-- Table structure for table `pengajuan_rekap_nilais`
--

DROP TABLE IF EXISTS `pengajuan_rekap_nilais`;
/*!40101 SET @saved_cs_client     = @@character_set_client */;
/*!50503 SET character_set_client = utf8mb4 */;
CREATE TABLE `pengajuan_rekap_nilais` (
  `id` bigint unsigned NOT NULL AUTO_INCREMENT,
  `matkul_id` bigint unsigned NOT NULL,
  `jadwal_id` bigint unsigned NOT NULL,
  `kelas_id` bigint unsigned NOT NULL,
  `tahun` varchar(255) COLLATE utf8mb4_unicode_ci NOT NULL,
  `status` int NOT NULL DEFAULT '0',
  `created_at` timestamp NULL DEFAULT NULL,
  `updated_at` timestamp NULL DEFAULT NULL,
  PRIMARY KEY (`id`)
) ENGINE=InnoDB DEFAULT CHARSET=utf8mb4 COLLATE=utf8mb4_unicode_ci;
/*!40101 SET character_set_client = @saved_cs_client */;

--
-- Dumping data for table `pengajuan_rekap_nilais`
--

LOCK TABLES `pengajuan_rekap_nilais` WRITE;
/*!40000 ALTER TABLE `pengajuan_rekap_nilais` DISABLE KEYS */;
/*!40000 ALTER TABLE `pengajuan_rekap_nilais` ENABLE KEYS */;
UNLOCK TABLES;

--
-- Table structure for table `pengajuan_rekap_presensi`
--

DROP TABLE IF EXISTS `pengajuan_rekap_presensi`;
/*!40101 SET @saved_cs_client     = @@character_set_client */;
/*!50503 SET character_set_client = utf8mb4 */;
CREATE TABLE `pengajuan_rekap_presensi` (
  `id` bigint unsigned NOT NULL AUTO_INCREMENT,
  `matkul_id` bigint unsigned NOT NULL,
  `kelas_id` bigint unsigned NOT NULL,
  `jadwals_id` bigint unsigned NOT NULL,
  `pertemuan` varchar(255) COLLATE utf8mb4_unicode_ci NOT NULL,
  `status` int NOT NULL DEFAULT '0',
  `created_at` timestamp NULL DEFAULT NULL,
  `updated_at` timestamp NULL DEFAULT NULL,
  PRIMARY KEY (`id`)
) ENGINE=InnoDB DEFAULT CHARSET=utf8mb4 COLLATE=utf8mb4_unicode_ci;
/*!40101 SET character_set_client = @saved_cs_client */;

--
-- Dumping data for table `pengajuan_rekap_presensi`
--

LOCK TABLES `pengajuan_rekap_presensi` WRITE;
/*!40000 ALTER TABLE `pengajuan_rekap_presensi` DISABLE KEYS */;
/*!40000 ALTER TABLE `pengajuan_rekap_presensi` ENABLE KEYS */;
UNLOCK TABLES;

--
-- Table structure for table `pengajuan_rekapkontraks`
--

DROP TABLE IF EXISTS `pengajuan_rekapkontraks`;
/*!40101 SET @saved_cs_client     = @@character_set_client */;
/*!50503 SET character_set_client = utf8mb4 */;
CREATE TABLE `pengajuan_rekapkontraks` (
  `id` bigint unsigned NOT NULL AUTO_INCREMENT,
  `matkul_id` bigint unsigned NOT NULL,
  `jadwal_id` bigint unsigned NOT NULL,
  `kelas_id` bigint unsigned NOT NULL,
  `status` int NOT NULL DEFAULT '0',
  `created_at` timestamp NULL DEFAULT NULL,
  `updated_at` timestamp NULL DEFAULT NULL,
  PRIMARY KEY (`id`)
) ENGINE=InnoDB AUTO_INCREMENT=20 DEFAULT CHARSET=utf8mb4 COLLATE=utf8mb4_unicode_ci;
/*!40101 SET character_set_client = @saved_cs_client */;

--
-- Dumping data for table `pengajuan_rekapkontraks`
--

LOCK TABLES `pengajuan_rekapkontraks` WRITE;
/*!40000 ALTER TABLE `pengajuan_rekapkontraks` DISABLE KEYS */;
INSERT INTO `pengajuan_rekapkontraks` VALUES (1,54,83,20,0,'2025-02-25 08:23:51','2025-03-13 11:14:10'),(2,54,83,20,0,'2025-02-25 08:32:37','2025-02-25 08:32:37'),(3,81,114,9,0,'2025-03-12 14:39:20','2025-06-27 08:04:31'),(4,84,16,10,1,'2025-03-12 15:43:08','2025-03-17 14:10:28'),(5,64,95,14,1,'2025-03-13 11:13:52','2025-07-01 11:04:48'),(6,64,72,13,1,'2025-03-13 11:21:24','2025-07-01 11:04:35'),(7,16,39,2,1,'2025-03-13 11:22:28','2025-03-17 14:08:06'),(8,97,65,16,1,'2025-03-13 12:01:04','2025-03-18 11:14:01'),(9,16,21,3,1,'2025-03-13 12:58:00','2025-03-17 14:07:44'),(10,48,22,19,0,'2025-03-13 12:59:09','2025-03-14 19:54:36'),(11,55,86,20,1,'2025-03-17 02:58:57','2025-03-17 14:07:30'),(12,21,85,2,1,'2025-03-17 03:00:22','2025-03-17 14:11:59'),(13,44,26,19,1,'2025-03-17 03:00:40','2025-03-17 14:05:58'),(14,28,52,5,1,'2025-03-17 03:05:47','2025-03-17 14:11:24'),(15,21,25,3,1,'2025-03-17 03:06:27','2025-03-17 13:47:58'),(16,28,14,4,1,'2025-03-17 03:06:31','2025-03-17 14:05:20'),(17,12,71,12,0,'2025-03-19 11:38:58','2025-07-01 11:04:25'),(18,14,111,12,0,'2025-03-21 00:42:51','2025-07-01 11:04:01'),(19,84,8,9,0,'2025-05-27 08:34:11','2025-06-27 08:00:46');
/*!40000 ALTER TABLE `pengajuan_rekapkontraks` ENABLE KEYS */;
UNLOCK TABLES;

--
-- Table structure for table `permohonan_surats`
--

DROP TABLE IF EXISTS `permohonan_surats`;
/*!40101 SET @saved_cs_client     = @@character_set_client */;
/*!50503 SET character_set_client = utf8mb4 */;
CREATE TABLE `permohonan_surats` (
  `id` bigint unsigned NOT NULL AUTO_INCREMENT,
  `mahasiswa_id` bigint unsigned NOT NULL,
  `setuju_kaprodi` tinyint(1) NOT NULL,
  `status` tinyint(1) NOT NULL,
  `jenis_permohonan` varchar(255) COLLATE utf8mb4_unicode_ci NOT NULL,
  `nama_orang_tua` varchar(255) COLLATE utf8mb4_unicode_ci DEFAULT NULL,
  `alamat_orang_tua` text COLLATE utf8mb4_unicode_ci,
  `pekerjaan` varchar(255) COLLATE utf8mb4_unicode_ci DEFAULT NULL,
  `nip` varchar(255) COLLATE utf8mb4_unicode_ci DEFAULT NULL,
  `pangkat_golongan` varchar(255) COLLATE utf8mb4_unicode_ci DEFAULT NULL,
  `nama_instansi` varchar(255) COLLATE utf8mb4_unicode_ci DEFAULT NULL,
  `alamat_instansi` varchar(255) COLLATE utf8mb4_unicode_ci DEFAULT NULL,
  `keperluan` varchar(255) COLLATE utf8mb4_unicode_ci DEFAULT NULL,
  `tahun_akademik` varchar(255) COLLATE utf8mb4_unicode_ci DEFAULT NULL,
  `masa_cuti` text COLLATE utf8mb4_unicode_ci,
  `alasan_cuti` text COLLATE utf8mb4_unicode_ci,
  `kelas_asal` varchar(255) COLLATE utf8mb4_unicode_ci DEFAULT NULL,
  `kelas_tujuan` varchar(255) COLLATE utf8mb4_unicode_ci DEFAULT NULL,
  `pt_asal` text COLLATE utf8mb4_unicode_ci,
  `pt_tujuan` text COLLATE utf8mb4_unicode_ci,
  `status_akreditasi` varchar(255) COLLATE utf8mb4_unicode_ci DEFAULT NULL,
  `judul_laporan` text COLLATE utf8mb4_unicode_ci,
  `data_diminta` json DEFAULT NULL,
  `no_surat` varchar(255) COLLATE utf8mb4_unicode_ci DEFAULT NULL,
  `pimpinan` text COLLATE utf8mb4_unicode_ci,
  `tanggal_mulai` date DEFAULT NULL,
  `tanggal_selesai` date DEFAULT NULL,
  `created_at` timestamp NULL DEFAULT NULL,
  `updated_at` timestamp NULL DEFAULT NULL,
  PRIMARY KEY (`id`),
  KEY `permohonan_surats_mahasiswa_id_foreign` (`mahasiswa_id`),
  CONSTRAINT `permohonan_surats_mahasiswa_id_foreign` FOREIGN KEY (`mahasiswa_id`) REFERENCES `mahasiswas` (`id`)
) ENGINE=InnoDB AUTO_INCREMENT=62 DEFAULT CHARSET=utf8mb4 COLLATE=utf8mb4_unicode_ci;
/*!40101 SET character_set_client = @saved_cs_client */;

--
-- Dumping data for table `permohonan_surats`
--

LOCK TABLES `permohonan_surats` WRITE;
/*!40000 ALTER TABLE `permohonan_surats` DISABLE KEYS */;
INSERT INTO `permohonan_surats` VALUES (2,217,0,0,'Keterangan Aktif Kuliah','Syamsul Bahri','Jl. M. Boya Lr. Kalimas No. 02 Tembilahan Kota','Pensiunan PNS','420006448','Golongan 4A','Dinas Perhubungan','Jl. Baharuddin Yusuf No.33, Tembilahan Hulu, Kec. Tembilahan Hulu, Kabupaten Indragiri Hilir, Riau','Untuk didaftarkan sebagai penerima tunjangan gaji pensiunan PNS','2024/GASAL /2025/GENAP',NULL,NULL,NULL,NULL,NULL,NULL,NULL,NULL,NULL,NULL,NULL,NULL,NULL,'2025-03-19 18:41:14','2025-03-19 18:41:14'),(3,142,1,1,'Ijin PKL',NULL,NULL,NULL,NULL,NULL,'Inspektorat Kabupaten Purworejo','Jl. Mayjen Sutoyo No.59, Rw. III, Sindurjan, Kec. Purworejo, Kabupaten Purworejo, Jawa Tengah 54113',NULL,NULL,NULL,NULL,NULL,NULL,NULL,NULL,NULL,NULL,NULL,'221/AP.08/DIR/VI/2025','Kepala','2025-07-01','2025-08-31','2025-06-19 11:11:35','2025-06-20 12:35:37'),(4,139,1,1,'Ijin PKL',NULL,NULL,NULL,NULL,NULL,'Inspektorat Kabupaten Purworejo','Jl. Mayjen Sutoyo No.59, Rw. III, Sindurjan, Kec. Purworejo, Kabupaten Purworejo, Jawa Tengah 54113',NULL,NULL,NULL,NULL,NULL,NULL,NULL,NULL,NULL,NULL,NULL,'225/AP.08/DIR/VI/2025','Kepala','2025-07-01','2025-08-31','2025-06-19 11:12:15','2025-06-20 12:47:56'),(5,144,1,1,'Ijin PKL',NULL,NULL,NULL,NULL,NULL,'Dinas Koperasi, Usaha Kecil, Menengah Dan Perdagangan','Jl. Jenderal Sudirman No.22, Ngupasan, Pangenjurutengah, Kec. Purworejo, Kabupaten Purworejo, Jawa Tengah 54114',NULL,NULL,NULL,NULL,NULL,NULL,NULL,NULL,NULL,NULL,NULL,'111','IR. Hadi Pranoto','2025-07-01','2025-08-31','2025-06-19 12:14:00','2025-06-20 13:18:38'),(6,141,1,1,'Ijin PKL',NULL,NULL,NULL,NULL,NULL,'Dinas Koperasi, Usaha Kecil, Menengah Dan Perdagangan','Jl. Jenderal Sudirman No.22, Ngupasan, Pangenjurutengah, Kec. Purworejo, Kabupaten Purworejo, Jawa Tengah 54114',NULL,NULL,NULL,NULL,NULL,NULL,NULL,NULL,NULL,NULL,NULL,'335/AP.2/DIR/2025','IR. Hadi Pranoto','2025-07-01','2025-08-31','2025-06-19 12:17:42','2025-06-20 19:45:34'),(7,147,1,1,'Ijin PKL',NULL,NULL,NULL,NULL,NULL,'Dinas Pendidikan dan Kebudayaan','Jl. Mayjen Sutoyo No.69, Rw. IV, Sindurjan, Kec. Purworejo, Kabupaten Purworejo, Jawa Tengah 54113',NULL,NULL,NULL,NULL,NULL,NULL,NULL,NULL,NULL,NULL,NULL,'224/AP.08/DIR/VI/2025','Kepala Dinas Pendidikan dan Kebudayaan','2025-07-01','2025-08-31','2025-06-20 11:48:50','2025-06-20 12:38:41'),(8,146,1,1,'Ijin PKL',NULL,NULL,NULL,NULL,NULL,'Dinas Pendidikan dan Kebudayaan','Jl. Mayjen Sutoyo No. 69,Rw.IV, Sindurjan, Kec. Purworejo, Jawa Tengah. 54113',NULL,NULL,NULL,NULL,NULL,NULL,NULL,NULL,NULL,NULL,NULL,'223/AP.08/DIR/VI/2025','Kepala Dinas Pendidikan dan Kebudayaan','2025-07-01','2025-08-31','2025-06-20 11:48:51','2025-06-20 12:34:08'),(9,137,1,1,'Ijin PKL',NULL,NULL,NULL,NULL,NULL,'DINAS PENDIDIKAN DAN KEBUDAYAAN KABUPATEN PURWOREJO','Jl. Mayjen Sutoyo No.69, Rw. IV, Sindurjan, Kec. Purworejo, Kabupaten Purworejo, Jawa Tengah 54113',NULL,NULL,NULL,NULL,NULL,NULL,NULL,NULL,NULL,NULL,NULL,'227/AP.08/DIR/VI/2025','KEPALA DINAS PENDIDIKAN DAN KEBUDAYAAN KABUPATEN PURWOREJO','2025-07-01','2025-08-31','2025-06-20 13:09:09','2025-06-23 12:34:20'),(10,37,1,1,'Ijin PKL',NULL,NULL,NULL,NULL,NULL,'SMA Bruderan Purworejo','Jl. Prof. Dr. N. Driyarkara No.6, Purworejo, Kec. Purworejo, Kabupaten Purworejo, Jawa Tengah 54151',NULL,NULL,NULL,NULL,NULL,NULL,NULL,NULL,NULL,NULL,NULL,'227/AP.08/DIR/VI/2025','Melania Paryati, S.Pd','2025-07-14','2025-09-12','2025-06-26 10:33:38','2025-06-26 14:42:49'),(11,72,1,1,'Ijin PKL',NULL,NULL,NULL,NULL,NULL,'Drw Skincare Purworejo','Jl. Jendral Sudirman No.01, Purworejo, Jawa Tengah, 54111',NULL,NULL,NULL,NULL,NULL,NULL,NULL,NULL,NULL,NULL,NULL,'231/AP.08/DIR/VI/2025','Direktur CV Wahyu Medika Estetitama (Ibu Rahma Kurniawati) & Manager DC Purworejo (Ibu Rina Cahyawati)','2025-07-01','2025-08-31','2025-06-26 16:45:17','2025-06-30 09:45:23'),(12,153,1,1,'Ijin PKL',NULL,NULL,NULL,NULL,NULL,'Dinas perhubungan','Dukuhrejo, Kec. Bayan, Kabupaten Purworejo, Jawa Tengah 54224',NULL,NULL,NULL,NULL,NULL,NULL,NULL,NULL,NULL,NULL,NULL,'230/AP.08/DIR/VI/2025','kepala dinas perhubungan','2025-07-01','2025-08-31','2025-06-28 09:31:04','2025-06-30 09:38:24'),(13,140,1,1,'Ijin PKL',NULL,NULL,NULL,NULL,NULL,'Dinas Perhubungan','Dukuhrejo, Kec. Bayan, Kabupaten Purworejo, Jawa Tengah 54224',NULL,NULL,NULL,NULL,NULL,NULL,NULL,NULL,NULL,NULL,NULL,'229/AP.08/DIR/VI/2025','Kepala Dinas Perhubungan','2025-07-01','2025-08-31','2025-06-28 09:31:05','2025-06-30 09:31:42'),(14,234,1,1,'Ijin PKL',NULL,NULL,NULL,NULL,NULL,'PKBM Tunas Mekar Aman','Jl. Pangeran Diponegoro No.36A, Kutoarjo, Purworejo',NULL,NULL,NULL,NULL,NULL,NULL,NULL,NULL,NULL,NULL,NULL,'251/MH.08/DIR/VII/2025','Drs. Tradju Pangarsa Matheus','2025-07-14','2025-09-14','2025-06-28 11:39:07','2025-07-04 14:58:09'),(15,158,1,1,'Ijin PKL',NULL,NULL,NULL,NULL,NULL,'KANTOR KECAMATAN PURWOREJO','Jl. W.R. Supratman 431 Purworejo',NULL,NULL,NULL,NULL,NULL,NULL,NULL,NULL,NULL,NULL,NULL,'227/AP.08/DIR/VI/2025','BAGAS ADI KARYANTO, S.Sos., M.M','2025-07-01','2025-08-31','2025-06-29 14:42:16','2025-06-30 09:20:07'),(16,156,1,1,'Ijin PKL',NULL,NULL,NULL,NULL,NULL,'Angkasa Digital Marketing','Jl. Lingkungan III RT:2/RW:3, Bayem, Kutoarjo, Purworejo, Jawa Tengah',NULL,NULL,NULL,NULL,NULL,NULL,NULL,NULL,NULL,NULL,NULL,'228/AP.08/DIR/VI/2025','Sutoto Indriatmoko','2025-07-01','2025-08-31','2025-06-30 09:24:08','2025-06-30 09:28:16'),(17,148,1,1,'Ijin PKL',NULL,NULL,NULL,NULL,NULL,'Rumah Sakit Umum Daerah (RSUD) RAA Tjokronegoro','Jl. Soekarno-Hatta No.12, Rw. VI, Boro Kulon, Kec. Banyuurip, Kabupaten Purworejo, Jawa Tengah 54171',NULL,NULL,NULL,NULL,NULL,NULL,NULL,NULL,NULL,NULL,NULL,'232/AP.08/DIR/VI/2025','Wahidin, S.Kep.,Ns, M. kep. Ph.D','2025-07-14','2025-09-15','2025-06-30 13:13:44','2025-06-30 13:26:46'),(18,151,1,1,'Ijin PKL',NULL,NULL,NULL,NULL,NULL,'RSUD R.A.A TJOKRONEGORO','Jl. Soekarno-Hatta No.12, Rw. VI, Boro Kulon, Kec. Banyuurip, Kabupaten Purworejo, Jawa Tengah 54171',NULL,NULL,NULL,NULL,NULL,NULL,NULL,NULL,NULL,NULL,NULL,'233/AP.08/DIR/VI/2025','Wahidin, S.Kep., Ns., M.Kep., Ph.D','2025-07-14','2025-09-15','2025-06-30 13:14:00','2025-06-30 13:31:37'),(19,155,1,1,'Ijin PKL',NULL,NULL,NULL,NULL,NULL,'Annora Group','Jln.Semawung Kembaran, RT.2/RW.2, Semawung Kembaran, Kutoarjo,Purworejo,Jawa Tengah,54215',NULL,NULL,NULL,NULL,NULL,NULL,NULL,NULL,NULL,NULL,NULL,'111','Sutoto Indriatmoko','2025-07-01','2025-08-31','2025-06-30 13:20:10','2025-06-30 14:29:03'),(20,231,1,1,'Ijin PKL',NULL,NULL,NULL,NULL,NULL,'CKCK STORE','Jl Wirun Kutoarjo RT 02/02',NULL,NULL,NULL,NULL,NULL,NULL,NULL,NULL,NULL,NULL,NULL,'252/MH.08/DIR/VII/2025','Turiman','2025-07-07','2025-09-07','2025-06-30 16:18:36','2025-07-04 14:56:46'),(21,232,1,1,'Ijin PKL',NULL,NULL,NULL,NULL,NULL,'Kantor Desa Tunggorono','Tunggorono',NULL,NULL,NULL,NULL,NULL,NULL,NULL,NULL,NULL,NULL,NULL,'252/MH.08/DIR/VII/2025','H. Supartono A.Md.','2025-07-07','2025-09-07','2025-06-30 16:20:42','2025-07-04 15:05:38'),(22,29,1,1,'Ijin PKL',NULL,NULL,NULL,NULL,NULL,'RSUD Tjokronegoro','Jl. Soekarno-Hatta No.12, Rw. VI, Boro Kulon, Kec. Banyuurip, Kabupaten Purworejo, Jawa Tengah 54171',NULL,NULL,NULL,NULL,NULL,NULL,NULL,NULL,NULL,NULL,NULL,'33231001','Pimpinan','2025-07-14','2025-09-12','2025-07-01 10:13:01','2025-07-01 12:02:26'),(23,38,1,1,'Ijin PKL',NULL,NULL,NULL,NULL,NULL,'RSUD Tjokronegoro','Jl. Soekarno-Hatta No.12, Rw. VI, Boro Kulon, Kec. Banyuurip, Kabupaten Purworejo, Jawa Tengah 54171',NULL,NULL,NULL,NULL,NULL,NULL,NULL,NULL,NULL,NULL,NULL,'33231001','Pimpinan','2025-07-14','2025-09-12','2025-07-01 10:13:10','2025-07-01 12:02:20'),(24,38,1,1,'Ijin PKL',NULL,NULL,NULL,NULL,NULL,'RSUD Tjokronegoro','Jl. Soekarno-Hatta No.12, Rw. VI, Boro Kulon, Kec. Banyuurip, Kabupaten Purworejo, Jawa Tengah 54171',NULL,NULL,NULL,NULL,NULL,NULL,NULL,NULL,NULL,NULL,NULL,'33231001','Pimpinan','2025-07-14','2025-09-12','2025-07-01 10:13:11','2025-07-01 12:02:11'),(25,30,1,1,'Ijin PKL',NULL,NULL,NULL,NULL,NULL,'RSUD RAA Tjokronegoro','Jl. Soekarno-Hatta No.12, Rw. VI, Boro Kulon, Kec. Banyuurip, Kabupaten Purworejo, Jawa Tengah',NULL,NULL,NULL,NULL,NULL,NULL,NULL,NULL,NULL,NULL,NULL,'241/MH.08/DIR/VII/2025','Pimpinan','2025-07-14','2025-09-15','2025-07-01 10:17:00','2025-07-01 12:01:52'),(26,40,1,1,'Ijin PKL',NULL,NULL,NULL,NULL,NULL,'Kantor Balaidesa Karangrejo','Jalan puntodewo no.1 desa karangrejo kec.kutoarjo, kan Purworejo',NULL,NULL,NULL,NULL,NULL,NULL,NULL,NULL,NULL,NULL,NULL,'241/MH.08/DIR/VII/2025','Bapak Erik Wahyudi','2025-07-14','2025-09-12','2025-07-01 10:25:15','2025-07-01 12:01:41'),(27,31,1,1,'Ijin PKL',NULL,NULL,NULL,NULL,NULL,'Kantor kecamatan kemiri','Jl. Tentara Pelajar No 1 Kemiri , Kecamatan Kemiri , Kabupaten Purworejo , Jawa Tengah',NULL,NULL,NULL,NULL,NULL,NULL,NULL,NULL,NULL,NULL,NULL,'241/MH.08/DIR/VII/2025','BAMBANG SUPRIATNO,S.Sos','2025-07-15','2025-08-31','2025-07-01 15:51:50','2025-07-01 16:48:46'),(28,136,1,1,'Ijin PKL',NULL,NULL,NULL,NULL,NULL,'Dinas kesehatan Daerah Kabupaten Purworejo','Jl.Mayjen Sutoyo No.17 Purworejo,Jawa Tengah',NULL,NULL,NULL,NULL,NULL,NULL,NULL,NULL,NULL,NULL,NULL,'241/MH.08/DIR/VII/2025','Kepala Dinas Kesehatan Daerah','2025-07-14','2025-09-14','2025-07-01 16:41:32','2025-07-02 11:58:03'),(30,44,1,1,'Ijin PKL',NULL,NULL,NULL,NULL,NULL,'Kantor Kecamatan Kemiri','Jalan Tentara Pelajar No 1 Kemiri , Kecamatan Kemiri , Kabupaten Purworejo , Jawa Tengah  Kode Pos 54262',NULL,NULL,NULL,NULL,NULL,NULL,NULL,NULL,NULL,NULL,NULL,'241/MH.08/DIR/VII/2025','Pak Camat','2025-07-15','2025-08-31','2025-07-01 18:20:50','2025-07-02 11:58:09'),(31,41,1,1,'Ijin PKL',NULL,NULL,NULL,NULL,NULL,'Kantor Kecamatan Bayan','Jl. Gajah Mada No.9, Dusun I, Besole, Kec. Bayan, Kabupaten Purworejo, Jawa Tengah 54223',NULL,NULL,NULL,NULL,NULL,NULL,NULL,NULL,NULL,NULL,NULL,'247/AP.08/DIR/VII/2025','Dwi Cahyono Hadi Saputro, S.IP.','2025-07-15','2025-08-31','2025-07-02 10:57:44','2025-07-02 13:42:14'),(32,42,1,1,'Ijin PKL',NULL,NULL,NULL,NULL,NULL,'Kantor Kecamatan Bayan','Jl. Gajah Mada No.9, Dusun I, Besole, Kec. Bayan, Kabupaten Purworejo, Jawa Tengah 54223',NULL,NULL,NULL,NULL,NULL,NULL,NULL,NULL,NULL,NULL,NULL,'247/AP.08/DIR/VII/2025','Dwi Cahyono Hadi Saputro, S.IP','2025-07-15','2025-08-31','2025-07-02 11:01:16','2025-07-02 13:41:50'),(33,150,1,1,'Ijin PKL',NULL,NULL,NULL,NULL,NULL,'Dinas kesehatan Daerah Kabupaten Purworejo','Jl. Mayjend Sutoyo No 17 Purworejo, Jawa Tengah',NULL,NULL,NULL,NULL,NULL,NULL,NULL,NULL,NULL,NULL,NULL,'246/AP.08/DIR/VII/2025','Kepala Dinas Kesehatan Daerah','2025-07-14','2025-09-14','2025-07-02 13:26:12','2025-07-02 13:36:49'),(34,34,1,1,'Ijin PKL',NULL,NULL,NULL,NULL,NULL,'Sekretariat Daerah Kabupaten Temanggung','Dongkelan Utara, Jampiroso, Kec. Temanggung, Kabupaten Temanggung, Jawa Tengah',NULL,NULL,NULL,NULL,NULL,NULL,NULL,NULL,NULL,NULL,NULL,'247/AP.08/DIR/VII/2025','Sekretaris Daerah Kabupaten Temanggung','2025-07-14','2025-09-12','2025-07-02 13:38:47','2025-07-03 09:33:48'),(35,43,1,1,'Ijin PKL',NULL,NULL,NULL,NULL,NULL,'polres Purworejo','Jalan Gajah Mada No.2 Kledung Kradenan, Rw. I, Candisari, Kec. Banyuurip, Kabupaten Purworejo, Jawa Tengah',NULL,NULL,NULL,NULL,NULL,NULL,NULL,NULL,NULL,NULL,NULL,'111','ketua primkopol','2025-07-14','2025-09-12','2025-07-03 10:22:24','2025-07-09 13:46:07'),(36,229,1,1,'Ijin PKL',NULL,NULL,NULL,NULL,NULL,'Smk ma\'arif 1 wates','Jl. Puntodewo Jl. Gadingan, Wates, Kec. Wates, Kabupaten Kulon Progo, Daerah Istimewa Yogyakarta 55651',NULL,NULL,NULL,NULL,NULL,NULL,NULL,NULL,NULL,NULL,NULL,'249/MH.08/DIR/VII/2025','Asyirudin achmad','2025-07-14','2025-09-01','2025-07-03 16:38:17','2025-07-04 10:50:38'),(37,154,1,1,'Ijin PKL',NULL,NULL,NULL,NULL,NULL,'DRW Skincare Purworejo','Jl. Jenderal Sudirman No.1, Krajan, Pangenjurutengah, Kec. Purworejo, Kabupaten Purworejo, Jawa Tengah 54111',NULL,NULL,NULL,NULL,NULL,NULL,NULL,NULL,NULL,NULL,NULL,'256/MH.08/DIR/VII/2025','Pimpinan DRW Skincare Purworjeo','2025-07-14','2025-09-15','2025-07-07 09:54:04','2025-07-08 13:12:39'),(38,73,1,1,'Ijin PKL',NULL,NULL,NULL,NULL,NULL,'RS Palang Biru Kutoarjo','Jl. Marditomo No. 17 Kutoarjo Purworejo',NULL,NULL,NULL,NULL,NULL,NULL,NULL,NULL,NULL,NULL,NULL,'249/MH.08/DIR/VII/2025','dr. Iwan Santoso, MPH','2025-07-14','2025-09-14','2025-07-07 23:58:32','2025-07-08 10:35:22'),(44,39,1,1,'Ijin PKL',NULL,NULL,NULL,NULL,NULL,'Ekidz Store','Jl. Gajah Mada No.KM.10, Dusun I, Besole, Kec. Bayan, Kabupaten Purworejo, Jawa Tengah 54223',NULL,NULL,NULL,NULL,NULL,NULL,NULL,NULL,NULL,NULL,NULL,'247/AP.08/DIR/VII/2025','Pimpinan','2025-07-14','2025-09-15','2025-07-09 12:35:52','2025-07-15 14:04:29'),(45,32,1,1,'Ijin PKL',NULL,NULL,NULL,NULL,NULL,'Ekidz','Krandegan, Bleber, RT 001 RW 004 No 2, Krandegan, Kec. Bayan, Kabupaten Purworejo, Jawa Tengah 54224',NULL,NULL,NULL,NULL,NULL,NULL,NULL,NULL,NULL,NULL,NULL,'223/AP.08/DIR/VI/2025','Pimpinan','2025-07-14','2025-07-12','2025-07-09 13:54:12','2025-07-15 14:04:19'),(47,39,1,1,'Ijin PKL',NULL,NULL,NULL,NULL,NULL,'Ekidz Store','Krandegan, Bleber, RT 001 RW 004 No 2, Krandegan, Kec. Bayan, Kabupaten Purworejo, Jawa Tengah 54224',NULL,NULL,NULL,NULL,NULL,NULL,NULL,NULL,NULL,NULL,NULL,'226/AP.08/DIR/VI/2025','Pimpinan','2025-07-14','2025-09-15','2025-07-09 14:10:53','2025-07-15 14:04:08'),(48,39,1,1,'Ijin PKL',NULL,NULL,NULL,NULL,NULL,'Ekidz Store','Jl. Gajah Mada No.KM.10, Dusun I, Besole, Kec. Bayan, Kabupaten Purworejo, Jawa Tengah 54223',NULL,NULL,NULL,NULL,NULL,NULL,NULL,NULL,NULL,NULL,NULL,'251/AP.08/DIR/VI/2025','Pimpinan','2025-07-14','2025-09-15','2025-07-15 09:44:45','2025-07-15 13:56:12'),(50,157,1,1,'Ijin PKL',NULL,NULL,NULL,NULL,NULL,'DINAS SOSIAL, PENGENDALIAN PENDUDUK, DAN KELUARGA BERENCANA KABUPATEN PURWOREJO','Jalan Ir. H. Juanda Purworejo',NULL,NULL,NULL,NULL,NULL,NULL,NULL,NULL,NULL,NULL,NULL,'260/AP.08/DIR/VII/2025','AHMAT JAINUDIN, S.IP, MM','2025-07-01','2025-08-31','2025-07-16 09:32:46','2025-07-16 13:20:46'),(51,230,0,0,'Ijin PKL',NULL,NULL,NULL,NULL,NULL,'PDAM Tirta Perwitasari','Jl. Jenderal Sudirman No.101,  Pangenjurutengah, Kec. Purworejo, Kab. Purworejo, Prop. Jawa Tengah 54114',NULL,NULL,NULL,NULL,NULL,NULL,NULL,NULL,NULL,NULL,NULL,NULL,'Hermawan Wahyu Utomo','2025-08-01','2025-10-01','2025-07-17 15:33:11','2025-07-17 15:33:11'),(52,35,1,1,'Ijin PKL',NULL,NULL,NULL,NULL,NULL,'Primkopol Polres Purworejo','-',NULL,NULL,NULL,NULL,NULL,NULL,NULL,NULL,NULL,NULL,NULL,'225/AP.08/DIR/VI/2025','Ketua Primkopol Polres Purworejo','2025-07-21','2025-09-12','2025-07-18 13:25:30','2025-07-21 10:24:01'),(53,33,1,1,'Ijin PKL',NULL,NULL,NULL,NULL,NULL,'BPJS Kesehatan Kab Purworejo','Jl. Tentara Pelajar No.158, Rw. II, Kledung Kradenan, Kec. Banyuurip, Kabupaten Purworejo, Jawa Tengah 54114',NULL,NULL,NULL,NULL,NULL,NULL,NULL,NULL,NULL,NULL,NULL,'253/AP.08/DIR/VII/2025','Kepala BPJS Kesehatan Kab Purworejo','2025-07-28','2025-09-15','2025-07-20 20:24:35','2025-07-21 10:30:05'),(54,36,1,1,'Ijin PKL',NULL,NULL,NULL,NULL,NULL,'BPJS Kesehatan Kabupaten Purworejo','Jl. Tentara Pelajar No.158, Rw. II, Kledung Kradenan, Kec. Banyuurip, Kabupaten Purworejo, Jawa Tengah 54114',NULL,NULL,NULL,NULL,NULL,NULL,NULL,NULL,NULL,NULL,NULL,'225/AP.08/DIR/VI/2025','Kepala BPJS Kesehatan Kabupaten Purworejo','2025-07-28','2025-09-15','2025-07-21 09:49:24','2025-07-21 10:34:37'),(55,68,0,0,'Ijin PKL',NULL,NULL,NULL,NULL,NULL,'kantor pos','Jalan Jenderal Ahmad Yani Nomor 2, Kutoarjo, Kabupaten Purworejo, Jawa Tengah, 54111',NULL,NULL,NULL,NULL,NULL,NULL,NULL,NULL,NULL,NULL,NULL,NULL,'Kantor pos cabang','2025-08-01','2025-09-01','2025-07-29 11:04:44','2025-07-29 11:04:44'),(56,68,1,1,'Ijin PKL',NULL,NULL,NULL,NULL,NULL,'kantor pos','Jalan Jenderal Ahmad Yani Nomor 2, Kutoarjo, Kabupaten Purworejo, Jawa Tengah, 54111',NULL,NULL,NULL,NULL,NULL,NULL,NULL,NULL,NULL,NULL,NULL,'270/MH.08/DIR/VII/2025','Kantor pos cabang','2025-08-01','2025-09-01','2025-07-29 11:04:55','2025-07-29 12:38:59'),(57,68,1,0,'Ijin PKL',NULL,NULL,NULL,NULL,NULL,'kantor pos','Jalan Jenderal Ahmad Yani Nomor 2, Kutoarjo, Kabupaten Purworejo, Jawa Tengah, 54111',NULL,NULL,NULL,NULL,NULL,NULL,NULL,NULL,NULL,NULL,NULL,NULL,'Kantor pos cabang','2025-08-01','2025-09-01','2025-07-29 11:05:09','2025-07-29 12:36:15'),(58,68,0,0,'Ijin PKL',NULL,NULL,NULL,NULL,NULL,'kantor pos','Jalan Jenderal Ahmad Yani Nomor 2, Kutoarjo, Kabupaten Purworejo, Jawa Tengah, 54111',NULL,NULL,NULL,NULL,NULL,NULL,NULL,NULL,NULL,NULL,NULL,NULL,'Kantor pos cabang','2025-08-01','2025-09-01','2025-07-29 11:05:28','2025-07-29 11:05:28'),(59,68,1,0,'Ijin PKL',NULL,NULL,NULL,NULL,NULL,'kantor pos','Jalan Jenderal Ahmad Yani Nomor 2, Kutoarjo, Kabupaten Purworejo, Jawa Tengah, 54111',NULL,NULL,NULL,NULL,NULL,NULL,NULL,NULL,NULL,NULL,NULL,NULL,'Kantor pos cabang','2025-08-01','2025-09-01','2025-07-29 11:05:41','2025-07-29 12:35:39'),(60,68,0,0,'Ijin PKL',NULL,NULL,NULL,NULL,NULL,'KANTOR POS','Jalan Jenderal Ahmad Yani Nomor 2, Kutoarjo, Kabupaten Purworejo, Jawa Tengah, 54111',NULL,NULL,NULL,NULL,NULL,NULL,NULL,NULL,NULL,NULL,NULL,NULL,'KANTOR POS CABANG','2025-08-01','2025-09-01','2025-07-29 12:36:19','2025-07-29 12:36:19'),(61,37,0,0,'Mengundurkan Diri',NULL,NULL,NULL,NULL,NULL,NULL,NULL,NULL,NULL,NULL,NULL,NULL,NULL,NULL,NULL,NULL,NULL,NULL,NULL,NULL,NULL,NULL,'2025-08-19 14:28:00','2025-08-19 14:28:00');
/*!40000 ALTER TABLE `permohonan_surats` ENABLE KEYS */;
UNLOCK TABLES;

--
-- Table structure for table `personal_access_tokens`
--

DROP TABLE IF EXISTS `personal_access_tokens`;
/*!40101 SET @saved_cs_client     = @@character_set_client */;
/*!50503 SET character_set_client = utf8mb4 */;
CREATE TABLE `personal_access_tokens` (
  `id` bigint unsigned NOT NULL AUTO_INCREMENT,
  `tokenable_type` varchar(255) COLLATE utf8mb4_unicode_ci NOT NULL,
  `tokenable_id` bigint unsigned NOT NULL,
  `name` varchar(255) COLLATE utf8mb4_unicode_ci NOT NULL,
  `token` varchar(64) COLLATE utf8mb4_unicode_ci NOT NULL,
  `abilities` text COLLATE utf8mb4_unicode_ci,
  `last_used_at` timestamp NULL DEFAULT NULL,
  `expires_at` timestamp NULL DEFAULT NULL,
  `created_at` timestamp NULL DEFAULT NULL,
  `updated_at` timestamp NULL DEFAULT NULL,
  PRIMARY KEY (`id`),
  UNIQUE KEY `personal_access_tokens_token_unique` (`token`),
  KEY `personal_access_tokens_tokenable_type_tokenable_id_index` (`tokenable_type`,`tokenable_id`)
) ENGINE=InnoDB DEFAULT CHARSET=utf8mb4 COLLATE=utf8mb4_unicode_ci;
/*!40101 SET character_set_client = @saved_cs_client */;

--
-- Dumping data for table `personal_access_tokens`
--

LOCK TABLES `personal_access_tokens` WRITE;
/*!40000 ALTER TABLE `personal_access_tokens` DISABLE KEYS */;
/*!40000 ALTER TABLE `personal_access_tokens` ENABLE KEYS */;
UNLOCK TABLES;

--
-- Table structure for table `prodi`
--

DROP TABLE IF EXISTS `prodi`;
/*!40101 SET @saved_cs_client     = @@character_set_client */;
/*!50503 SET character_set_client = utf8mb4 */;
CREATE TABLE `prodi` (
  `id` bigint unsigned NOT NULL AUTO_INCREMENT,
  `nama_prodi` varchar(255) COLLATE utf8mb4_unicode_ci NOT NULL,
  `singkatan` varchar(255) COLLATE utf8mb4_unicode_ci NOT NULL,
  `kode_prodi` varchar(255) COLLATE utf8mb4_unicode_ci NOT NULL,
  `jenjang` varchar(255) COLLATE utf8mb4_unicode_ci NOT NULL,
  `alias_nama` varchar(255) COLLATE utf8mb4_unicode_ci NOT NULL,
  `alias_jenjang` varchar(255) COLLATE utf8mb4_unicode_ci NOT NULL,
  `deleted_at` timestamp NULL DEFAULT NULL,
  `created_at` timestamp NULL DEFAULT NULL,
  `updated_at` timestamp NULL DEFAULT NULL,
  PRIMARY KEY (`id`)
) ENGINE=InnoDB AUTO_INCREMENT=6 DEFAULT CHARSET=utf8mb4 COLLATE=utf8mb4_unicode_ci;
/*!40101 SET character_set_client = @saved_cs_client */;

--
-- Dumping data for table `prodi`
--

LOCK TABLES `prodi` WRITE;
/*!40000 ALTER TABLE `prodi` DISABLE KEYS */;
INSERT INTO `prodi` VALUES (1,'Teknik Informatika','TI','55401','D3','Information Thecnical','Dhiploma tree',NULL,'2025-02-04 15:38:22','2025-02-04 18:49:27'),(2,'Akuntansi','AK','62401','D3','Acounting','Dhiploma tree',NULL,'2025-02-04 15:38:22','2025-02-04 18:49:44'),(3,'Administrasi Bisnis','AB','63411','D3','Buisness Administration','Dhiploma tree',NULL,'2025-02-04 15:38:22','2025-02-04 18:49:59'),(4,'Bisnis Digital','BD','61316','D4/S1','Digital Business','Diploma 4',NULL,'2025-02-04 18:53:14','2025-02-04 18:53:14'),(5,'Teknologi Rekayasa Perangkat Lunak','TRPL','58302','D4/S1','Software Engineering Technology','Diploma 4',NULL,'2025-02-04 18:54:02','2025-02-04 18:54:02');
/*!40000 ALTER TABLE `prodi` ENABLE KEYS */;
UNLOCK TABLES;

--
-- Table structure for table `request_edit_presensis`
--

DROP TABLE IF EXISTS `request_edit_presensis`;
/*!40101 SET @saved_cs_client     = @@character_set_client */;
/*!50503 SET character_set_client = utf8mb4 */;
CREATE TABLE `request_edit_presensis` (
  `id` bigint unsigned NOT NULL AUTO_INCREMENT,
  `jadwal_id` bigint unsigned NOT NULL,
  `pertemuan` int NOT NULL,
  `disetujui` tinyint(1) NOT NULL DEFAULT '0',
  `status` tinyint(1) NOT NULL DEFAULT '0',
  `created_at` timestamp NULL DEFAULT NULL,
  `updated_at` timestamp NULL DEFAULT NULL,
  PRIMARY KEY (`id`),
  KEY `request_edit_presensis_jadwal_id_foreign` (`jadwal_id`),
  CONSTRAINT `request_edit_presensis_jadwal_id_foreign` FOREIGN KEY (`jadwal_id`) REFERENCES `jadwals` (`id`) ON DELETE CASCADE
) ENGINE=InnoDB DEFAULT CHARSET=utf8mb4 COLLATE=utf8mb4_unicode_ci;
/*!40101 SET character_set_client = @saved_cs_client */;

--
-- Dumping data for table `request_edit_presensis`
--

LOCK TABLES `request_edit_presensis` WRITE;
/*!40000 ALTER TABLE `request_edit_presensis` DISABLE KEYS */;
/*!40000 ALTER TABLE `request_edit_presensis` ENABLE KEYS */;
UNLOCK TABLES;

--
-- Table structure for table `resumes`
--

DROP TABLE IF EXISTS `resumes`;
/*!40101 SET @saved_cs_client     = @@character_set_client */;
/*!50503 SET character_set_client = utf8mb4 */;
CREATE TABLE `resumes` (
  `id` bigint unsigned NOT NULL AUTO_INCREMENT,
  `tanggal` date NOT NULL,
  `waktu` time NOT NULL,
  `tahun` varchar(255) COLLATE utf8mb4_unicode_ci NOT NULL,
  `materi` varchar(255) COLLATE utf8mb4_unicode_ci NOT NULL,
  `pertemuan` int NOT NULL,
  `dosens_id` bigint unsigned NOT NULL,
  `matkuls_id` bigint unsigned NOT NULL,
  `jadwals_id` bigint unsigned NOT NULL,
  `prodis_id` bigint unsigned NOT NULL,
  `kelas_id` bigint unsigned NOT NULL,
  `tidak_hadir` int NOT NULL,
  `hadir` int NOT NULL,
  `setuju_wadir` tinyint(1) NOT NULL DEFAULT '0',
  `setuju_kaprodi` tinyint(1) NOT NULL DEFAULT '0',
  `created_at` timestamp NULL DEFAULT NULL,
  `updated_at` timestamp NULL DEFAULT NULL,
  PRIMARY KEY (`id`)
) ENGINE=InnoDB AUTO_INCREMENT=4 DEFAULT CHARSET=utf8mb4 COLLATE=utf8mb4_unicode_ci;
/*!40101 SET character_set_client = @saved_cs_client */;

--
-- Dumping data for table `resumes`
--

LOCK TABLES `resumes` WRITE;
/*!40000 ALTER TABLE `resumes` DISABLE KEYS */;
INSERT INTO `resumes` VALUES (1,'2025-03-17','13:25:10','2024/2025','kontrak, pembahasan Tema Projek',1,6,28,14,1,4,0,3,0,0,'2025-03-17 13:25:10','2025-03-17 13:51:15'),(2,'2025-03-18','11:28:49','2024/2025','kontrak; VMware; Mikrotik',1,6,16,39,1,2,0,2,0,0,'2025-03-18 11:28:49','2025-03-18 11:28:49'),(3,'2025-03-19','12:36:23','2024/2025','kontrak, pembahasan Tema Projek',1,6,21,85,1,2,0,9,0,0,'2025-03-19 12:36:23','2025-03-19 12:36:23');
/*!40000 ALTER TABLE `resumes` ENABLE KEYS */;
UNLOCK TABLES;

--
-- Table structure for table `ruangans`
--

DROP TABLE IF EXISTS `ruangans`;
/*!40101 SET @saved_cs_client     = @@character_set_client */;
/*!50503 SET character_set_client = utf8mb4 */;
CREATE TABLE `ruangans` (
  `id` bigint unsigned NOT NULL AUTO_INCREMENT,
  `nama` varchar(255) COLLATE utf8mb4_unicode_ci NOT NULL,
  `deleted_at` timestamp NULL DEFAULT NULL,
  `created_at` timestamp NULL DEFAULT NULL,
  `updated_at` timestamp NULL DEFAULT NULL,
  PRIMARY KEY (`id`)
) ENGINE=InnoDB AUTO_INCREMENT=12 DEFAULT CHARSET=utf8mb4 COLLATE=utf8mb4_unicode_ci;
/*!40101 SET character_set_client = @saved_cs_client */;

--
-- Dumping data for table `ruangans`
--

LOCK TABLES `ruangans` WRITE;
/*!40000 ALTER TABLE `ruangans` DISABLE KEYS */;
INSERT INTO `ruangans` VALUES (1,'LS.1',NULL,'2025-02-04 15:38:22','2025-02-04 18:54:52'),(2,'LS 2',NULL,'2025-02-04 15:38:22','2025-02-04 18:55:04'),(3,'LS 3',NULL,'2025-02-04 15:38:22','2025-02-04 18:55:12'),(4,'A.1.1',NULL,'2025-02-04 15:38:22','2025-02-04 18:55:24'),(5,'A.1.2',NULL,'2025-02-04 15:38:22','2025-02-04 18:55:41'),(6,'B.2.0',NULL,'2025-02-04 15:38:22','2025-02-04 18:56:05'),(7,'B.2.1',NULL,'2025-02-04 18:56:20','2025-02-04 18:56:20'),(8,'Mawar',NULL,'2025-02-04 18:56:30','2025-02-04 18:56:30'),(9,'C.2.0',NULL,'2025-02-04 18:56:43','2025-02-27 10:07:40'),(10,'AULA 1',NULL,'2025-07-08 13:22:52','2025-07-08 13:22:52'),(11,'AULA 2',NULL,'2025-07-08 13:23:01','2025-07-08 13:23:01');
/*!40000 ALTER TABLE `ruangans` ENABLE KEYS */;
UNLOCK TABLES;

--
-- Table structure for table `semesters`
--

DROP TABLE IF EXISTS `semesters`;
/*!40101 SET @saved_cs_client     = @@character_set_client */;
/*!50503 SET character_set_client = utf8mb4 */;
CREATE TABLE `semesters` (
  `id` bigint unsigned NOT NULL AUTO_INCREMENT,
  `semester` int NOT NULL,
  `status` int NOT NULL,
  `deleted_at` timestamp NULL DEFAULT NULL,
  `created_at` timestamp NULL DEFAULT NULL,
  `updated_at` timestamp NULL DEFAULT NULL,
  PRIMARY KEY (`id`)
) ENGINE=InnoDB AUTO_INCREMENT=16 DEFAULT CHARSET=utf8mb4 COLLATE=utf8mb4_unicode_ci;
/*!40101 SET character_set_client = @saved_cs_client */;

--
-- Dumping data for table `semesters`
--

LOCK TABLES `semesters` WRITE;
/*!40000 ALTER TABLE `semesters` DISABLE KEYS */;
INSERT INTO `semesters` VALUES (1,1,0,'2025-08-27 10:59:18','2025-02-04 15:38:22','2025-08-27 10:59:18'),(2,12,1,'2025-02-06 08:48:13','2025-02-04 15:38:22','2025-02-06 08:48:13'),(3,3,0,'2025-08-27 10:59:37','2025-02-04 15:38:22','2025-08-27 10:59:37'),(4,4,0,NULL,'2025-02-04 15:38:22','2025-08-27 10:53:03'),(5,5,0,'2025-08-27 10:59:47','2025-02-04 15:38:22','2025-08-27 10:59:47'),(6,6,0,NULL,'2025-02-04 15:38:22','2025-08-27 10:53:03'),(7,7,0,'2025-08-27 10:59:58','2025-02-04 15:38:22','2025-08-27 10:59:58'),(8,8,0,NULL,'2025-02-04 15:38:22','2025-08-27 10:53:03'),(9,2,0,NULL,'2025-02-05 08:35:59','2025-08-27 10:53:03'),(10,9,0,NULL,'2025-02-05 08:36:37','2025-08-27 11:00:03'),(11,3,1,'2025-08-27 10:57:14','2025-08-27 10:56:50','2025-08-27 10:57:14'),(12,1,1,NULL,'2025-08-27 10:59:23','2025-08-27 10:59:23'),(13,3,1,NULL,'2025-08-27 10:59:43','2025-08-27 10:59:43'),(14,5,1,NULL,'2025-08-27 10:59:53','2025-08-27 10:59:53'),(15,7,1,NULL,'2025-08-27 11:00:03','2025-08-27 11:00:03');
/*!40000 ALTER TABLE `semesters` ENABLE KEYS */;
UNLOCK TABLES;

--
-- Table structure for table `settings`
--

DROP TABLE IF EXISTS `settings`;
/*!40101 SET @saved_cs_client     = @@character_set_client */;
/*!50503 SET character_set_client = utf8mb4 */;
CREATE TABLE `settings` (
  `id` bigint unsigned NOT NULL AUTO_INCREMENT,
  `key` varchar(255) COLLATE utf8mb4_unicode_ci NOT NULL,
  `value` tinyint(1) NOT NULL DEFAULT '0',
  `created_at` timestamp NULL DEFAULT NULL,
  `updated_at` timestamp NULL DEFAULT NULL,
  PRIMARY KEY (`id`),
  UNIQUE KEY `settings_key_unique` (`key`)
) ENGINE=InnoDB AUTO_INCREMENT=2 DEFAULT CHARSET=utf8mb4 COLLATE=utf8mb4_unicode_ci;
/*!40101 SET character_set_client = @saved_cs_client */;

--
-- Dumping data for table `settings`
--

LOCK TABLES `settings` WRITE;
/*!40000 ALTER TABLE `settings` DISABLE KEYS */;
INSERT INTO `settings` VALUES (1,'daily_schedule',0,NULL,NULL);
/*!40000 ALTER TABLE `settings` ENABLE KEYS */;
UNLOCK TABLES;

--
-- Table structure for table `tahun_akademiks`
--

DROP TABLE IF EXISTS `tahun_akademiks`;
/*!40101 SET @saved_cs_client     = @@character_set_client */;
/*!50503 SET character_set_client = utf8mb4 */;
CREATE TABLE `tahun_akademiks` (
  `id` bigint unsigned NOT NULL AUTO_INCREMENT,
  `tahun_akademik` varchar(255) COLLATE utf8mb4_unicode_ci NOT NULL,
  `status` int NOT NULL,
  `deleted_at` timestamp NULL DEFAULT NULL,
  `created_at` timestamp NULL DEFAULT NULL,
  `updated_at` timestamp NULL DEFAULT NULL,
  PRIMARY KEY (`id`)
) ENGINE=InnoDB AUTO_INCREMENT=5 DEFAULT CHARSET=utf8mb4 COLLATE=utf8mb4_unicode_ci;
/*!40101 SET character_set_client = @saved_cs_client */;

--
-- Dumping data for table `tahun_akademiks`
--

LOCK TABLES `tahun_akademiks` WRITE;
/*!40000 ALTER TABLE `tahun_akademiks` DISABLE KEYS */;
INSERT INTO `tahun_akademiks` VALUES (1,'2024/2025',0,NULL,'2025-02-04 15:38:22','2025-08-27 10:53:12'),(2,'2025/2026',1,NULL,'2025-02-04 15:38:22','2025-08-27 10:53:23'),(3,'2024/2027',0,NULL,'2025-02-04 15:38:22','2025-02-04 15:38:22'),(4,'2024/2028',0,NULL,'2025-02-04 15:38:22','2025-02-04 15:38:22');
/*!40000 ALTER TABLE `tahun_akademiks` ENABLE KEYS */;
UNLOCK TABLES;

--
-- Table structure for table `uas`
--

DROP TABLE IF EXISTS `uas`;
/*!40101 SET @saved_cs_client     = @@character_set_client */;
/*!50503 SET character_set_client = utf8mb4 */;
CREATE TABLE `uas` (
  `id` bigint unsigned NOT NULL AUTO_INCREMENT,
  `mahasiswa_id` bigint unsigned NOT NULL,
  `matkul_id` bigint unsigned NOT NULL,
  `kelas_id` bigint unsigned NOT NULL,
  `jadwal_id` bigint unsigned NOT NULL,
  `nilai` double(8,2) NOT NULL,
  `setuju` tinyint(1) NOT NULL DEFAULT '0',
  `created_at` timestamp NULL DEFAULT NULL,
  `updated_at` timestamp NULL DEFAULT NULL,
  PRIMARY KEY (`id`)
) ENGINE=InnoDB DEFAULT CHARSET=utf8mb4 COLLATE=utf8mb4_unicode_ci;
/*!40101 SET character_set_client = @saved_cs_client */;

--
-- Dumping data for table `uas`
--

LOCK TABLES `uas` WRITE;
/*!40000 ALTER TABLE `uas` DISABLE KEYS */;
/*!40000 ALTER TABLE `uas` ENABLE KEYS */;
UNLOCK TABLES;

--
-- Table structure for table `users`
--

DROP TABLE IF EXISTS `users`;
/*!40101 SET @saved_cs_client     = @@character_set_client */;
/*!50503 SET character_set_client = utf8mb4 */;
CREATE TABLE `users` (
  `id` bigint unsigned NOT NULL AUTO_INCREMENT,
  `nama_lengkap` varchar(255) COLLATE utf8mb4_unicode_ci NOT NULL,
  `nidn` varchar(255) COLLATE utf8mb4_unicode_ci DEFAULT '-',
  `email` varchar(255) COLLATE utf8mb4_unicode_ci NOT NULL,
  `nomor_wa` varchar(255) COLLATE utf8mb4_unicode_ci NOT NULL,
  `password` varchar(255) COLLATE utf8mb4_unicode_ci NOT NULL,
  `id_role` varchar(255) COLLATE utf8mb4_unicode_ci NOT NULL,
  `remember_token` varchar(100) COLLATE utf8mb4_unicode_ci DEFAULT NULL,
  `created_at` timestamp NULL DEFAULT NULL,
  `updated_at` timestamp NULL DEFAULT NULL,
  PRIMARY KEY (`id`)
) ENGINE=InnoDB DEFAULT CHARSET=utf8mb4 COLLATE=utf8mb4_unicode_ci;
/*!40101 SET character_set_client = @saved_cs_client */;

--
-- Dumping data for table `users`
--

LOCK TABLES `users` WRITE;
/*!40000 ALTER TABLE `users` DISABLE KEYS */;
/*!40000 ALTER TABLE `users` ENABLE KEYS */;
UNLOCK TABLES;

--
-- Table structure for table `uts`
--

DROP TABLE IF EXISTS `uts`;
/*!40101 SET @saved_cs_client     = @@character_set_client */;
/*!50503 SET character_set_client = utf8mb4 */;
CREATE TABLE `uts` (
  `id` bigint unsigned NOT NULL AUTO_INCREMENT,
  `mahasiswa_id` bigint unsigned NOT NULL,
  `matkul_id` bigint unsigned NOT NULL,
  `kelas_id` bigint unsigned NOT NULL,
  `jadwal_id` bigint unsigned NOT NULL,
  `nilai` double(8,2) NOT NULL,
  `setuju` tinyint(1) NOT NULL DEFAULT '0',
  `created_at` timestamp NULL DEFAULT NULL,
  `updated_at` timestamp NULL DEFAULT NULL,
  PRIMARY KEY (`id`)
) ENGINE=InnoDB DEFAULT CHARSET=utf8mb4 COLLATE=utf8mb4_unicode_ci;
/*!40101 SET character_set_client = @saved_cs_client */;

--
-- Dumping data for table `uts`
--

LOCK TABLES `uts` WRITE;
/*!40000 ALTER TABLE `uts` DISABLE KEYS */;
/*!40000 ALTER TABLE `uts` ENABLE KEYS */;
UNLOCK TABLES;

--
-- Table structure for table `wadirs`
--

DROP TABLE IF EXISTS `wadirs`;
/*!40101 SET @saved_cs_client     = @@character_set_client */;
/*!50503 SET character_set_client = utf8mb4 */;
CREATE TABLE `wadirs` (
  `id` bigint unsigned NOT NULL AUTO_INCREMENT,
  `nama` varchar(255) COLLATE utf8mb4_unicode_ci NOT NULL,
  `no` int NOT NULL,
  `no_telephone` varchar(255) COLLATE utf8mb4_unicode_ci NOT NULL,
  `status` int NOT NULL,
  `email` varchar(255) COLLATE utf8mb4_unicode_ci NOT NULL,
  `password` varchar(255) COLLATE utf8mb4_unicode_ci NOT NULL,
  `is_first_login` tinyint(1) NOT NULL DEFAULT '1',
  `created_at` timestamp NULL DEFAULT NULL,
  `updated_at` timestamp NULL DEFAULT NULL,
  `dosens_id` bigint unsigned NOT NULL,
  PRIMARY KEY (`id`),
  KEY `wadirs_dosens_id_foreign` (`dosens_id`),
  CONSTRAINT `wadirs_dosens_id_foreign` FOREIGN KEY (`dosens_id`) REFERENCES `dosens` (`id`) ON DELETE CASCADE
) ENGINE=InnoDB AUTO_INCREMENT=2 DEFAULT CHARSET=utf8mb4 COLLATE=utf8mb4_unicode_ci;
/*!40101 SET character_set_client = @saved_cs_client */;

--
-- Dumping data for table `wadirs`
--

LOCK TABLES `wadirs` WRITE;
/*!40000 ALTER TABLE `wadirs` DISABLE KEYS */;
INSERT INTO `wadirs` VALUES (1,'Caecilia Rosma W. S.E, M.Si., Ak.',1,'08122671465',1,'caecilia.ak@polsa.ac.id','$2y$10$vcjXBy04Ms5mtX9RqQDPsOlwYG4wrBu1Z.uhAyGTOG.T.JVKCoxuu',0,'2025-03-13 11:30:21','2025-03-17 13:47:27',5);
/*!40000 ALTER TABLE `wadirs` ENABLE KEYS */;
UNLOCK TABLES;
/*!40103 SET TIME_ZONE=@OLD_TIME_ZONE */;

/*!40101 SET SQL_MODE=@OLD_SQL_MODE */;
/*!40014 SET FOREIGN_KEY_CHECKS=@OLD_FOREIGN_KEY_CHECKS */;
/*!40014 SET UNIQUE_CHECKS=@OLD_UNIQUE_CHECKS */;
/*!40101 SET CHARACTER_SET_CLIENT=@OLD_CHARACTER_SET_CLIENT */;
/*!40101 SET CHARACTER_SET_RESULTS=@OLD_CHARACTER_SET_RESULTS */;
/*!40101 SET COLLATION_CONNECTION=@OLD_COLLATION_CONNECTION */;
/*!40111 SET SQL_NOTES=@OLD_SQL_NOTES */;

-- Dump completed on 2025-09-11  8:14:46
